source,appendix,lake,station,season,sample_date_1971,depth_m,characteristic,value_as_printed,unit_as_printed,value_as_P,below_detection,not_determined,raw_text
"CA-BC Okanagan Basin Agreement 1974, Tech. Supplement V",C-1,Wood Lake,1,APRIL,1971-04-13,1,NO3,0.01,mg/L,,TRUE,FALSE,<0.01
"CA-BC Okanagan Basin Agreement 1974, Tech. Supplement V",C-1,Wood Lake,1,APRIL,1971-04-13,1,TKN,0.57,mg/L,,FALSE,FALSE,0.57
"CA-BC Okanagan Basin Agreement 1974, Tech. Supplement V",C-1,Wood Lake,1,APRIL,1971-04-13,1,o-PO4,0.08,mg/L as PO4,0.02609,FALSE,FALSE,0.08
"CA-BC Okanagan Basin Agreement 1974, Tech. Supplement V",C-1,Wood Lake,1,APRIL,1971-04-13,1,t-PO4,0.26,mg/L as PO4,0.0848,FALSE,FALSE,0.26
"CA-BC Okanagan Basin Agreement 1974, Tech. Supplement V",C-1,Wood Lake,1,APRIL,1971-04-13,1,SiO2,4.9,mg/L,,FALSE,FALSE,4.9
"CA-BC Okanagan Basin Agreement 1974, Tech. Supplement V",C-1,Wood Lake,1,APRIL,1971-04-13,5,NO3,0.01,mg/L,,TRUE,FALSE,<0.01
"CA-BC Okanagan Basin Agreement 1974, Tech. Supplement V",C-1,Wood Lake,1,APRIL,1971-04-13,5,TKN,0.65,mg/L,,FALSE,FALSE,0.65
"CA-BC Okanagan Basin Agreement 1974, Tech. Supplement V",C-1,Wood Lake,1,APRIL,1971-04-13,5,o-PO4,0.08,mg/L as PO4,0.02609,FALSE,FALSE,0.08
"CA-BC Okanagan Basin Agreement 1974, Tech. Supplement V",C-1,Wood Lake,1,APRIL,1971-04-13,5,t-PO4,0.26,mg/L as PO4,0.0848,FALSE,FALSE,0.26
"CA-BC Okanagan Basin Agreement 1974, Tech. Supplement V",C-1,Wood Lake,1,APRIL,1971-04-13,5,SiO2,4.8,mg/L,,FALSE,FALSE,4.8
"CA-BC Okanagan Basin Agreement 1974, Tech. Supplement V",C-1,Wood Lake,1,APRIL,1971-04-13,10,NO3,0.03,mg/L,,FALSE,FALSE,0.03
"CA-BC Okanagan Basin Agreement 1974, Tech. Supplement V",C-1,Wood Lake,1,APRIL,1971-04-13,10,TKN,0.57,mg/L,,FALSE,FALSE,0.57
"CA-BC Okanagan Basin Agreement 1974, Tech. Supplement V",C-1,Wood Lake,1,APRIL,1971-04-13,10,o-PO4,0.07,mg/L as PO4,0.02283,FALSE,FALSE,0.07
"CA-BC Okanagan Basin Agreement 1974, Tech. Supplement V",C-1,Wood Lake,1,APRIL,1971-04-13,10,t-PO4,0.26,mg/L as PO4,0.0848,FALSE,FALSE,0.26
"CA-BC Okanagan Basin Agreement 1974, Tech. Supplement V",C-1,Wood Lake,1,APRIL,1971-04-13,10,SiO2,5.0,mg/L,,FALSE,FALSE,5.0
"CA-BC Okanagan Basin Agreement 1974, Tech. Supplement V",C-1,Wood Lake,1,APRIL,1971-04-13,22,NO3,0.05,mg/L,,FALSE,FALSE,0.05
"CA-BC Okanagan Basin Agreement 1974, Tech. Supplement V",C-1,Wood Lake,1,APRIL,1971-04-13,22,TKN,0.54,mg/L,,FALSE,FALSE,0.54
"CA-BC Okanagan Basin Agreement 1974, Tech. Supplement V",C-1,Wood Lake,1,APRIL,1971-04-13,22,o-PO4,0.08,mg/L as PO4,0.02609,FALSE,FALSE,0.08
"CA-BC Okanagan Basin Agreement 1974, Tech. Supplement V",C-1,Wood Lake,1,APRIL,1971-04-13,22,t-PO4,0.28,mg/L as PO4,0.09132,FALSE,FALSE,0.28
"CA-BC Okanagan Basin Agreement 1974, Tech. Supplement V",C-1,Wood Lake,1,APRIL,1971-04-13,22,SiO2,5.0,mg/L,,FALSE,FALSE,5.0
"CA-BC Okanagan Basin Agreement 1974, Tech. Supplement V",C-1,Wood Lake,1,JUNE,1971-06-16,1,NO3,0.01,mg/L,,TRUE,FALSE,<0.01
"CA-BC Okanagan Basin Agreement 1974, Tech. Supplement V",C-1,Wood Lake,1,JUNE,1971-06-16,1,TKN,1.05,mg/L,,FALSE,FALSE,1.05
"CA-BC Okanagan Basin Agreement 1974, Tech. Supplement V",C-1,Wood Lake,1,JUNE,1971-06-16,1,o-PO4,0.01,mg/L as PO4,0.00326,FALSE,FALSE,0.01
"CA-BC Okanagan Basin Agreement 1974, Tech. Supplement V",C-1,Wood Lake,1,JUNE,1971-06-16,1,t-PO4,0.2,mg/L as PO4,0.06523,FALSE,FALSE,0.20
"CA-BC Okanagan Basin Agreement 1974, Tech. Supplement V",C-1,Wood Lake,1,JUNE,1971-06-16,1,SiO2,3.8,mg/L,,FALSE,FALSE,3.8
"CA-BC Okanagan Basin Agreement 1974, Tech. Supplement V",C-1,Wood Lake,1,JUNE,1971-06-16,5,NO3,0.01,mg/L,,TRUE,FALSE,<0.01
"CA-BC Okanagan Basin Agreement 1974, Tech. Supplement V",C-1,Wood Lake,1,JUNE,1971-06-16,5,TKN,1.05,mg/L,,FALSE,FALSE,1.05
"CA-BC Okanagan Basin Agreement 1974, Tech. Supplement V",C-1,Wood Lake,1,JUNE,1971-06-16,5,o-PO4,0.01,mg/L as PO4,0.00326,TRUE,FALSE,<0.01
"CA-BC Okanagan Basin Agreement 1974, Tech. Supplement V",C-1,Wood Lake,1,JUNE,1971-06-16,5,t-PO4,0.14,mg/L as PO4,0.04566,FALSE,FALSE,0.14
"CA-BC Okanagan Basin Agreement 1974, Tech. Supplement V",C-1,Wood Lake,1,JUNE,1971-06-16,5,SiO2,3.8,mg/L,,FALSE,FALSE,3.8
"CA-BC Okanagan Basin Agreement 1974, Tech. Supplement V",C-1,Wood Lake,1,JUNE,1971-06-16,10,NO3,0.01,mg/L,,TRUE,FALSE,<0.01
"CA-BC Okanagan Basin Agreement 1974, Tech. Supplement V",C-1,Wood Lake,1,JUNE,1971-06-16,10,TKN,0.82,mg/L,,FALSE,FALSE,0.82
"CA-BC Okanagan Basin Agreement 1974, Tech. Supplement V",C-1,Wood Lake,1,JUNE,1971-06-16,10,o-PO4,0.01,mg/L as PO4,0.00326,TRUE,FALSE,<0.01
"CA-BC Okanagan Basin Agreement 1974, Tech. Supplement V",C-1,Wood Lake,1,JUNE,1971-06-16,10,t-PO4,0.15,mg/L as PO4,0.04892,FALSE,FALSE,0.15
"CA-BC Okanagan Basin Agreement 1974, Tech. Supplement V",C-1,Wood Lake,1,JUNE,1971-06-16,10,SiO2,3.9,mg/L,,FALSE,FALSE,3.9
"CA-BC Okanagan Basin Agreement 1974, Tech. Supplement V",C-1,Wood Lake,1,JUNE,1971-06-16,15,NO3,0.01,mg/L,,TRUE,FALSE,<0.01
"CA-BC Okanagan Basin Agreement 1974, Tech. Supplement V",C-1,Wood Lake,1,JUNE,1971-06-16,15,TKN,0.8,mg/L,,FALSE,FALSE,0.80
"CA-BC Okanagan Basin Agreement 1974, Tech. Supplement V",C-1,Wood Lake,1,JUNE,1971-06-16,15,o-PO4,0.19,mg/L as PO4,0.06197,FALSE,FALSE,0.19
"CA-BC Okanagan Basin Agreement 1974, Tech. Supplement V",C-1,Wood Lake,1,JUNE,1971-06-16,15,t-PO4,0.38,mg/L as PO4,0.12394,FALSE,FALSE,0.38
"CA-BC Okanagan Basin Agreement 1974, Tech. Supplement V",C-1,Wood Lake,1,JUNE,1971-06-16,15,SiO2,4.2,mg/L,,FALSE,FALSE,4.2
"CA-BC Okanagan Basin Agreement 1974, Tech. Supplement V",C-1,Wood Lake,1,JUNE,1971-06-16,20,NO3,0.01,mg/L,,FALSE,FALSE,0.01
"CA-BC Okanagan Basin Agreement 1974, Tech. Supplement V",C-1,Wood Lake,1,JUNE,1971-06-16,20,TKN,2.03,mg/L,,FALSE,FALSE,2.03
"CA-BC Okanagan Basin Agreement 1974, Tech. Supplement V",C-1,Wood Lake,1,JUNE,1971-06-16,20,o-PO4,0.14,mg/L as PO4,0.04566,FALSE,FALSE,0.14
"CA-BC Okanagan Basin Agreement 1974, Tech. Supplement V",C-1,Wood Lake,1,JUNE,1971-06-16,20,t-PO4,0.29,mg/L as PO4,0.09459,FALSE,FALSE,0.29
"CA-BC Okanagan Basin Agreement 1974, Tech. Supplement V",C-1,Wood Lake,1,JUNE,1971-06-16,20,SiO2,4.3,mg/L,,FALSE,FALSE,4.3
"CA-BC Okanagan Basin Agreement 1974, Tech. Supplement V",C-1,Wood Lake,1,JUNE,1971-06-16,25,NO3,0.02,mg/L,,FALSE,FALSE,0.02
"CA-BC Okanagan Basin Agreement 1974, Tech. Supplement V",C-1,Wood Lake,1,JUNE,1971-06-16,25,TKN,0.77,mg/L,,FALSE,FALSE,0.77
"CA-BC Okanagan Basin Agreement 1974, Tech. Supplement V",C-1,Wood Lake,1,JUNE,1971-06-16,25,o-PO4,0.53,mg/L as PO4,0.17286,FALSE,FALSE,0.53
"CA-BC Okanagan Basin Agreement 1974, Tech. Supplement V",C-1,Wood Lake,1,JUNE,1971-06-16,25,t-PO4,0.62,mg/L as PO4,0.20222,FALSE,FALSE,0.62
"CA-BC Okanagan Basin Agreement 1974, Tech. Supplement V",C-1,Wood Lake,1,JUNE,1971-06-16,25,SiO2,5.0,mg/L,,FALSE,FALSE,5.0
"CA-BC Okanagan Basin Agreement 1974, Tech. Supplement V",C-1,Wood Lake,1,AUGUST,1971-08-16,1,NO3,0.01,mg/L,,TRUE,FALSE,<0.01
"CA-BC Okanagan Basin Agreement 1974, Tech. Supplement V",C-1,Wood Lake,1,AUGUST,1971-08-16,1,TKN,0.01,mg/L,,TRUE,FALSE,<0.01
"CA-BC Okanagan Basin Agreement 1974, Tech. Supplement V",C-1,Wood Lake,1,AUGUST,1971-08-16,1,o-PO4,0.01,mg/L as PO4,0.00326,TRUE,FALSE,<0.01
"CA-BC Okanagan Basin Agreement 1974, Tech. Supplement V",C-1,Wood Lake,1,AUGUST,1971-08-16,1,t-PO4,,mg/L as PO4,,FALSE,TRUE,ND
"CA-BC Okanagan Basin Agreement 1974, Tech. Supplement V",C-1,Wood Lake,1,AUGUST,1971-08-16,1,SiO2,4.8,mg/L,,FALSE,FALSE,4.8
"CA-BC Okanagan Basin Agreement 1974, Tech. Supplement V",C-1,Wood Lake,1,AUGUST,1971-08-16,5,NO3,0.01,mg/L,,TRUE,FALSE,<0.01
"CA-BC Okanagan Basin Agreement 1974, Tech. Supplement V",C-1,Wood Lake,1,AUGUST,1971-08-16,5,TKN,0.02,mg/L,,FALSE,FALSE,0.02
"CA-BC Okanagan Basin Agreement 1974, Tech. Supplement V",C-1,Wood Lake,1,AUGUST,1971-08-16,5,o-PO4,0.01,mg/L as PO4,0.00326,TRUE,FALSE,<0.01
"CA-BC Okanagan Basin Agreement 1974, Tech. Supplement V",C-1,Wood Lake,1,AUGUST,1971-08-16,5,t-PO4,,mg/L as PO4,,FALSE,TRUE,ND
"CA-BC Okanagan Basin Agreement 1974, Tech. Supplement V",C-1,Wood Lake,1,AUGUST,1971-08-16,5,SiO2,4.8,mg/L,,FALSE,FALSE,4.8
"CA-BC Okanagan Basin Agreement 1974, Tech. Supplement V",C-1,Wood Lake,1,AUGUST,1971-08-16,10,NO3,0.01,mg/L,,TRUE,FALSE,<0.01
"CA-BC Okanagan Basin Agreement 1974, Tech. Supplement V",C-1,Wood Lake,1,AUGUST,1971-08-16,10,TKN,0.13,mg/L,,FALSE,FALSE,0.13
"CA-BC Okanagan Basin Agreement 1974, Tech. Supplement V",C-1,Wood Lake,1,AUGUST,1971-08-16,10,o-PO4,0.01,mg/L as PO4,0.00326,TRUE,FALSE,<0.01
"CA-BC Okanagan Basin Agreement 1974, Tech. Supplement V",C-1,Wood Lake,1,AUGUST,1971-08-16,10,t-PO4,,mg/L as PO4,,FALSE,TRUE,ND
"CA-BC Okanagan Basin Agreement 1974, Tech. Supplement V",C-1,Wood Lake,1,AUGUST,1971-08-16,10,SiO2,4.9,mg/L,,FALSE,FALSE,4.9
"CA-BC Okanagan Basin Agreement 1974, Tech. Supplement V",C-1,Wood Lake,1,AUGUST,1971-08-16,15,NO3,0.01,mg/L,,TRUE,FALSE,<0.01
"CA-BC Okanagan Basin Agreement 1974, Tech. Supplement V",C-1,Wood Lake,1,AUGUST,1971-08-16,15,TKN,0.38,mg/L,,FALSE,FALSE,0.38
"CA-BC Okanagan Basin Agreement 1974, Tech. Supplement V",C-1,Wood Lake,1,AUGUST,1971-08-16,15,o-PO4,0.01,mg/L as PO4,0.00326,TRUE,FALSE,<0.01
"CA-BC Okanagan Basin Agreement 1974, Tech. Supplement V",C-1,Wood Lake,1,AUGUST,1971-08-16,15,t-PO4,0.28,mg/L as PO4,0.09132,FALSE,FALSE,0.28
"CA-BC Okanagan Basin Agreement 1974, Tech. Supplement V",C-1,Wood Lake,1,AUGUST,1971-08-16,15,SiO2,5.1,mg/L,,FALSE,FALSE,5.1
"CA-BC Okanagan Basin Agreement 1974, Tech. Supplement V",C-1,Wood Lake,1,AUGUST,1971-08-16,20,NO3,0.22,mg/L,,FALSE,FALSE,0.22
"CA-BC Okanagan Basin Agreement 1974, Tech. Supplement V",C-1,Wood Lake,1,AUGUST,1971-08-16,20,TKN,1.18,mg/L,,FALSE,FALSE,1.18
"CA-BC Okanagan Basin Agreement 1974, Tech. Supplement V",C-1,Wood Lake,1,AUGUST,1971-08-16,20,o-PO4,0.04,mg/L as PO4,0.01305,FALSE,FALSE,0.04
"CA-BC Okanagan Basin Agreement 1974, Tech. Supplement V",C-1,Wood Lake,1,AUGUST,1971-08-16,20,t-PO4,0.12,mg/L as PO4,0.03914,FALSE,FALSE,0.12
"CA-BC Okanagan Basin Agreement 1974, Tech. Supplement V",C-1,Wood Lake,1,AUGUST,1971-08-16,20,SiO2,5.5,mg/L,,FALSE,FALSE,5.5
"CA-BC Okanagan Basin Agreement 1974, Tech. Supplement V",C-1,Wood Lake,1,AUGUST,1971-08-16,28,NO3,0.08,mg/L,,FALSE,FALSE,0.08
"CA-BC Okanagan Basin Agreement 1974, Tech. Supplement V",C-1,Wood Lake,1,AUGUST,1971-08-16,28,TKN,0.66,mg/L,,FALSE,FALSE,0.66
"CA-BC Okanagan Basin Agreement 1974, Tech. Supplement V",C-1,Wood Lake,1,AUGUST,1971-08-16,28,o-PO4,0.29,mg/L as PO4,0.09459,FALSE,FALSE,0.29
"CA-BC Okanagan Basin Agreement 1974, Tech. Supplement V",C-1,Wood Lake,1,AUGUST,1971-08-16,28,t-PO4,0.49,mg/L as PO4,0.15982,FALSE,FALSE,0.49
"CA-BC Okanagan Basin Agreement 1974, Tech. Supplement V",C-1,Wood Lake,1,AUGUST,1971-08-16,28,SiO2,5.8,mg/L,,FALSE,FALSE,5.8
"CA-BC Okanagan Basin Agreement 1974, Tech. Supplement V",C-1,Wood Lake,1,OCTOBER,1971-10-14,1,NO3,0.01,mg/L,,TRUE,FALSE,<0.01
"CA-BC Okanagan Basin Agreement 1974, Tech. Supplement V",C-1,Wood Lake,1,OCTOBER,1971-10-14,1,TKN,0.38,mg/L,,FALSE,FALSE,0.38
"CA-BC Okanagan Basin Agreement 1974, Tech. Supplement V",C-1,Wood Lake,1,OCTOBER,1971-10-14,1,o-PO4,0.005,mg/L as PO4,0.00163,TRUE,FALSE,<0.005
"CA-BC Okanagan Basin Agreement 1974, Tech. Supplement V",C-1,Wood Lake,1,OCTOBER,1971-10-14,1,t-PO4,0.07,mg/L as PO4,0.02283,FALSE,FALSE,0.07
"CA-BC Okanagan Basin Agreement 1974, Tech. Supplement V",C-1,Wood Lake,1,OCTOBER,1971-10-14,1,SiO2,5.1,mg/L,,FALSE,FALSE,5.1
"CA-BC Okanagan Basin Agreement 1974, Tech. Supplement V",C-1,Wood Lake,1,OCTOBER,1971-10-14,10,NO3,0.01,mg/L,,TRUE,FALSE,<0.01
"CA-BC Okanagan Basin Agreement 1974, Tech. Supplement V",C-1,Wood Lake,1,OCTOBER,1971-10-14,10,TKN,0.43,mg/L,,FALSE,FALSE,0.43
"CA-BC Okanagan Basin Agreement 1974, Tech. Supplement V",C-1,Wood Lake,1,OCTOBER,1971-10-14,10,o-PO4,0.005,mg/L as PO4,0.00163,TRUE,FALSE,<0.005
"CA-BC Okanagan Basin Agreement 1974, Tech. Supplement V",C-1,Wood Lake,1,OCTOBER,1971-10-14,10,t-PO4,0.06,mg/L as PO4,0.01957,FALSE,FALSE,0.06
"CA-BC Okanagan Basin Agreement 1974, Tech. Supplement V",C-1,Wood Lake,1,OCTOBER,1971-10-14,10,SiO2,5.1,mg/L,,FALSE,FALSE,5.1
"CA-BC Okanagan Basin Agreement 1974, Tech. Supplement V",C-1,Wood Lake,1,OCTOBER,1971-10-14,15,NO3,0.01,mg/L,,TRUE,FALSE,<0.01
"CA-BC Okanagan Basin Agreement 1974, Tech. Supplement V",C-1,Wood Lake,1,OCTOBER,1971-10-14,15,TKN,0.39,mg/L,,FALSE,FALSE,0.39
"CA-BC Okanagan Basin Agreement 1974, Tech. Supplement V",C-1,Wood Lake,1,OCTOBER,1971-10-14,15,o-PO4,0.04,mg/L as PO4,0.01305,FALSE,FALSE,0.04
"CA-BC Okanagan Basin Agreement 1974, Tech. Supplement V",C-1,Wood Lake,1,OCTOBER,1971-10-14,15,t-PO4,0.08,mg/L as PO4,0.02609,FALSE,FALSE,0.08
"CA-BC Okanagan Basin Agreement 1974, Tech. Supplement V",C-1,Wood Lake,1,OCTOBER,1971-10-14,15,SiO2,5.6,mg/L,,FALSE,FALSE,5.6
"CA-BC Okanagan Basin Agreement 1974, Tech. Supplement V",C-1,Wood Lake,1,OCTOBER,1971-10-14,20,NO3,0.01,mg/L,,FALSE,FALSE,0.01
"CA-BC Okanagan Basin Agreement 1974, Tech. Supplement V",C-1,Wood Lake,1,OCTOBER,1971-10-14,20,TKN,0.74,mg/L,,FALSE,FALSE,0.74
"CA-BC Okanagan Basin Agreement 1974, Tech. Supplement V",C-1,Wood Lake,1,OCTOBER,1971-10-14,20,o-PO4,0.41,mg/L as PO4,0.13372,FALSE,FALSE,0.41
"CA-BC Okanagan Basin Agreement 1974, Tech. Supplement V",C-1,Wood Lake,1,OCTOBER,1971-10-14,20,t-PO4,0.55,mg/L as PO4,0.17939,FALSE,FALSE,0.55
"CA-BC Okanagan Basin Agreement 1974, Tech. Supplement V",C-1,Wood Lake,1,OCTOBER,1971-10-14,20,SiO2,6.1,mg/L,,FALSE,FALSE,6.1
"CA-BC Okanagan Basin Agreement 1974, Tech. Supplement V",C-1,Wood Lake,1,OCTOBER,1971-10-14,26,NO3,0.01,mg/L,,FALSE,FALSE,0.01
"CA-BC Okanagan Basin Agreement 1974, Tech. Supplement V",C-1,Wood Lake,1,OCTOBER,1971-10-14,26,TKN,3.82,mg/L,,FALSE,FALSE,3.82
"CA-BC Okanagan Basin Agreement 1974, Tech. Supplement V",C-1,Wood Lake,1,OCTOBER,1971-10-14,26,o-PO4,0.61,mg/L as PO4,0.19896,FALSE,FALSE,0.61
"CA-BC Okanagan Basin Agreement 1974, Tech. Supplement V",C-1,Wood Lake,1,OCTOBER,1971-10-14,26,t-PO4,0.76,mg/L as PO4,0.24788,FALSE,FALSE,0.76
"CA-BC Okanagan Basin Agreement 1974, Tech. Supplement V",C-1,Wood Lake,1,OCTOBER,1971-10-14,26,SiO2,6.4,mg/L,,FALSE,FALSE,6.4
"CA-BC Okanagan Basin Agreement 1974, Tech. Supplement V",C-1,Wood Lake,2,APRIL,1971-04-13,1,NO3,0.03,mg/L,,FALSE,FALSE,0.03
"CA-BC Okanagan Basin Agreement 1974, Tech. Supplement V",C-1,Wood Lake,2,APRIL,1971-04-13,1,TKN,0.46,mg/L,,FALSE,FALSE,0.46
"CA-BC Okanagan Basin Agreement 1974, Tech. Supplement V",C-1,Wood Lake,2,APRIL,1971-04-13,1,o-PO4,0.08,mg/L as PO4,0.02609,FALSE,FALSE,0.08
"CA-BC Okanagan Basin Agreement 1974, Tech. Supplement V",C-1,Wood Lake,2,APRIL,1971-04-13,1,t-PO4,0.28,mg/L as PO4,0.09132,FALSE,FALSE,0.28
"CA-BC Okanagan Basin Agreement 1974, Tech. Supplement V",C-1,Wood Lake,2,APRIL,1971-04-13,1,SiO2,4.8,mg/L,,FALSE,FALSE,4.8
"CA-BC Okanagan Basin Agreement 1974, Tech. Supplement V",C-1,Wood Lake,2,APRIL,1971-04-13,5,NO3,0.03,mg/L,,FALSE,FALSE,0.03
"CA-BC Okanagan Basin Agreement 1974, Tech. Supplement V",C-1,Wood Lake,2,APRIL,1971-04-13,5,TKN,0.52,mg/L,,FALSE,FALSE,0.52
"CA-BC Okanagan Basin Agreement 1974, Tech. Supplement V",C-1,Wood Lake,2,APRIL,1971-04-13,5,o-PO4,0.07,mg/L as PO4,0.02283,FALSE,FALSE,0.07
"CA-BC Okanagan Basin Agreement 1974, Tech. Supplement V",C-1,Wood Lake,2,APRIL,1971-04-13,5,t-PO4,0.29,mg/L as PO4,0.09459,FALSE,FALSE,0.29
"CA-BC Okanagan Basin Agreement 1974, Tech. Supplement V",C-1,Wood Lake,2,APRIL,1971-04-13,5,SiO2,4.8,mg/L,,FALSE,FALSE,4.8
"CA-BC Okanagan Basin Agreement 1974, Tech. Supplement V",C-1,Wood Lake,2,APRIL,1971-04-13,10,NO3,0.01,mg/L,,FALSE,FALSE,0.01
"CA-BC Okanagan Basin Agreement 1974, Tech. Supplement V",C-1,Wood Lake,2,APRIL,1971-04-13,10,TKN,0.54,mg/L,,FALSE,FALSE,0.54
"CA-BC Okanagan Basin Agreement 1974, Tech. Supplement V",C-1,Wood Lake,2,APRIL,1971-04-13,10,o-PO4,0.09,mg/L as PO4,0.02935,FALSE,FALSE,0.09
"CA-BC Okanagan Basin Agreement 1974, Tech. Supplement V",C-1,Wood Lake,2,APRIL,1971-04-13,10,t-PO4,0.29,mg/L as PO4,0.09459,FALSE,FALSE,0.29
"CA-BC Okanagan Basin Agreement 1974, Tech. Supplement V",C-1,Wood Lake,2,APRIL,1971-04-13,10,SiO2,4.9,mg/L,,FALSE,FALSE,4.9
"CA-BC Okanagan Basin Agreement 1974, Tech. Supplement V",C-1,Wood Lake,2,APRIL,1971-04-13,25,NO3,0.04,mg/L,,FALSE,FALSE,0.04
"CA-BC Okanagan Basin Agreement 1974, Tech. Supplement V",C-1,Wood Lake,2,APRIL,1971-04-13,25,TKN,0.54,mg/L,,FALSE,FALSE,0.54
"CA-BC Okanagan Basin Agreement 1974, Tech. Supplement V",C-1,Wood Lake,2,APRIL,1971-04-13,25,o-PO4,0.09,mg/L as PO4,0.02935,FALSE,FALSE,0.09
"CA-BC Okanagan Basin Agreement 1974, Tech. Supplement V",C-1,Wood Lake,2,APRIL,1971-04-13,25,t-PO4,0.29,mg/L as PO4,0.09459,FALSE,FALSE,0.29
"CA-BC Okanagan Basin Agreement 1974, Tech. Supplement V",C-1,Wood Lake,2,APRIL,1971-04-13,25,SiO2,5.0,mg/L,,FALSE,FALSE,5.0
"CA-BC Okanagan Basin Agreement 1974, Tech. Supplement V",C-1,Wood Lake,2,APRIL,1971-04-13,28,NO3,0.05,mg/L,,FALSE,FALSE,0.05
"CA-BC Okanagan Basin Agreement 1974, Tech. Supplement V",C-1,Wood Lake,2,APRIL,1971-04-13,28,TKN,0.64,mg/L,,FALSE,FALSE,0.64
"CA-BC Okanagan Basin Agreement 1974, Tech. Supplement V",C-1,Wood Lake,2,APRIL,1971-04-13,28,o-PO4,0.11,mg/L as PO4,0.03588,FALSE,FALSE,0.11
"CA-BC Okanagan Basin Agreement 1974, Tech. Supplement V",C-1,Wood Lake,2,APRIL,1971-04-13,28,t-PO4,0.31,mg/L as PO4,0.10111,FALSE,FALSE,0.31
"CA-BC Okanagan Basin Agreement 1974, Tech. Supplement V",C-1,Wood Lake,2,APRIL,1971-04-13,28,SiO2,5.3,mg/L,,FALSE,FALSE,5.3
"CA-BC Okanagan Basin Agreement 1974, Tech. Supplement V",C-1,Wood Lake,2,JUNE,1971-06-16,1,NO3,0.01,mg/L,,TRUE,FALSE,<0.01
"CA-BC Okanagan Basin Agreement 1974, Tech. Supplement V",C-1,Wood Lake,2,JUNE,1971-06-16,1,TKN,0.57,mg/L,,FALSE,FALSE,0.57
"CA-BC Okanagan Basin Agreement 1974, Tech. Supplement V",C-1,Wood Lake,2,JUNE,1971-06-16,1,o-PO4,0.01,mg/L as PO4,0.00326,FALSE,FALSE,0.01
"CA-BC Okanagan Basin Agreement 1974, Tech. Supplement V",C-1,Wood Lake,2,JUNE,1971-06-16,1,t-PO4,0.24,mg/L as PO4,0.07828,FALSE,FALSE,0.24
"CA-BC Okanagan Basin Agreement 1974, Tech. Supplement V",C-1,Wood Lake,2,JUNE,1971-06-16,1,SiO2,3.9,mg/L,,FALSE,FALSE,3.9
"CA-BC Okanagan Basin Agreement 1974, Tech. Supplement V",C-1,Wood Lake,2,JUNE,1971-06-16,5,NO3,0.01,mg/L,,TRUE,FALSE,<0.01
"CA-BC Okanagan Basin Agreement 1974, Tech. Supplement V",C-1,Wood Lake,2,JUNE,1971-06-16,5,TKN,0.56,mg/L,,FALSE,FALSE,0.56
"CA-BC Okanagan Basin Agreement 1974, Tech. Supplement V",C-1,Wood Lake,2,JUNE,1971-06-16,5,o-PO4,0.01,mg/L as PO4,0.00326,TRUE,FALSE,<0.01
"CA-BC Okanagan Basin Agreement 1974, Tech. Supplement V",C-1,Wood Lake,2,JUNE,1971-06-16,5,t-PO4,0.11,mg/L as PO4,0.03588,FALSE,FALSE,0.11
"CA-BC Okanagan Basin Agreement 1974, Tech. Supplement V",C-1,Wood Lake,2,JUNE,1971-06-16,5,SiO2,4.0,mg/L,,FALSE,FALSE,4.0
"CA-BC Okanagan Basin Agreement 1974, Tech. Supplement V",C-1,Wood Lake,2,JUNE,1971-06-16,10,NO3,0.01,mg/L,,TRUE,FALSE,<0.01
"CA-BC Okanagan Basin Agreement 1974, Tech. Supplement V",C-1,Wood Lake,2,JUNE,1971-06-16,10,TKN,0.36,mg/L,,FALSE,FALSE,0.36
"CA-BC Okanagan Basin Agreement 1974, Tech. Supplement V",C-1,Wood Lake,2,JUNE,1971-06-16,10,o-PO4,0.02,mg/L as PO4,0.00652,FALSE,FALSE,0.02
"CA-BC Okanagan Basin Agreement 1974, Tech. Supplement V",C-1,Wood Lake,2,JUNE,1971-06-16,10,t-PO4,0.16,mg/L as PO4,0.05219,FALSE,FALSE,0.16
"CA-BC Okanagan Basin Agreement 1974, Tech. Supplement V",C-1,Wood Lake,2,JUNE,1971-06-16,10,SiO2,4.1,mg/L,,FALSE,FALSE,4.1
"CA-BC Okanagan Basin Agreement 1974, Tech. Supplement V",C-1,Wood Lake,2,JUNE,1971-06-16,15,NO3,0.01,mg/L,,TRUE,FALSE,<0.01
"CA-BC Okanagan Basin Agreement 1974, Tech. Supplement V",C-1,Wood Lake,2,JUNE,1971-06-16,15,TKN,0.36,mg/L,,FALSE,FALSE,0.36
"CA-BC Okanagan Basin Agreement 1974, Tech. Supplement V",C-1,Wood Lake,2,JUNE,1971-06-16,15,o-PO4,0.05,mg/L as PO4,0.01631,FALSE,FALSE,0.05
"CA-BC Okanagan Basin Agreement 1974, Tech. Supplement V",C-1,Wood Lake,2,JUNE,1971-06-16,15,t-PO4,0.25,mg/L as PO4,0.08154,FALSE,FALSE,0.25
"CA-BC Okanagan Basin Agreement 1974, Tech. Supplement V",C-1,Wood Lake,2,JUNE,1971-06-16,15,SiO2,4.3,mg/L,,FALSE,FALSE,4.3
"CA-BC Okanagan Basin Agreement 1974, Tech. Supplement V",C-1,Wood Lake,2,JUNE,1971-06-16,20,NO3,0.01,mg/L,,TRUE,FALSE,<0.01
"CA-BC Okanagan Basin Agreement 1974, Tech. Supplement V",C-1,Wood Lake,2,JUNE,1971-06-16,20,TKN,0.23,mg/L,,FALSE,FALSE,0.23
"CA-BC Okanagan Basin Agreement 1974, Tech. Supplement V",C-1,Wood Lake,2,JUNE,1971-06-16,20,o-PO4,0.18,mg/L as PO4,0.05871,FALSE,FALSE,0.18
"CA-BC Okanagan Basin Agreement 1974, Tech. Supplement V",C-1,Wood Lake,2,JUNE,1971-06-16,20,t-PO4,0.25,mg/L as PO4,0.08154,FALSE,FALSE,0.25
"CA-BC Okanagan Basin Agreement 1974, Tech. Supplement V",C-1,Wood Lake,2,JUNE,1971-06-16,20,SiO2,4.6,mg/L,,FALSE,FALSE,4.6
"CA-BC Okanagan Basin Agreement 1974, Tech. Supplement V",C-1,Wood Lake,2,JUNE,1971-06-16,28,NO3,0.02,mg/L,,FALSE,FALSE,0.02
"CA-BC Okanagan Basin Agreement 1974, Tech. Supplement V",C-1,Wood Lake,2,JUNE,1971-06-16,28,TKN,1.05,mg/L,,FALSE,FALSE,1.05
"CA-BC Okanagan Basin Agreement 1974, Tech. Supplement V",C-1,Wood Lake,2,JUNE,1971-06-16,28,o-PO4,0.61,mg/L as PO4,0.19896,FALSE,FALSE,0.61
"CA-BC Okanagan Basin Agreement 1974, Tech. Supplement V",C-1,Wood Lake,2,JUNE,1971-06-16,28,t-PO4,0.72,mg/L as PO4,0.23483,FALSE,FALSE,0.72
"CA-BC Okanagan Basin Agreement 1974, Tech. Supplement V",C-1,Wood Lake,2,JUNE,1971-06-16,28,SiO2,5.0,mg/L,,FALSE,FALSE,5.0
"CA-BC Okanagan Basin Agreement 1974, Tech. Supplement V",C-1,Wood Lake,2,AUGUST,1971-08-16,1,NO3,0.01,mg/L,,TRUE,FALSE,<0.01
"CA-BC Okanagan Basin Agreement 1974, Tech. Supplement V",C-1,Wood Lake,2,AUGUST,1971-08-16,1,TKN,0.29,mg/L,,FALSE,FALSE,0.29
"CA-BC Okanagan Basin Agreement 1974, Tech. Supplement V",C-1,Wood Lake,2,AUGUST,1971-08-16,1,o-PO4,0.01,mg/L as PO4,0.00326,TRUE,FALSE,<0.01
"CA-BC Okanagan Basin Agreement 1974, Tech. Supplement V",C-1,Wood Lake,2,AUGUST,1971-08-16,1,t-PO4,0.05,mg/L as PO4,0.01631,FALSE,FALSE,0.05
"CA-BC Okanagan Basin Agreement 1974, Tech. Supplement V",C-1,Wood Lake,2,AUGUST,1971-08-16,1,SiO2,4.9,mg/L,,FALSE,FALSE,4.9
"CA-BC Okanagan Basin Agreement 1974, Tech. Supplement V",C-1,Wood Lake,2,AUGUST,1971-08-16,5,NO3,0.01,mg/L,,TRUE,FALSE,<0.01
"CA-BC Okanagan Basin Agreement 1974, Tech. Supplement V",C-1,Wood Lake,2,AUGUST,1971-08-16,5,TKN,0.26,mg/L,,FALSE,FALSE,0.26
"CA-BC Okanagan Basin Agreement 1974, Tech. Supplement V",C-1,Wood Lake,2,AUGUST,1971-08-16,5,o-PO4,0.01,mg/L as PO4,0.00326,TRUE,FALSE,<0.01
"CA-BC Okanagan Basin Agreement 1974, Tech. Supplement V",C-1,Wood Lake,2,AUGUST,1971-08-16,5,t-PO4,0.06,mg/L as PO4,0.01957,FALSE,FALSE,0.06
"CA-BC Okanagan Basin Agreement 1974, Tech. Supplement V",C-1,Wood Lake,2,AUGUST,1971-08-16,5,SiO2,5.0,mg/L,,FALSE,FALSE,5.0
"CA-BC Okanagan Basin Agreement 1974, Tech. Supplement V",C-1,Wood Lake,2,AUGUST,1971-08-16,10,NO3,0.21,mg/L,,FALSE,FALSE,0.21
"CA-BC Okanagan Basin Agreement 1974, Tech. Supplement V",C-1,Wood Lake,2,AUGUST,1971-08-16,10,TKN,0.41,mg/L,,FALSE,FALSE,0.41
"CA-BC Okanagan Basin Agreement 1974, Tech. Supplement V",C-1,Wood Lake,2,AUGUST,1971-08-16,10,o-PO4,0.01,mg/L as PO4,0.00326,TRUE,FALSE,<0.01
"CA-BC Okanagan Basin Agreement 1974, Tech. Supplement V",C-1,Wood Lake,2,AUGUST,1971-08-16,10,t-PO4,0.06,mg/L as PO4,0.01957,FALSE,FALSE,0.06
"CA-BC Okanagan Basin Agreement 1974, Tech. Supplement V",C-1,Wood Lake,2,AUGUST,1971-08-16,10,SiO2,5.0,mg/L,,FALSE,FALSE,5.0
"CA-BC Okanagan Basin Agreement 1974, Tech. Supplement V",C-1,Wood Lake,2,AUGUST,1971-08-16,15,NO3,0.01,mg/L,,TRUE,FALSE,<0.01
"CA-BC Okanagan Basin Agreement 1974, Tech. Supplement V",C-1,Wood Lake,2,AUGUST,1971-08-16,15,TKN,0.43,mg/L,,FALSE,FALSE,0.43
"CA-BC Okanagan Basin Agreement 1974, Tech. Supplement V",C-1,Wood Lake,2,AUGUST,1971-08-16,15,o-PO4,0.01,mg/L as PO4,0.00326,TRUE,FALSE,<0.01
"CA-BC Okanagan Basin Agreement 1974, Tech. Supplement V",C-1,Wood Lake,2,AUGUST,1971-08-16,15,t-PO4,0.14,mg/L as PO4,0.04566,FALSE,FALSE,0.14
"CA-BC Okanagan Basin Agreement 1974, Tech. Supplement V",C-1,Wood Lake,2,AUGUST,1971-08-16,15,SiO2,5.3,mg/L,,FALSE,FALSE,5.3
"CA-BC Okanagan Basin Agreement 1974, Tech. Supplement V",C-1,Wood Lake,2,AUGUST,1971-08-16,25,NO3,0.01,mg/L,,FALSE,FALSE,0.01
"CA-BC Okanagan Basin Agreement 1974, Tech. Supplement V",C-1,Wood Lake,2,AUGUST,1971-08-16,25,TKN,0.66,mg/L,,FALSE,FALSE,0.66
"CA-BC Okanagan Basin Agreement 1974, Tech. Supplement V",C-1,Wood Lake,2,AUGUST,1971-08-16,25,o-PO4,0.58,mg/L as PO4,0.18917,FALSE,FALSE,0.58
"CA-BC Okanagan Basin Agreement 1974, Tech. Supplement V",C-1,Wood Lake,2,AUGUST,1971-08-16,25,t-PO4,0.7,mg/L as PO4,0.22831,FALSE,FALSE,0.70
"CA-BC Okanagan Basin Agreement 1974, Tech. Supplement V",C-1,Wood Lake,2,AUGUST,1971-08-16,25,SiO2,6.2,mg/L,,FALSE,FALSE,6.2
"CA-BC Okanagan Basin Agreement 1974, Tech. Supplement V",C-1,Wood Lake,2,AUGUST,1971-08-16,30,NO3,0.02,mg/L,,FALSE,FALSE,0.02
"CA-BC Okanagan Basin Agreement 1974, Tech. Supplement V",C-1,Wood Lake,2,AUGUST,1971-08-16,30,TKN,0.83,mg/L,,FALSE,FALSE,0.83
"CA-BC Okanagan Basin Agreement 1974, Tech. Supplement V",C-1,Wood Lake,2,AUGUST,1971-08-16,30,o-PO4,0.62,mg/L as PO4,0.20222,FALSE,FALSE,0.62
"CA-BC Okanagan Basin Agreement 1974, Tech. Supplement V",C-1,Wood Lake,2,AUGUST,1971-08-16,30,t-PO4,0.75,mg/L as PO4,0.24462,FALSE,FALSE,0.75
"CA-BC Okanagan Basin Agreement 1974, Tech. Supplement V",C-1,Wood Lake,2,AUGUST,1971-08-16,30,SiO2,6.3,mg/L,,FALSE,FALSE,6.3
"CA-BC Okanagan Basin Agreement 1974, Tech. Supplement V",C-1,Wood Lake,2,OCTOBER,1971-10-14,1,NO3,0.01,mg/L,,TRUE,FALSE,<0.01
"CA-BC Okanagan Basin Agreement 1974, Tech. Supplement V",C-1,Wood Lake,2,OCTOBER,1971-10-14,1,TKN,0.51,mg/L,,FALSE,FALSE,0.51
"CA-BC Okanagan Basin Agreement 1974, Tech. Supplement V",C-1,Wood Lake,2,OCTOBER,1971-10-14,1,o-PO4,0.005,mg/L as PO4,0.00163,TRUE,FALSE,<0.005
"CA-BC Okanagan Basin Agreement 1974, Tech. Supplement V",C-1,Wood Lake,2,OCTOBER,1971-10-14,1,t-PO4,0.06,mg/L as PO4,0.01957,FALSE,FALSE,0.06
"CA-BC Okanagan Basin Agreement 1974, Tech. Supplement V",C-1,Wood Lake,2,OCTOBER,1971-10-14,1,SiO2,5.1,mg/L,,FALSE,FALSE,5.1
"CA-BC Okanagan Basin Agreement 1974, Tech. Supplement V",C-1,Wood Lake,2,OCTOBER,1971-10-14,10,NO3,0.01,mg/L,,TRUE,FALSE,<0.01
"CA-BC Okanagan Basin Agreement 1974, Tech. Supplement V",C-1,Wood Lake,2,OCTOBER,1971-10-14,10,TKN,0.56,mg/L,,FALSE,FALSE,0.56
"CA-BC Okanagan Basin Agreement 1974, Tech. Supplement V",C-1,Wood Lake,2,OCTOBER,1971-10-14,10,o-PO4,0.005,mg/L as PO4,0.00163,TRUE,FALSE,<0.005
"CA-BC Okanagan Basin Agreement 1974, Tech. Supplement V",C-1,Wood Lake,2,OCTOBER,1971-10-14,10,t-PO4,0.06,mg/L as PO4,0.01957,FALSE,FALSE,0.06
"CA-BC Okanagan Basin Agreement 1974, Tech. Supplement V",C-1,Wood Lake,2,OCTOBER,1971-10-14,10,SiO2,5.1,mg/L,,FALSE,FALSE,5.1
"CA-BC Okanagan Basin Agreement 1974, Tech. Supplement V",C-1,Wood Lake,2,OCTOBER,1971-10-14,15,NO3,0.01,mg/L,,TRUE,FALSE,<0.01
"CA-BC Okanagan Basin Agreement 1974, Tech. Supplement V",C-1,Wood Lake,2,OCTOBER,1971-10-14,15,TKN,0.34,mg/L,,FALSE,FALSE,0.34
"CA-BC Okanagan Basin Agreement 1974, Tech. Supplement V",C-1,Wood Lake,2,OCTOBER,1971-10-14,15,o-PO4,0.008,mg/L as PO4,0.00261,FALSE,FALSE,0.008
"CA-BC Okanagan Basin Agreement 1974, Tech. Supplement V",C-1,Wood Lake,2,OCTOBER,1971-10-14,15,t-PO4,0.05,mg/L as PO4,0.01631,FALSE,FALSE,0.05
"CA-BC Okanagan Basin Agreement 1974, Tech. Supplement V",C-1,Wood Lake,2,OCTOBER,1971-10-14,15,SiO2,5.4,mg/L,,FALSE,FALSE,5.4
"CA-BC Okanagan Basin Agreement 1974, Tech. Supplement V",C-1,Wood Lake,2,OCTOBER,1971-10-14,20,NO3,0.01,mg/L,,TRUE,FALSE,<0.01
"CA-BC Okanagan Basin Agreement 1974, Tech. Supplement V",C-1,Wood Lake,2,OCTOBER,1971-10-14,20,TKN,0.51,mg/L,,FALSE,FALSE,0.51
"CA-BC Okanagan Basin Agreement 1974, Tech. Supplement V",C-1,Wood Lake,2,OCTOBER,1971-10-14,20,o-PO4,0.29,mg/L as PO4,0.09459,FALSE,FALSE,0.29
"CA-BC Okanagan Basin Agreement 1974, Tech. Supplement V",C-1,Wood Lake,2,OCTOBER,1971-10-14,20,t-PO4,0.36,mg/L as PO4,0.11742,FALSE,FALSE,0.36
"CA-BC Okanagan Basin Agreement 1974, Tech. Supplement V",C-1,Wood Lake,2,OCTOBER,1971-10-14,20,SiO2,5.9,mg/L,,FALSE,FALSE,5.9
"CA-BC Okanagan Basin Agreement 1974, Tech. Supplement V",C-1,Wood Lake,2,OCTOBER,1971-10-14,29,NO3,0.02,mg/L,,FALSE,FALSE,0.02
"CA-BC Okanagan Basin Agreement 1974, Tech. Supplement V",C-1,Wood Lake,2,OCTOBER,1971-10-14,29,TKN,1.11,mg/L,,FALSE,FALSE,1.11
"CA-BC Okanagan Basin Agreement 1974, Tech. Supplement V",C-1,Wood Lake,2,OCTOBER,1971-10-14,29,o-PO4,0.62,mg/L as PO4,0.20222,FALSE,FALSE,0.62
"CA-BC Okanagan Basin Agreement 1974, Tech. Supplement V",C-1,Wood Lake,2,OCTOBER,1971-10-14,29,t-PO4,0.76,mg/L as PO4,0.24788,FALSE,FALSE,0.76
"CA-BC Okanagan Basin Agreement 1974, Tech. Supplement V",C-1,Wood Lake,2,OCTOBER,1971-10-14,29,SiO2,6.4,mg/L,,FALSE,FALSE,6.4
"CA-BC Okanagan Basin Agreement 1974, Tech. Supplement V",C-1,Wood Lake,4,APRIL,1971-04-13,1,NO3,0.01,mg/L,,TRUE,FALSE,<0.01
"CA-BC Okanagan Basin Agreement 1974, Tech. Supplement V",C-1,Wood Lake,4,APRIL,1971-04-13,1,TKN,0.82,mg/L,,FALSE,FALSE,0.82
"CA-BC Okanagan Basin Agreement 1974, Tech. Supplement V",C-1,Wood Lake,4,APRIL,1971-04-13,1,o-PO4,0.08,mg/L as PO4,0.02609,FALSE,FALSE,0.08
"CA-BC Okanagan Basin Agreement 1974, Tech. Supplement V",C-1,Wood Lake,4,APRIL,1971-04-13,1,t-PO4,0.31,mg/L as PO4,0.10111,FALSE,FALSE,0.31
"CA-BC Okanagan Basin Agreement 1974, Tech. Supplement V",C-1,Wood Lake,4,APRIL,1971-04-13,1,SiO2,5.1,mg/L,,FALSE,FALSE,5.1
"CA-BC Okanagan Basin Agreement 1974, Tech. Supplement V",C-1,Wood Lake,4,APRIL,1971-04-13,5,NO3,0.01,mg/L,,FALSE,FALSE,0.01
"CA-BC Okanagan Basin Agreement 1974, Tech. Supplement V",C-1,Wood Lake,4,APRIL,1971-04-13,5,TKN,0.64,mg/L,,FALSE,FALSE,0.64
"CA-BC Okanagan Basin Agreement 1974, Tech. Supplement V",C-1,Wood Lake,4,APRIL,1971-04-13,5,o-PO4,0.07,mg/L as PO4,0.02283,FALSE,FALSE,0.07
"CA-BC Okanagan Basin Agreement 1974, Tech. Supplement V",C-1,Wood Lake,4,APRIL,1971-04-13,5,t-PO4,0.29,mg/L as PO4,0.09459,FALSE,FALSE,0.29
"CA-BC Okanagan Basin Agreement 1974, Tech. Supplement V",C-1,Wood Lake,4,APRIL,1971-04-13,5,SiO2,5.1,mg/L,,FALSE,FALSE,5.1
"CA-BC Okanagan Basin Agreement 1974, Tech. Supplement V",C-1,Wood Lake,4,APRIL,1971-04-13,10,NO3,0.02,mg/L,,FALSE,FALSE,0.02
"CA-BC Okanagan Basin Agreement 1974, Tech. Supplement V",C-1,Wood Lake,4,APRIL,1971-04-13,10,TKN,0.59,mg/L,,FALSE,FALSE,0.59
"CA-BC Okanagan Basin Agreement 1974, Tech. Supplement V",C-1,Wood Lake,4,APRIL,1971-04-13,10,o-PO4,0.08,mg/L as PO4,0.02609,FALSE,FALSE,0.08
"CA-BC Okanagan Basin Agreement 1974, Tech. Supplement V",C-1,Wood Lake,4,APRIL,1971-04-13,10,t-PO4,0.29,mg/L as PO4,0.09459,FALSE,FALSE,0.29
"CA-BC Okanagan Basin Agreement 1974, Tech. Supplement V",C-1,Wood Lake,4,APRIL,1971-04-13,10,SiO2,5.2,mg/L,,FALSE,FALSE,5.2
"CA-BC Okanagan Basin Agreement 1974, Tech. Supplement V",C-1,Wood Lake,4,APRIL,1971-04-13,15,NO3,0.04,mg/L,,FALSE,FALSE,0.04
"CA-BC Okanagan Basin Agreement 1974, Tech. Supplement V",C-1,Wood Lake,4,APRIL,1971-04-13,15,TKN,0.47,mg/L,,FALSE,FALSE,0.47
"CA-BC Okanagan Basin Agreement 1974, Tech. Supplement V",C-1,Wood Lake,4,APRIL,1971-04-13,15,o-PO4,0.1,mg/L as PO4,0.03262,FALSE,FALSE,0.10
"CA-BC Okanagan Basin Agreement 1974, Tech. Supplement V",C-1,Wood Lake,4,APRIL,1971-04-13,15,t-PO4,3.8,mg/L as PO4,1.2394,FALSE,FALSE,3.8
"CA-BC Okanagan Basin Agreement 1974, Tech. Supplement V",C-1,Wood Lake,4,APRIL,1971-04-13,15,SiO2,5.4,mg/L,,FALSE,FALSE,5.4
"CA-BC Okanagan Basin Agreement 1974, Tech. Supplement V",C-1,Wood Lake,4,JUNE,1971-06-16,1,NO3,0.01,mg/L,,TRUE,FALSE,<0.01
"CA-BC Okanagan Basin Agreement 1974, Tech. Supplement V",C-1,Wood Lake,4,JUNE,1971-06-16,1,TKN,0.52,mg/L,,FALSE,FALSE,0.52
"CA-BC Okanagan Basin Agreement 1974, Tech. Supplement V",C-1,Wood Lake,4,JUNE,1971-06-16,1,o-PO4,0.02,mg/L as PO4,0.00652,FALSE,FALSE,0.02
"CA-BC Okanagan Basin Agreement 1974, Tech. Supplement V",C-1,Wood Lake,4,JUNE,1971-06-16,1,t-PO4,0.26,mg/L as PO4,0.0848,FALSE,FALSE,0.26
"CA-BC Okanagan Basin Agreement 1974, Tech. Supplement V",C-1,Wood Lake,4,JUNE,1971-06-16,1,SiO2,3.8,mg/L,,FALSE,FALSE,3.8
"CA-BC Okanagan Basin Agreement 1974, Tech. Supplement V",C-1,Wood Lake,4,JUNE,1971-06-16,5,NO3,0.01,mg/L,,TRUE,FALSE,<0.01
"CA-BC Okanagan Basin Agreement 1974, Tech. Supplement V",C-1,Wood Lake,4,JUNE,1971-06-16,5,TKN,0.39,mg/L,,FALSE,FALSE,0.39
"CA-BC Okanagan Basin Agreement 1974, Tech. Supplement V",C-1,Wood Lake,4,JUNE,1971-06-16,5,o-PO4,0.01,mg/L as PO4,0.00326,FALSE,FALSE,0.01
"CA-BC Okanagan Basin Agreement 1974, Tech. Supplement V",C-1,Wood Lake,4,JUNE,1971-06-16,5,t-PO4,0.0,mg/L as PO4,0.0,FALSE,FALSE,0.00
"CA-BC Okanagan Basin Agreement 1974, Tech. Supplement V",C-1,Wood Lake,4,JUNE,1971-06-16,5,SiO2,3.9,mg/L,,FALSE,FALSE,3.9
"CA-BC Okanagan Basin Agreement 1974, Tech. Supplement V",C-1,Wood Lake,4,JUNE,1971-06-16,10,NO3,0.01,mg/L,,FALSE,FALSE,0.01
"CA-BC Okanagan Basin Agreement 1974, Tech. Supplement V",C-1,Wood Lake,4,JUNE,1971-06-16,10,TKN,0.61,mg/L,,FALSE,FALSE,0.61
"CA-BC Okanagan Basin Agreement 1974, Tech. Supplement V",C-1,Wood Lake,4,JUNE,1971-06-16,10,o-PO4,0.01,mg/L as PO4,0.00326,FALSE,FALSE,0.01
"CA-BC Okanagan Basin Agreement 1974, Tech. Supplement V",C-1,Wood Lake,4,JUNE,1971-06-16,10,t-PO4,0.12,mg/L as PO4,0.03914,FALSE,FALSE,0.12
"CA-BC Okanagan Basin Agreement 1974, Tech. Supplement V",C-1,Wood Lake,4,JUNE,1971-06-16,10,SiO2,4.0,mg/L,,FALSE,FALSE,4.0
"CA-BC Okanagan Basin Agreement 1974, Tech. Supplement V",C-1,Wood Lake,4,JUNE,1971-06-16,15,NO3,0.02,mg/L,,FALSE,FALSE,0.02
"CA-BC Okanagan Basin Agreement 1974, Tech. Supplement V",C-1,Wood Lake,4,JUNE,1971-06-16,15,TKN,1.0,mg/L,,FALSE,FALSE,1.00
"CA-BC Okanagan Basin Agreement 1974, Tech. Supplement V",C-1,Wood Lake,4,JUNE,1971-06-16,15,o-PO4,0.1,mg/L as PO4,0.03262,FALSE,FALSE,0.10
"CA-BC Okanagan Basin Agreement 1974, Tech. Supplement V",C-1,Wood Lake,4,JUNE,1971-06-16,15,t-PO4,0.25,mg/L as PO4,0.08154,FALSE,FALSE,0.25
"CA-BC Okanagan Basin Agreement 1974, Tech. Supplement V",C-1,Wood Lake,4,JUNE,1971-06-16,15,SiO2,4.5,mg/L,,FALSE,FALSE,4.5
"CA-BC Okanagan Basin Agreement 1974, Tech. Supplement V",C-1,Wood Lake,4,AUGUST,1971-08-16,1,NO3,0.01,mg/L,,TRUE,FALSE,<0.01
"CA-BC Okanagan Basin Agreement 1974, Tech. Supplement V",C-1,Wood Lake,4,AUGUST,1971-08-16,1,TKN,0.04,mg/L,,FALSE,FALSE,0.04
"CA-BC Okanagan Basin Agreement 1974, Tech. Supplement V",C-1,Wood Lake,4,AUGUST,1971-08-16,1,o-PO4,0.01,mg/L as PO4,0.00326,TRUE,FALSE,<0.01
"CA-BC Okanagan Basin Agreement 1974, Tech. Supplement V",C-1,Wood Lake,4,AUGUST,1971-08-16,1,t-PO4,0.04,mg/L as PO4,0.01305,FALSE,FALSE,0.04
"CA-BC Okanagan Basin Agreement 1974, Tech. Supplement V",C-1,Wood Lake,4,AUGUST,1971-08-16,1,SiO2,4.8,mg/L,,FALSE,FALSE,4.8
"CA-BC Okanagan Basin Agreement 1974, Tech. Supplement V",C-1,Wood Lake,4,AUGUST,1971-08-16,5,NO3,0.01,mg/L,,TRUE,FALSE,<0.01
"CA-BC Okanagan Basin Agreement 1974, Tech. Supplement V",C-1,Wood Lake,4,AUGUST,1971-08-16,5,TKN,0.16,mg/L,,FALSE,FALSE,0.16
"CA-BC Okanagan Basin Agreement 1974, Tech. Supplement V",C-1,Wood Lake,4,AUGUST,1971-08-16,5,o-PO4,0.01,mg/L as PO4,0.00326,TRUE,FALSE,<0.01
"CA-BC Okanagan Basin Agreement 1974, Tech. Supplement V",C-1,Wood Lake,4,AUGUST,1971-08-16,5,t-PO4,0.06,mg/L as PO4,0.01957,FALSE,FALSE,0.06
"CA-BC Okanagan Basin Agreement 1974, Tech. Supplement V",C-1,Wood Lake,4,AUGUST,1971-08-16,5,SiO2,4.9,mg/L,,FALSE,FALSE,4.9
"CA-BC Okanagan Basin Agreement 1974, Tech. Supplement V",C-1,Wood Lake,4,AUGUST,1971-08-16,10,NO3,0.01,mg/L,,FALSE,FALSE,0.01
"CA-BC Okanagan Basin Agreement 1974, Tech. Supplement V",C-1,Wood Lake,4,AUGUST,1971-08-16,10,TKN,0.47,mg/L,,FALSE,FALSE,0.47
"CA-BC Okanagan Basin Agreement 1974, Tech. Supplement V",C-1,Wood Lake,4,AUGUST,1971-08-16,10,o-PO4,0.01,mg/L as PO4,0.00326,TRUE,FALSE,<0.01
"CA-BC Okanagan Basin Agreement 1974, Tech. Supplement V",C-1,Wood Lake,4,AUGUST,1971-08-16,10,t-PO4,0.15,mg/L as PO4,0.04892,FALSE,FALSE,0.15
"CA-BC Okanagan Basin Agreement 1974, Tech. Supplement V",C-1,Wood Lake,4,AUGUST,1971-08-16,10,SiO2,4.9,mg/L,,FALSE,FALSE,4.9
"CA-BC Okanagan Basin Agreement 1974, Tech. Supplement V",C-1,Wood Lake,4,AUGUST,1971-08-16,17,NO3,0.1,mg/L,,FALSE,FALSE,0.10
"CA-BC Okanagan Basin Agreement 1974, Tech. Supplement V",C-1,Wood Lake,4,AUGUST,1971-08-16,17,TKN,0.93,mg/L,,FALSE,FALSE,0.93
"CA-BC Okanagan Basin Agreement 1974, Tech. Supplement V",C-1,Wood Lake,4,AUGUST,1971-08-16,17,o-PO4,0.01,mg/L as PO4,0.00326,TRUE,FALSE,<0.01
"CA-BC Okanagan Basin Agreement 1974, Tech. Supplement V",C-1,Wood Lake,4,AUGUST,1971-08-16,17,t-PO4,0.12,mg/L as PO4,0.03914,FALSE,FALSE,0.12
"CA-BC Okanagan Basin Agreement 1974, Tech. Supplement V",C-1,Wood Lake,4,AUGUST,1971-08-16,17,SiO2,5.5,mg/L,,FALSE,FALSE,5.5
"CA-BC Okanagan Basin Agreement 1974, Tech. Supplement V",C-1,Wood Lake,4,OCTOBER,1971-10-14,1,NO3,0.01,mg/L,,TRUE,FALSE,<0.01
"CA-BC Okanagan Basin Agreement 1974, Tech. Supplement V",C-1,Wood Lake,4,OCTOBER,1971-10-14,1,TKN,0.38,mg/L,,FALSE,FALSE,0.38
"CA-BC Okanagan Basin Agreement 1974, Tech. Supplement V",C-1,Wood Lake,4,OCTOBER,1971-10-14,1,o-PO4,0.005,mg/L as PO4,0.00163,TRUE,FALSE,<0.005
"CA-BC Okanagan Basin Agreement 1974, Tech. Supplement V",C-1,Wood Lake,4,OCTOBER,1971-10-14,1,t-PO4,0.07,mg/L as PO4,0.02283,FALSE,FALSE,0.07
"CA-BC Okanagan Basin Agreement 1974, Tech. Supplement V",C-1,Wood Lake,4,OCTOBER,1971-10-14,1,SiO2,5.2,mg/L,,FALSE,FALSE,5.2
"CA-BC Okanagan Basin Agreement 1974, Tech. Supplement V",C-1,Wood Lake,4,OCTOBER,1971-10-14,10,NO3,0.01,mg/L,,TRUE,FALSE,<0.01
"CA-BC Okanagan Basin Agreement 1974, Tech. Supplement V",C-1,Wood Lake,4,OCTOBER,1971-10-14,10,TKN,0.38,mg/L,,FALSE,FALSE,0.38
"CA-BC Okanagan Basin Agreement 1974, Tech. Supplement V",C-1,Wood Lake,4,OCTOBER,1971-10-14,10,o-PO4,0.005,mg/L as PO4,0.00163,TRUE,FALSE,<0.005
"CA-BC Okanagan Basin Agreement 1974, Tech. Supplement V",C-1,Wood Lake,4,OCTOBER,1971-10-14,10,t-PO4,0.06,mg/L as PO4,0.01957,FALSE,FALSE,0.06
"CA-BC Okanagan Basin Agreement 1974, Tech. Supplement V",C-1,Wood Lake,4,OCTOBER,1971-10-14,10,SiO2,5.2,mg/L,,FALSE,FALSE,5.2
"CA-BC Okanagan Basin Agreement 1974, Tech. Supplement V",C-1,Wood Lake,4,OCTOBER,1971-10-14,15,NO3,0.01,mg/L,,TRUE,FALSE,<0.01
"CA-BC Okanagan Basin Agreement 1974, Tech. Supplement V",C-1,Wood Lake,4,OCTOBER,1971-10-14,15,TKN,0.25,mg/L,,FALSE,FALSE,0.25
"CA-BC Okanagan Basin Agreement 1974, Tech. Supplement V",C-1,Wood Lake,4,OCTOBER,1971-10-14,15,o-PO4,0.005,mg/L as PO4,0.00163,TRUE,FALSE,<0.005
"CA-BC Okanagan Basin Agreement 1974, Tech. Supplement V",C-1,Wood Lake,4,OCTOBER,1971-10-14,15,t-PO4,0.05,mg/L as PO4,0.01631,FALSE,FALSE,0.05
"CA-BC Okanagan Basin Agreement 1974, Tech. Supplement V",C-1,Wood Lake,4,OCTOBER,1971-10-14,15,SiO2,5.2,mg/L,,FALSE,FALSE,5.2
"CA-BC Okanagan Basin Agreement 1974, Tech. Supplement V",C-1,Wood Lake,4,OCTOBER,1971-10-14,18,NO3,0.01,mg/L,,TRUE,FALSE,<0.01
"CA-BC Okanagan Basin Agreement 1974, Tech. Supplement V",C-1,Wood Lake,4,OCTOBER,1971-10-14,18,TKN,0.28,mg/L,,FALSE,FALSE,0.28
"CA-BC Okanagan Basin Agreement 1974, Tech. Supplement V",C-1,Wood Lake,4,OCTOBER,1971-10-14,18,o-PO4,0.005,mg/L as PO4,0.00163,TRUE,FALSE,<0.005
"CA-BC Okanagan Basin Agreement 1974, Tech. Supplement V",C-1,Wood Lake,4,OCTOBER,1971-10-14,18,t-PO4,0.2,mg/L as PO4,0.06523,FALSE,FALSE,0.20
"CA-BC Okanagan Basin Agreement 1974, Tech. Supplement V",C-1,Wood Lake,4,OCTOBER,1971-10-14,18,SiO2,5.6,mg/L,,FALSE,FALSE,5.6
"CA-BC Okanagan Basin Agreement 1974, Tech. Supplement V",C-1,Skaha Lake,1,APRIL,,1,NO3,0.01,mg/L,,TRUE,FALSE,<0.01
"CA-BC Okanagan Basin Agreement 1974, Tech. Supplement V",C-1,Skaha Lake,1,APRIL,,1,TKN,0.13,mg/L,,FALSE,FALSE,0.13
"CA-BC Okanagan Basin Agreement 1974, Tech. Supplement V",C-1,Skaha Lake,1,APRIL,,1,o-PO4,0.02,mg/L as PO4,0.00652,FALSE,FALSE,0.02
"CA-BC Okanagan Basin Agreement 1974, Tech. Supplement V",C-1,Skaha Lake,1,APRIL,,1,t-PO4,0.05,mg/L as PO4,0.01631,FALSE,FALSE,0.05
"CA-BC Okanagan Basin Agreement 1974, Tech. Supplement V",C-1,Skaha Lake,1,APRIL,,1,SiO2,0.3,mg/L,,FALSE,FALSE,0.3
"CA-BC Okanagan Basin Agreement 1974, Tech. Supplement V",C-1,Skaha Lake,1,APRIL,,5,NO3,0.01,mg/L,,TRUE,FALSE,<0.01
"CA-BC Okanagan Basin Agreement 1974, Tech. Supplement V",C-1,Skaha Lake,1,APRIL,,5,TKN,0.16,mg/L,,FALSE,FALSE,0.16
"CA-BC Okanagan Basin Agreement 1974, Tech. Supplement V",C-1,Skaha Lake,1,APRIL,,5,o-PO4,0.01,mg/L as PO4,0.00326,FALSE,FALSE,0.01
"CA-BC Okanagan Basin Agreement 1974, Tech. Supplement V",C-1,Skaha Lake,1,APRIL,,5,t-PO4,0.05,mg/L as PO4,0.01631,FALSE,FALSE,0.05
"CA-BC Okanagan Basin Agreement 1974, Tech. Supplement V",C-1,Skaha Lake,1,APRIL,,5,SiO2,0.2,mg/L,,FALSE,FALSE,0.2
"CA-BC Okanagan Basin Agreement 1974, Tech. Supplement V",C-1,Skaha Lake,1,APRIL,,10,NO3,0.01,mg/L,,TRUE,FALSE,<0.01
"CA-BC Okanagan Basin Agreement 1974, Tech. Supplement V",C-1,Skaha Lake,1,APRIL,,10,TKN,0.21,mg/L,,FALSE,FALSE,0.21
"CA-BC Okanagan Basin Agreement 1974, Tech. Supplement V",C-1,Skaha Lake,1,APRIL,,10,o-PO4,0.01,mg/L as PO4,0.00326,FALSE,FALSE,0.01
"CA-BC Okanagan Basin Agreement 1974, Tech. Supplement V",C-1,Skaha Lake,1,APRIL,,10,t-PO4,0.06,mg/L as PO4,0.01957,FALSE,FALSE,0.06
"CA-BC Okanagan Basin Agreement 1974, Tech. Supplement V",C-1,Skaha Lake,1,APRIL,,10,SiO2,0.4,mg/L,,FALSE,FALSE,0.4
"CA-BC Okanagan Basin Agreement 1974, Tech. Supplement V",C-1,Skaha Lake,1,JUNE,,1,NO3,0.02,mg/L,,FALSE,FALSE,0.02
"CA-BC Okanagan Basin Agreement 1974, Tech. Supplement V",C-1,Skaha Lake,1,JUNE,,1,TKN,0.2,mg/L,,FALSE,FALSE,0.20
"CA-BC Okanagan Basin Agreement 1974, Tech. Supplement V",C-1,Skaha Lake,1,JUNE,,1,o-PO4,0.19,mg/L as PO4,0.06197,FALSE,FALSE,0.19
"CA-BC Okanagan Basin Agreement 1974, Tech. Supplement V",C-1,Skaha Lake,1,JUNE,,1,t-PO4,0.26,mg/L as PO4,0.0848,FALSE,FALSE,0.26
"CA-BC Okanagan Basin Agreement 1974, Tech. Supplement V",C-1,Skaha Lake,1,JUNE,,1,SiO2,2.4,mg/L,,FALSE,FALSE,2.4
"CA-BC Okanagan Basin Agreement 1974, Tech. Supplement V",C-1,Skaha Lake,1,JUNE,,5,NO3,0.01,mg/L,,TRUE,FALSE,<0.01
"CA-BC Okanagan Basin Agreement 1974, Tech. Supplement V",C-1,Skaha Lake,1,JUNE,,5,TKN,0.2,mg/L,,FALSE,FALSE,0.20
"CA-BC Okanagan Basin Agreement 1974, Tech. Supplement V",C-1,Skaha Lake,1,JUNE,,5,o-PO4,0.01,mg/L as PO4,0.00326,FALSE,FALSE,0.01
"CA-BC Okanagan Basin Agreement 1974, Tech. Supplement V",C-1,Skaha Lake,1,JUNE,,5,t-PO4,0.06,mg/L as PO4,0.01957,FALSE,FALSE,0.06
"CA-BC Okanagan Basin Agreement 1974, Tech. Supplement V",C-1,Skaha Lake,1,JUNE,,5,SiO2,2.3,mg/L,,FALSE,FALSE,2.3
"CA-BC Okanagan Basin Agreement 1974, Tech. Supplement V",C-1,Skaha Lake,1,JUNE,,10,NO3,0.01,mg/L,,TRUE,FALSE,<0.01
"CA-BC Okanagan Basin Agreement 1974, Tech. Supplement V",C-1,Skaha Lake,1,JUNE,,10,TKN,0.26,mg/L,,FALSE,FALSE,0.26
"CA-BC Okanagan Basin Agreement 1974, Tech. Supplement V",C-1,Skaha Lake,1,JUNE,,10,o-PO4,0.02,mg/L as PO4,0.00652,FALSE,FALSE,0.02
"CA-BC Okanagan Basin Agreement 1974, Tech. Supplement V",C-1,Skaha Lake,1,JUNE,,10,t-PO4,0.07,mg/L as PO4,0.02283,FALSE,FALSE,0.07
"CA-BC Okanagan Basin Agreement 1974, Tech. Supplement V",C-1,Skaha Lake,1,JUNE,,10,SiO2,2.3,mg/L,,FALSE,FALSE,2.3
"CA-BC Okanagan Basin Agreement 1974, Tech. Supplement V",C-1,Skaha Lake,1,AUGUST,,1,NO3,0.01,mg/L,,TRUE,FALSE,<0.01
"CA-BC Okanagan Basin Agreement 1974, Tech. Supplement V",C-1,Skaha Lake,1,AUGUST,,1,TKN,0.34,mg/L,,FALSE,FALSE,0.34
"CA-BC Okanagan Basin Agreement 1974, Tech. Supplement V",C-1,Skaha Lake,1,AUGUST,,1,o-PO4,0.01,mg/L as PO4,0.00326,TRUE,FALSE,<0.01
"CA-BC Okanagan Basin Agreement 1974, Tech. Supplement V",C-1,Skaha Lake,1,AUGUST,,1,t-PO4,,mg/L as PO4,,FALSE,TRUE,ND
"CA-BC Okanagan Basin Agreement 1974, Tech. Supplement V",C-1,Skaha Lake,1,AUGUST,,1,SiO2,3.0,mg/L,,FALSE,FALSE,3.0
"CA-BC Okanagan Basin Agreement 1974, Tech. Supplement V",C-1,Skaha Lake,1,AUGUST,,5,NO3,0.01,mg/L,,TRUE,FALSE,<0.01
"CA-BC Okanagan Basin Agreement 1974, Tech. Supplement V",C-1,Skaha Lake,1,AUGUST,,5,TKN,0.18,mg/L,,FALSE,FALSE,0.18
"CA-BC Okanagan Basin Agreement 1974, Tech. Supplement V",C-1,Skaha Lake,1,AUGUST,,5,o-PO4,0.01,mg/L as PO4,0.00326,TRUE,FALSE,<0.01
"CA-BC Okanagan Basin Agreement 1974, Tech. Supplement V",C-1,Skaha Lake,1,AUGUST,,5,t-PO4,,mg/L as PO4,,FALSE,TRUE,ND
"CA-BC Okanagan Basin Agreement 1974, Tech. Supplement V",C-1,Skaha Lake,1,AUGUST,,5,SiO2,3.0,mg/L,,FALSE,FALSE,3.0
"CA-BC Okanagan Basin Agreement 1974, Tech. Supplement V",C-1,Skaha Lake,1,AUGUST,,10,NO3,0.01,mg/L,,TRUE,FALSE,<0.01
"CA-BC Okanagan Basin Agreement 1974, Tech. Supplement V",C-1,Skaha Lake,1,AUGUST,,10,TKN,0.01,mg/L,,TRUE,FALSE,<0.01
"CA-BC Okanagan Basin Agreement 1974, Tech. Supplement V",C-1,Skaha Lake,1,AUGUST,,10,o-PO4,0.01,mg/L as PO4,0.00326,FALSE,FALSE,0.01
"CA-BC Okanagan Basin Agreement 1974, Tech. Supplement V",C-1,Skaha Lake,1,AUGUST,,10,t-PO4,,mg/L as PO4,,FALSE,TRUE,ND
"CA-BC Okanagan Basin Agreement 1974, Tech. Supplement V",C-1,Skaha Lake,1,AUGUST,,10,SiO2,3.0,mg/L,,FALSE,FALSE,3.0
"CA-BC Okanagan Basin Agreement 1974, Tech. Supplement V",C-1,Skaha Lake,1,OCTOBER,,1,NO3,0.01,mg/L,,TRUE,FALSE,<0.01
"CA-BC Okanagan Basin Agreement 1974, Tech. Supplement V",C-1,Skaha Lake,1,OCTOBER,,1,TKN,0.38,mg/L,,FALSE,FALSE,0.38
"CA-BC Okanagan Basin Agreement 1974, Tech. Supplement V",C-1,Skaha Lake,1,OCTOBER,,1,o-PO4,0.005,mg/L as PO4,0.00163,TRUE,FALSE,<0.005
"CA-BC Okanagan Basin Agreement 1974, Tech. Supplement V",C-1,Skaha Lake,1,OCTOBER,,1,t-PO4,0.04,mg/L as PO4,0.01305,FALSE,FALSE,0.04
"CA-BC Okanagan Basin Agreement 1974, Tech. Supplement V",C-1,Skaha Lake,1,OCTOBER,,1,SiO2,2.8,mg/L,,FALSE,FALSE,2.8
"CA-BC Okanagan Basin Agreement 1974, Tech. Supplement V",C-1,Skaha Lake,1,OCTOBER,,5,NO3,0.01,mg/L,,TRUE,FALSE,<0.01
"CA-BC Okanagan Basin Agreement 1974, Tech. Supplement V",C-1,Skaha Lake,1,OCTOBER,,5,TKN,0.3,mg/L,,FALSE,FALSE,0.30
"CA-BC Okanagan Basin Agreement 1974, Tech. Supplement V",C-1,Skaha Lake,1,OCTOBER,,5,o-PO4,0.005,mg/L as PO4,0.00163,TRUE,FALSE,<0.005
"CA-BC Okanagan Basin Agreement 1974, Tech. Supplement V",C-1,Skaha Lake,1,OCTOBER,,5,t-PO4,0.04,mg/L as PO4,0.01305,FALSE,FALSE,0.04
"CA-BC Okanagan Basin Agreement 1974, Tech. Supplement V",C-1,Skaha Lake,1,OCTOBER,,5,SiO2,2.8,mg/L,,FALSE,FALSE,2.8
"CA-BC Okanagan Basin Agreement 1974, Tech. Supplement V",C-1,Skaha Lake,1,OCTOBER,,10,NO3,0.01,mg/L,,FALSE,FALSE,0.01
"CA-BC Okanagan Basin Agreement 1974, Tech. Supplement V",C-1,Skaha Lake,1,OCTOBER,,10,TKN,0.16,mg/L,,FALSE,FALSE,0.16
"CA-BC Okanagan Basin Agreement 1974, Tech. Supplement V",C-1,Skaha Lake,1,OCTOBER,,10,o-PO4,0.005,mg/L as PO4,0.00163,TRUE,FALSE,<0.005
"CA-BC Okanagan Basin Agreement 1974, Tech. Supplement V",C-1,Skaha Lake,1,OCTOBER,,10,t-PO4,0.04,mg/L as PO4,0.01305,FALSE,FALSE,0.04
"CA-BC Okanagan Basin Agreement 1974, Tech. Supplement V",C-1,Skaha Lake,1,OCTOBER,,10,SiO2,2.8,mg/L,,FALSE,FALSE,2.8
"CA-BC Okanagan Basin Agreement 1974, Tech. Supplement V",C-1,Skaha Lake,2,APRIL,,1,NO3,0.01,mg/L,,TRUE,FALSE,<0.01
"CA-BC Okanagan Basin Agreement 1974, Tech. Supplement V",C-1,Skaha Lake,2,APRIL,,1,TKN,0.23,mg/L,,FALSE,FALSE,0.23
"CA-BC Okanagan Basin Agreement 1974, Tech. Supplement V",C-1,Skaha Lake,2,APRIL,,1,o-PO4,0.01,mg/L as PO4,0.00326,FALSE,FALSE,0.01
"CA-BC Okanagan Basin Agreement 1974, Tech. Supplement V",C-1,Skaha Lake,2,APRIL,,1,t-PO4,0.05,mg/L as PO4,0.01631,FALSE,FALSE,0.05
"CA-BC Okanagan Basin Agreement 1974, Tech. Supplement V",C-1,Skaha Lake,2,APRIL,,1,SiO2,0.3,mg/L,,FALSE,FALSE,0.3
"CA-BC Okanagan Basin Agreement 1974, Tech. Supplement V",C-1,Skaha Lake,2,APRIL,,5,NO3,0.01,mg/L,,TRUE,FALSE,<0.01
"CA-BC Okanagan Basin Agreement 1974, Tech. Supplement V",C-1,Skaha Lake,2,APRIL,,5,TKN,0.13,mg/L,,FALSE,FALSE,0.13
"CA-BC Okanagan Basin Agreement 1974, Tech. Supplement V",C-1,Skaha Lake,2,APRIL,,5,o-PO4,0.01,mg/L as PO4,0.00326,FALSE,FALSE,0.01
"CA-BC Okanagan Basin Agreement 1974, Tech. Supplement V",C-1,Skaha Lake,2,APRIL,,5,t-PO4,0.09,mg/L as PO4,0.02935,FALSE,FALSE,0.09
"CA-BC Okanagan Basin Agreement 1974, Tech. Supplement V",C-1,Skaha Lake,2,APRIL,,5,SiO2,0.4,mg/L,,FALSE,FALSE,0.4
"CA-BC Okanagan Basin Agreement 1974, Tech. Supplement V",C-1,Skaha Lake,2,APRIL,,10,NO3,0.01,mg/L,,TRUE,FALSE,<0.01
"CA-BC Okanagan Basin Agreement 1974, Tech. Supplement V",C-1,Skaha Lake,2,APRIL,,10,TKN,0.2,mg/L,,FALSE,FALSE,0.20
"CA-BC Okanagan Basin Agreement 1974, Tech. Supplement V",C-1,Skaha Lake,2,APRIL,,10,o-PO4,0.01,mg/L as PO4,0.00326,FALSE,FALSE,0.01
"CA-BC Okanagan Basin Agreement 1974, Tech. Supplement V",C-1,Skaha Lake,2,APRIL,,10,t-PO4,0.05,mg/L as PO4,0.01631,FALSE,FALSE,0.05
"CA-BC Okanagan Basin Agreement 1974, Tech. Supplement V",C-1,Skaha Lake,2,APRIL,,10,SiO2,0.4,mg/L,,FALSE,FALSE,0.4
"CA-BC Okanagan Basin Agreement 1974, Tech. Supplement V",C-1,Skaha Lake,2,APRIL,,25,NO3,0.01,mg/L,,TRUE,FALSE,<0.01
"CA-BC Okanagan Basin Agreement 1974, Tech. Supplement V",C-1,Skaha Lake,2,APRIL,,25,TKN,0.16,mg/L,,FALSE,FALSE,0.16
"CA-BC Okanagan Basin Agreement 1974, Tech. Supplement V",C-1,Skaha Lake,2,APRIL,,25,o-PO4,0.01,mg/L as PO4,0.00326,FALSE,FALSE,0.01
"CA-BC Okanagan Basin Agreement 1974, Tech. Supplement V",C-1,Skaha Lake,2,APRIL,,25,t-PO4,0.07,mg/L as PO4,0.02283,FALSE,FALSE,0.07
"CA-BC Okanagan Basin Agreement 1974, Tech. Supplement V",C-1,Skaha Lake,2,APRIL,,25,SiO2,0.3,mg/L,,FALSE,FALSE,0.3
"CA-BC Okanagan Basin Agreement 1974, Tech. Supplement V",C-1,Skaha Lake,2,APRIL,,47,NO3,0.01,mg/L,,FALSE,FALSE,0.01
"CA-BC Okanagan Basin Agreement 1974, Tech. Supplement V",C-1,Skaha Lake,2,APRIL,,47,TKN,0.16,mg/L,,FALSE,FALSE,0.16
"CA-BC Okanagan Basin Agreement 1974, Tech. Supplement V",C-1,Skaha Lake,2,APRIL,,47,o-PO4,0.02,mg/L as PO4,0.00652,FALSE,FALSE,0.02
"CA-BC Okanagan Basin Agreement 1974, Tech. Supplement V",C-1,Skaha Lake,2,APRIL,,47,t-PO4,0.07,mg/L as PO4,0.02283,FALSE,FALSE,0.07
"CA-BC Okanagan Basin Agreement 1974, Tech. Supplement V",C-1,Skaha Lake,2,APRIL,,47,SiO2,0.3,mg/L,,FALSE,FALSE,0.3
"CA-BC Okanagan Basin Agreement 1974, Tech. Supplement V",C-1,Skaha Lake,2,JUNE,,1,NO3,0.01,mg/L,,TRUE,FALSE,<0.01
"CA-BC Okanagan Basin Agreement 1974, Tech. Supplement V",C-1,Skaha Lake,2,JUNE,,1,TKN,0.33,mg/L,,FALSE,FALSE,0.33
"CA-BC Okanagan Basin Agreement 1974, Tech. Supplement V",C-1,Skaha Lake,2,JUNE,,1,o-PO4,0.29,mg/L as PO4,0.09459,FALSE,FALSE,0.29
"CA-BC Okanagan Basin Agreement 1974, Tech. Supplement V",C-1,Skaha Lake,2,JUNE,,1,t-PO4,0.38,mg/L as PO4,0.12394,FALSE,FALSE,0.38
"CA-BC Okanagan Basin Agreement 1974, Tech. Supplement V",C-1,Skaha Lake,2,JUNE,,1,SiO2,2.6,mg/L,,FALSE,FALSE,2.6
"CA-BC Okanagan Basin Agreement 1974, Tech. Supplement V",C-1,Skaha Lake,2,JUNE,,5,NO3,0.01,mg/L,,TRUE,FALSE,<0.01
"CA-BC Okanagan Basin Agreement 1974, Tech. Supplement V",C-1,Skaha Lake,2,JUNE,,5,TKN,0.3,mg/L,,FALSE,FALSE,0.30
"CA-BC Okanagan Basin Agreement 1974, Tech. Supplement V",C-1,Skaha Lake,2,JUNE,,5,o-PO4,0.02,mg/L as PO4,0.00652,FALSE,FALSE,0.02
"CA-BC Okanagan Basin Agreement 1974, Tech. Supplement V",C-1,Skaha Lake,2,JUNE,,5,t-PO4,0.09,mg/L as PO4,0.02935,FALSE,FALSE,0.09
"CA-BC Okanagan Basin Agreement 1974, Tech. Supplement V",C-1,Skaha Lake,2,JUNE,,5,SiO2,2.5,mg/L,,FALSE,FALSE,2.5
"CA-BC Okanagan Basin Agreement 1974, Tech. Supplement V",C-1,Skaha Lake,2,JUNE,,10,NO3,0.01,mg/L,,TRUE,FALSE,<0.01
"CA-BC Okanagan Basin Agreement 1974, Tech. Supplement V",C-1,Skaha Lake,2,JUNE,,10,TKN,0.3,mg/L,,FALSE,FALSE,0.30
"CA-BC Okanagan Basin Agreement 1974, Tech. Supplement V",C-1,Skaha Lake,2,JUNE,,10,o-PO4,0.02,mg/L as PO4,0.00652,FALSE,FALSE,0.02
"CA-BC Okanagan Basin Agreement 1974, Tech. Supplement V",C-1,Skaha Lake,2,JUNE,,10,t-PO4,0.07,mg/L as PO4,0.02283,FALSE,FALSE,0.07
"CA-BC Okanagan Basin Agreement 1974, Tech. Supplement V",C-1,Skaha Lake,2,JUNE,,10,SiO2,2.3,mg/L,,FALSE,FALSE,2.3
"CA-BC Okanagan Basin Agreement 1974, Tech. Supplement V",C-1,Skaha Lake,2,JUNE,,15,NO3,0.02,mg/L,,TRUE,FALSE,<0.02
"CA-BC Okanagan Basin Agreement 1974, Tech. Supplement V",C-1,Skaha Lake,2,JUNE,,15,TKN,0.34,mg/L,,FALSE,FALSE,0.34
"CA-BC Okanagan Basin Agreement 1974, Tech. Supplement V",C-1,Skaha Lake,2,JUNE,,15,o-PO4,0.03,mg/L as PO4,0.00978,FALSE,FALSE,0.03
"CA-BC Okanagan Basin Agreement 1974, Tech. Supplement V",C-1,Skaha Lake,2,JUNE,,15,t-PO4,0.07,mg/L as PO4,0.02283,FALSE,FALSE,0.07
"CA-BC Okanagan Basin Agreement 1974, Tech. Supplement V",C-1,Skaha Lake,2,JUNE,,15,SiO2,1.0,mg/L,,FALSE,FALSE,1.0
"CA-BC Okanagan Basin Agreement 1974, Tech. Supplement V",C-1,Skaha Lake,2,JUNE,,20,NO3,0.01,mg/L,,TRUE,FALSE,<0.01
"CA-BC Okanagan Basin Agreement 1974, Tech. Supplement V",C-1,Skaha Lake,2,JUNE,,20,TKN,0.34,mg/L,,FALSE,FALSE,0.34
"CA-BC Okanagan Basin Agreement 1974, Tech. Supplement V",C-1,Skaha Lake,2,JUNE,,20,o-PO4,0.03,mg/L as PO4,0.00978,FALSE,FALSE,0.03
"CA-BC Okanagan Basin Agreement 1974, Tech. Supplement V",C-1,Skaha Lake,2,JUNE,,20,t-PO4,0.07,mg/L as PO4,0.02283,FALSE,FALSE,0.07
"CA-BC Okanagan Basin Agreement 1974, Tech. Supplement V",C-1,Skaha Lake,2,JUNE,,20,SiO2,0.6,mg/L,,FALSE,FALSE,0.6
"CA-BC Okanagan Basin Agreement 1974, Tech. Supplement V",C-1,Skaha Lake,2,JUNE,,30,NO3,0.01,mg/L,,TRUE,FALSE,<0.01
"CA-BC Okanagan Basin Agreement 1974, Tech. Supplement V",C-1,Skaha Lake,2,JUNE,,30,TKN,0.21,mg/L,,FALSE,FALSE,0.21
"CA-BC Okanagan Basin Agreement 1974, Tech. Supplement V",C-1,Skaha Lake,2,JUNE,,30,o-PO4,0.03,mg/L as PO4,0.00978,FALSE,FALSE,0.03
"CA-BC Okanagan Basin Agreement 1974, Tech. Supplement V",C-1,Skaha Lake,2,JUNE,,30,t-PO4,,mg/L as PO4,,FALSE,TRUE,ND
"CA-BC Okanagan Basin Agreement 1974, Tech. Supplement V",C-1,Skaha Lake,2,JUNE,,30,SiO2,0.4,mg/L,,FALSE,FALSE,0.4
"CA-BC Okanagan Basin Agreement 1974, Tech. Supplement V",C-1,Skaha Lake,2,JUNE,,44,NO3,0.01,mg/L,,FALSE,FALSE,0.01
"CA-BC Okanagan Basin Agreement 1974, Tech. Supplement V",C-1,Skaha Lake,2,JUNE,,44,TKN,0.38,mg/L,,FALSE,FALSE,0.38
"CA-BC Okanagan Basin Agreement 1974, Tech. Supplement V",C-1,Skaha Lake,2,JUNE,,44,o-PO4,0.07,mg/L as PO4,0.02283,FALSE,FALSE,0.07
"CA-BC Okanagan Basin Agreement 1974, Tech. Supplement V",C-1,Skaha Lake,2,JUNE,,44,t-PO4,0.13,mg/L as PO4,0.0424,FALSE,FALSE,0.13
"CA-BC Okanagan Basin Agreement 1974, Tech. Supplement V",C-1,Skaha Lake,2,JUNE,,44,SiO2,0.5,mg/L,,FALSE,FALSE,0.5
"CA-BC Okanagan Basin Agreement 1974, Tech. Supplement V",C-1,Skaha Lake,2,AUGUST,,1,NO3,0.01,mg/L,,TRUE,FALSE,<0.01
"CA-BC Okanagan Basin Agreement 1974, Tech. Supplement V",C-1,Skaha Lake,2,AUGUST,,1,TKN,0.01,mg/L,,TRUE,FALSE,<0.01
"CA-BC Okanagan Basin Agreement 1974, Tech. Supplement V",C-1,Skaha Lake,2,AUGUST,,1,o-PO4,0.01,mg/L as PO4,0.00326,TRUE,FALSE,<0.01
"CA-BC Okanagan Basin Agreement 1974, Tech. Supplement V",C-1,Skaha Lake,2,AUGUST,,1,t-PO4,,mg/L as PO4,,FALSE,TRUE,ND
"CA-BC Okanagan Basin Agreement 1974, Tech. Supplement V",C-1,Skaha Lake,2,AUGUST,,1,SiO2,2.8,mg/L,,FALSE,FALSE,2.8
"CA-BC Okanagan Basin Agreement 1974, Tech. Supplement V",C-1,Skaha Lake,2,AUGUST,,5,NO3,0.01,mg/L,,TRUE,FALSE,<0.01
"CA-BC Okanagan Basin Agreement 1974, Tech. Supplement V",C-1,Skaha Lake,2,AUGUST,,5,TKN,0.01,mg/L,,TRUE,FALSE,<0.01
"CA-BC Okanagan Basin Agreement 1974, Tech. Supplement V",C-1,Skaha Lake,2,AUGUST,,5,o-PO4,0.01,mg/L as PO4,0.00326,TRUE,FALSE,<0.01
"CA-BC Okanagan Basin Agreement 1974, Tech. Supplement V",C-1,Skaha Lake,2,AUGUST,,5,t-PO4,,mg/L as PO4,,FALSE,TRUE,ND
"CA-BC Okanagan Basin Agreement 1974, Tech. Supplement V",C-1,Skaha Lake,2,AUGUST,,5,SiO2,2.7,mg/L,,FALSE,FALSE,2.7
"CA-BC Okanagan Basin Agreement 1974, Tech. Supplement V",C-1,Skaha Lake,2,AUGUST,,15,NO3,0.03,mg/L,,FALSE,FALSE,0.03
"CA-BC Okanagan Basin Agreement 1974, Tech. Supplement V",C-1,Skaha Lake,2,AUGUST,,15,TKN,0.01,mg/L,,TRUE,FALSE,<0.01
"CA-BC Okanagan Basin Agreement 1974, Tech. Supplement V",C-1,Skaha Lake,2,AUGUST,,15,o-PO4,0.01,mg/L as PO4,0.00326,FALSE,FALSE,0.01
"CA-BC Okanagan Basin Agreement 1974, Tech. Supplement V",C-1,Skaha Lake,2,AUGUST,,15,t-PO4,,mg/L as PO4,,FALSE,TRUE,ND
"CA-BC Okanagan Basin Agreement 1974, Tech. Supplement V",C-1,Skaha Lake,2,AUGUST,,15,SiO2,2.1,mg/L,,FALSE,FALSE,2.1
"CA-BC Okanagan Basin Agreement 1974, Tech. Supplement V",C-1,Skaha Lake,2,AUGUST,,30,NO3,0.05,mg/L,,FALSE,FALSE,0.05
"CA-BC Okanagan Basin Agreement 1974, Tech. Supplement V",C-1,Skaha Lake,2,AUGUST,,30,TKN,0.23,mg/L,,FALSE,FALSE,0.23
"CA-BC Okanagan Basin Agreement 1974, Tech. Supplement V",C-1,Skaha Lake,2,AUGUST,,30,o-PO4,0.02,mg/L as PO4,0.00652,FALSE,FALSE,0.02
"CA-BC Okanagan Basin Agreement 1974, Tech. Supplement V",C-1,Skaha Lake,2,AUGUST,,30,t-PO4,,mg/L as PO4,,FALSE,TRUE,ND
"CA-BC Okanagan Basin Agreement 1974, Tech. Supplement V",C-1,Skaha Lake,2,AUGUST,,30,SiO2,1.4,mg/L,,FALSE,FALSE,1.4
"CA-BC Okanagan Basin Agreement 1974, Tech. Supplement V",C-1,Skaha Lake,2,AUGUST,,48,NO3,0.06,mg/L,,FALSE,FALSE,0.06
"CA-BC Okanagan Basin Agreement 1974, Tech. Supplement V",C-1,Skaha Lake,2,AUGUST,,48,TKN,0.08,mg/L,,FALSE,FALSE,0.08
"CA-BC Okanagan Basin Agreement 1974, Tech. Supplement V",C-1,Skaha Lake,2,AUGUST,,48,o-PO4,0.04,mg/L as PO4,0.01305,FALSE,FALSE,0.04
"CA-BC Okanagan Basin Agreement 1974, Tech. Supplement V",C-1,Skaha Lake,2,AUGUST,,48,t-PO4,,mg/L as PO4,,FALSE,TRUE,ND
"CA-BC Okanagan Basin Agreement 1974, Tech. Supplement V",C-1,Skaha Lake,2,AUGUST,,48,SiO2,1.4,mg/L,,FALSE,FALSE,1.4
"CA-BC Okanagan Basin Agreement 1974, Tech. Supplement V",C-1,Skaha Lake,2,OCTOBER,,1,NO3,0.01,mg/L,,TRUE,FALSE,<0.01
"CA-BC Okanagan Basin Agreement 1974, Tech. Supplement V",C-1,Skaha Lake,2,OCTOBER,,1,TKN,0.43,mg/L,,FALSE,FALSE,0.43
"CA-BC Okanagan Basin Agreement 1974, Tech. Supplement V",C-1,Skaha Lake,2,OCTOBER,,1,o-PO4,0.005,mg/L as PO4,0.00163,TRUE,FALSE,<0.005
"CA-BC Okanagan Basin Agreement 1974, Tech. Supplement V",C-1,Skaha Lake,2,OCTOBER,,1,t-PO4,0.06,mg/L as PO4,0.01957,FALSE,FALSE,0.06
"CA-BC Okanagan Basin Agreement 1974, Tech. Supplement V",C-1,Skaha Lake,2,OCTOBER,,1,SiO2,2.8,mg/L,,FALSE,FALSE,2.8
"CA-BC Okanagan Basin Agreement 1974, Tech. Supplement V",C-1,Skaha Lake,2,OCTOBER,,10,NO3,0.01,mg/L,,TRUE,FALSE,<0.01
"CA-BC Okanagan Basin Agreement 1974, Tech. Supplement V",C-1,Skaha Lake,2,OCTOBER,,10,TKN,0.36,mg/L,,FALSE,FALSE,0.36
"CA-BC Okanagan Basin Agreement 1974, Tech. Supplement V",C-1,Skaha Lake,2,OCTOBER,,10,o-PO4,0.005,mg/L as PO4,0.00163,TRUE,FALSE,<0.005
"CA-BC Okanagan Basin Agreement 1974, Tech. Supplement V",C-1,Skaha Lake,2,OCTOBER,,10,t-PO4,0.05,mg/L as PO4,0.01631,FALSE,FALSE,0.05
"CA-BC Okanagan Basin Agreement 1974, Tech. Supplement V",C-1,Skaha Lake,2,OCTOBER,,10,SiO2,2.7,mg/L,,FALSE,FALSE,2.7
"CA-BC Okanagan Basin Agreement 1974, Tech. Supplement V",C-1,Skaha Lake,2,OCTOBER,,20,NO3,0.09,mg/L,,FALSE,FALSE,0.09
"CA-BC Okanagan Basin Agreement 1974, Tech. Supplement V",C-1,Skaha Lake,2,OCTOBER,,20,TKN,0.18,mg/L,,FALSE,FALSE,0.18
"CA-BC Okanagan Basin Agreement 1974, Tech. Supplement V",C-1,Skaha Lake,2,OCTOBER,,20,o-PO4,0.08,mg/L as PO4,0.02609,FALSE,FALSE,0.08
"CA-BC Okanagan Basin Agreement 1974, Tech. Supplement V",C-1,Skaha Lake,2,OCTOBER,,20,t-PO4,0.09,mg/L as PO4,0.02935,FALSE,FALSE,0.09
"CA-BC Okanagan Basin Agreement 1974, Tech. Supplement V",C-1,Skaha Lake,2,OCTOBER,,20,SiO2,2.0,mg/L,,FALSE,FALSE,2.0
"CA-BC Okanagan Basin Agreement 1974, Tech. Supplement V",C-1,Skaha Lake,2,OCTOBER,,30,NO3,0.09,mg/L,,FALSE,FALSE,0.09
"CA-BC Okanagan Basin Agreement 1974, Tech. Supplement V",C-1,Skaha Lake,2,OCTOBER,,30,TKN,0.16,mg/L,,FALSE,FALSE,0.16
"CA-BC Okanagan Basin Agreement 1974, Tech. Supplement V",C-1,Skaha Lake,2,OCTOBER,,30,o-PO4,0.1,mg/L as PO4,0.03262,FALSE,FALSE,0.10
"CA-BC Okanagan Basin Agreement 1974, Tech. Supplement V",C-1,Skaha Lake,2,OCTOBER,,30,t-PO4,0.11,mg/L as PO4,0.03588,FALSE,FALSE,0.11
"CA-BC Okanagan Basin Agreement 1974, Tech. Supplement V",C-1,Skaha Lake,2,OCTOBER,,30,SiO2,1.5,mg/L,,FALSE,FALSE,1.5
"CA-BC Okanagan Basin Agreement 1974, Tech. Supplement V",C-1,Skaha Lake,2,OCTOBER,,48,NO3,0.17,mg/L,,FALSE,FALSE,0.17
"CA-BC Okanagan Basin Agreement 1974, Tech. Supplement V",C-1,Skaha Lake,2,OCTOBER,,48,TKN,0.16,mg/L,,FALSE,FALSE,0.16
"CA-BC Okanagan Basin Agreement 1974, Tech. Supplement V",C-1,Skaha Lake,2,OCTOBER,,48,o-PO4,0.21,mg/L as PO4,0.06849,FALSE,FALSE,0.21
"CA-BC Okanagan Basin Agreement 1974, Tech. Supplement V",C-1,Skaha Lake,2,OCTOBER,,48,t-PO4,0.22,mg/L as PO4,0.07175,FALSE,FALSE,0.22
"CA-BC Okanagan Basin Agreement 1974, Tech. Supplement V",C-1,Skaha Lake,2,OCTOBER,,48,SiO2,2.1,mg/L,,FALSE,FALSE,2.1
"CA-BC Okanagan Basin Agreement 1974, Tech. Supplement V",C-1,Skaha Lake,4,APRIL,,1,NO3,0.01,mg/L,,TRUE,FALSE,<0.01
"CA-BC Okanagan Basin Agreement 1974, Tech. Supplement V",C-1,Skaha Lake,4,APRIL,,1,TKN,0.38,mg/L,,FALSE,FALSE,0.38
"CA-BC Okanagan Basin Agreement 1974, Tech. Supplement V",C-1,Skaha Lake,4,APRIL,,1,o-PO4,0.01,mg/L as PO4,0.00326,FALSE,FALSE,0.01
"CA-BC Okanagan Basin Agreement 1974, Tech. Supplement V",C-1,Skaha Lake,4,APRIL,,1,t-PO4,0.05,mg/L as PO4,0.01631,FALSE,FALSE,0.05
"CA-BC Okanagan Basin Agreement 1974, Tech. Supplement V",C-1,Skaha Lake,4,APRIL,,1,SiO2,0.3,mg/L,,FALSE,FALSE,0.3
"CA-BC Okanagan Basin Agreement 1974, Tech. Supplement V",C-1,Skaha Lake,4,APRIL,,5,NO3,0.01,mg/L,,TRUE,FALSE,<0.01
"CA-BC Okanagan Basin Agreement 1974, Tech. Supplement V",C-1,Skaha Lake,4,APRIL,,5,TKN,0.02,mg/L,,FALSE,FALSE,0.02
"CA-BC Okanagan Basin Agreement 1974, Tech. Supplement V",C-1,Skaha Lake,4,APRIL,,5,o-PO4,0.01,mg/L as PO4,0.00326,FALSE,FALSE,0.01
"CA-BC Okanagan Basin Agreement 1974, Tech. Supplement V",C-1,Skaha Lake,4,APRIL,,5,t-PO4,0.05,mg/L as PO4,0.01631,FALSE,FALSE,0.05
"CA-BC Okanagan Basin Agreement 1974, Tech. Supplement V",C-1,Skaha Lake,4,APRIL,,5,SiO2,0.2,mg/L,,FALSE,FALSE,0.2
"CA-BC Okanagan Basin Agreement 1974, Tech. Supplement V",C-1,Skaha Lake,4,APRIL,,10,NO3,0.01,mg/L,,TRUE,FALSE,<0.01
"CA-BC Okanagan Basin Agreement 1974, Tech. Supplement V",C-1,Skaha Lake,4,APRIL,,10,TKN,0.26,mg/L,,FALSE,FALSE,0.26
"CA-BC Okanagan Basin Agreement 1974, Tech. Supplement V",C-1,Skaha Lake,4,APRIL,,10,o-PO4,0.02,mg/L as PO4,0.00652,FALSE,FALSE,0.02
"CA-BC Okanagan Basin Agreement 1974, Tech. Supplement V",C-1,Skaha Lake,4,APRIL,,10,t-PO4,0.05,mg/L as PO4,0.01631,FALSE,FALSE,0.05
"CA-BC Okanagan Basin Agreement 1974, Tech. Supplement V",C-1,Skaha Lake,4,APRIL,,10,SiO2,0.2,mg/L,,FALSE,FALSE,0.2
"CA-BC Okanagan Basin Agreement 1974, Tech. Supplement V",C-1,Skaha Lake,4,APRIL,,25,NO3,0.01,mg/L,,TRUE,FALSE,<0.01
"CA-BC Okanagan Basin Agreement 1974, Tech. Supplement V",C-1,Skaha Lake,4,APRIL,,25,TKN,0.2,mg/L,,FALSE,FALSE,0.20
"CA-BC Okanagan Basin Agreement 1974, Tech. Supplement V",C-1,Skaha Lake,4,APRIL,,25,o-PO4,0.02,mg/L as PO4,0.00652,FALSE,FALSE,0.02
"CA-BC Okanagan Basin Agreement 1974, Tech. Supplement V",C-1,Skaha Lake,4,APRIL,,25,t-PO4,0.08,mg/L as PO4,0.02609,FALSE,FALSE,0.08
"CA-BC Okanagan Basin Agreement 1974, Tech. Supplement V",C-1,Skaha Lake,4,APRIL,,25,SiO2,0.2,mg/L,,FALSE,FALSE,0.2
"CA-BC Okanagan Basin Agreement 1974, Tech. Supplement V",C-1,Skaha Lake,4,APRIL,,48,NO3,0.01,mg/L,,TRUE,FALSE,<0.01
"CA-BC Okanagan Basin Agreement 1974, Tech. Supplement V",C-1,Skaha Lake,4,APRIL,,48,TKN,0.28,mg/L,,FALSE,FALSE,0.28
"CA-BC Okanagan Basin Agreement 1974, Tech. Supplement V",C-1,Skaha Lake,4,APRIL,,48,o-PO4,0.02,mg/L as PO4,0.00652,FALSE,FALSE,0.02
"CA-BC Okanagan Basin Agreement 1974, Tech. Supplement V",C-1,Skaha Lake,4,APRIL,,48,t-PO4,0.07,mg/L as PO4,0.02283,FALSE,FALSE,0.07
"CA-BC Okanagan Basin Agreement 1974, Tech. Supplement V",C-1,Skaha Lake,4,APRIL,,48,SiO2,0.3,mg/L,,FALSE,FALSE,0.3
"CA-BC Okanagan Basin Agreement 1974, Tech. Supplement V",C-1,Skaha Lake,4,JUNE,,1,NO3,0.01,mg/L,,FALSE,FALSE,0.01
"CA-BC Okanagan Basin Agreement 1974, Tech. Supplement V",C-1,Skaha Lake,4,JUNE,,1,TKN,0.1,mg/L,,FALSE,FALSE,0.10
"CA-BC Okanagan Basin Agreement 1974, Tech. Supplement V",C-1,Skaha Lake,4,JUNE,,1,o-PO4,0.2,mg/L as PO4,0.06523,FALSE,FALSE,0.20
"CA-BC Okanagan Basin Agreement 1974, Tech. Supplement V",C-1,Skaha Lake,4,JUNE,,1,t-PO4,0.29,mg/L as PO4,0.09459,FALSE,FALSE,0.29
"CA-BC Okanagan Basin Agreement 1974, Tech. Supplement V",C-1,Skaha Lake,4,JUNE,,1,SiO2,2.3,mg/L,,FALSE,FALSE,2.3
"CA-BC Okanagan Basin Agreement 1974, Tech. Supplement V",C-1,Skaha Lake,4,JUNE,,5,NO3,0.01,mg/L,,TRUE,FALSE,<0.01
"CA-BC Okanagan Basin Agreement 1974, Tech. Supplement V",C-1,Skaha Lake,4,JUNE,,5,TKN,0.2,mg/L,,FALSE,FALSE,0.20
"CA-BC Okanagan Basin Agreement 1974, Tech. Supplement V",C-1,Skaha Lake,4,JUNE,,5,o-PO4,0.01,mg/L as PO4,0.00326,FALSE,FALSE,0.01
"CA-BC Okanagan Basin Agreement 1974, Tech. Supplement V",C-1,Skaha Lake,4,JUNE,,5,t-PO4,0.08,mg/L as PO4,0.02609,FALSE,FALSE,0.08
"CA-BC Okanagan Basin Agreement 1974, Tech. Supplement V",C-1,Skaha Lake,4,JUNE,,5,SiO2,2.4,mg/L,,FALSE,FALSE,2.4
"CA-BC Okanagan Basin Agreement 1974, Tech. Supplement V",C-1,Skaha Lake,4,JUNE,,10,NO3,0.01,mg/L,,FALSE,FALSE,0.01
"CA-BC Okanagan Basin Agreement 1974, Tech. Supplement V",C-1,Skaha Lake,4,JUNE,,10,TKN,0.21,mg/L,,FALSE,FALSE,0.21
"CA-BC Okanagan Basin Agreement 1974, Tech. Supplement V",C-1,Skaha Lake,4,JUNE,,10,o-PO4,0.01,mg/L as PO4,0.00326,FALSE,FALSE,0.01
"CA-BC Okanagan Basin Agreement 1974, Tech. Supplement V",C-1,Skaha Lake,4,JUNE,,10,t-PO4,0.07,mg/L as PO4,0.02283,FALSE,FALSE,0.07
"CA-BC Okanagan Basin Agreement 1974, Tech. Supplement V",C-1,Skaha Lake,4,JUNE,,10,SiO2,2.6,mg/L,,FALSE,FALSE,2.6
"CA-BC Okanagan Basin Agreement 1974, Tech. Supplement V",C-1,Skaha Lake,4,JUNE,,15,NO3,0.01,mg/L,,FALSE,FALSE,0.01
"CA-BC Okanagan Basin Agreement 1974, Tech. Supplement V",C-1,Skaha Lake,4,JUNE,,15,TKN,0.13,mg/L,,FALSE,FALSE,0.13
"CA-BC Okanagan Basin Agreement 1974, Tech. Supplement V",C-1,Skaha Lake,4,JUNE,,15,o-PO4,3.03,mg/L as PO4,0.98826,FALSE,FALSE,3.03
"CA-BC Okanagan Basin Agreement 1974, Tech. Supplement V",C-1,Skaha Lake,4,JUNE,,15,t-PO4,0.07,mg/L as PO4,0.02283,FALSE,FALSE,0.07
"CA-BC Okanagan Basin Agreement 1974, Tech. Supplement V",C-1,Skaha Lake,4,JUNE,,15,SiO2,1.3,mg/L,,FALSE,FALSE,1.3
"CA-BC Okanagan Basin Agreement 1974, Tech. Supplement V",C-1,Skaha Lake,4,JUNE,,20,NO3,0.01,mg/L,,FALSE,FALSE,0.01
"CA-BC Okanagan Basin Agreement 1974, Tech. Supplement V",C-1,Skaha Lake,4,JUNE,,20,TKN,0.2,mg/L,,FALSE,FALSE,0.20
"CA-BC Okanagan Basin Agreement 1974, Tech. Supplement V",C-1,Skaha Lake,4,JUNE,,20,o-PO4,0.04,mg/L as PO4,0.01305,FALSE,FALSE,0.04
"CA-BC Okanagan Basin Agreement 1974, Tech. Supplement V",C-1,Skaha Lake,4,JUNE,,20,t-PO4,0.07,mg/L as PO4,0.02283,FALSE,FALSE,0.07
"CA-BC Okanagan Basin Agreement 1974, Tech. Supplement V",C-1,Skaha Lake,4,JUNE,,20,SiO2,0.8,mg/L,,FALSE,FALSE,0.8
"CA-BC Okanagan Basin Agreement 1974, Tech. Supplement V",C-1,Skaha Lake,4,JUNE,,30,NO3,0.01,mg/L,,FALSE,FALSE,0.01
"CA-BC Okanagan Basin Agreement 1974, Tech. Supplement V",C-1,Skaha Lake,4,JUNE,,30,TKN,0.07,mg/L,,FALSE,FALSE,0.07
"CA-BC Okanagan Basin Agreement 1974, Tech. Supplement V",C-1,Skaha Lake,4,JUNE,,30,o-PO4,0.06,mg/L as PO4,0.01957,FALSE,FALSE,0.06
"CA-BC Okanagan Basin Agreement 1974, Tech. Supplement V",C-1,Skaha Lake,4,JUNE,,30,t-PO4,0.1,mg/L as PO4,0.03262,FALSE,FALSE,0.10
"CA-BC Okanagan Basin Agreement 1974, Tech. Supplement V",C-1,Skaha Lake,4,JUNE,,30,SiO2,0.6,mg/L,,FALSE,FALSE,0.6
"CA-BC Okanagan Basin Agreement 1974, Tech. Supplement V",C-1,Skaha Lake,4,JUNE,,44,NO3,0.01,mg/L,,FALSE,FALSE,0.01
"CA-BC Okanagan Basin Agreement 1974, Tech. Supplement V",C-1,Skaha Lake,4,JUNE,,44,TKN,0.59,mg/L,,FALSE,FALSE,0.59
"CA-BC Okanagan Basin Agreement 1974, Tech. Supplement V",C-1,Skaha Lake,4,JUNE,,44,o-PO4,0.07,mg/L as PO4,0.02283,FALSE,FALSE,0.07
"CA-BC Okanagan Basin Agreement 1974, Tech. Supplement V",C-1,Skaha Lake,4,JUNE,,44,t-PO4,0.11,mg/L as PO4,0.03588,FALSE,FALSE,0.11
"CA-BC Okanagan Basin Agreement 1974, Tech. Supplement V",C-1,Skaha Lake,4,JUNE,,44,SiO2,0.6,mg/L,,FALSE,FALSE,0.6
"CA-BC Okanagan Basin Agreement 1974, Tech. Supplement V",C-1,Skaha Lake,4,AUGUST,,1,NO3,0.01,mg/L,,TRUE,FALSE,<0.01
"CA-BC Okanagan Basin Agreement 1974, Tech. Supplement V",C-1,Skaha Lake,4,AUGUST,,1,TKN,0.13,mg/L,,FALSE,FALSE,0.13
"CA-BC Okanagan Basin Agreement 1974, Tech. Supplement V",C-1,Skaha Lake,4,AUGUST,,1,o-PO4,0.25,mg/L as PO4,0.08154,FALSE,FALSE,0.25
"CA-BC Okanagan Basin Agreement 1974, Tech. Supplement V",C-1,Skaha Lake,4,AUGUST,,1,t-PO4,,mg/L as PO4,,FALSE,TRUE,ND
"CA-BC Okanagan Basin Agreement 1974, Tech. Supplement V",C-1,Skaha Lake,4,AUGUST,,1,SiO2,2.7,mg/L,,FALSE,FALSE,2.7
"CA-BC Okanagan Basin Agreement 1974, Tech. Supplement V",C-1,Skaha Lake,4,AUGUST,,5,NO3,0.01,mg/L,,FALSE,FALSE,0.01
"CA-BC Okanagan Basin Agreement 1974, Tech. Supplement V",C-1,Skaha Lake,4,AUGUST,,5,TKN,0.33,mg/L,,FALSE,FALSE,0.33
"CA-BC Okanagan Basin Agreement 1974, Tech. Supplement V",C-1,Skaha Lake,4,AUGUST,,5,o-PO4,0.01,mg/L as PO4,0.00326,TRUE,FALSE,<0.01
"CA-BC Okanagan Basin Agreement 1974, Tech. Supplement V",C-1,Skaha Lake,4,AUGUST,,5,t-PO4,,mg/L as PO4,,FALSE,TRUE,ND
"CA-BC Okanagan Basin Agreement 1974, Tech. Supplement V",C-1,Skaha Lake,4,AUGUST,,5,SiO2,2.7,mg/L,,FALSE,FALSE,2.7
"CA-BC Okanagan Basin Agreement 1974, Tech. Supplement V",C-1,Skaha Lake,4,AUGUST,,15,NO3,0.05,mg/L,,FALSE,FALSE,0.05
"CA-BC Okanagan Basin Agreement 1974, Tech. Supplement V",C-1,Skaha Lake,4,AUGUST,,15,TKN,0.11,mg/L,,FALSE,FALSE,0.11
"CA-BC Okanagan Basin Agreement 1974, Tech. Supplement V",C-1,Skaha Lake,4,AUGUST,,15,o-PO4,0.03,mg/L as PO4,0.00978,FALSE,FALSE,0.03
"CA-BC Okanagan Basin Agreement 1974, Tech. Supplement V",C-1,Skaha Lake,4,AUGUST,,15,t-PO4,,mg/L as PO4,,FALSE,TRUE,ND
"CA-BC Okanagan Basin Agreement 1974, Tech. Supplement V",C-1,Skaha Lake,4,AUGUST,,15,SiO2,2.0,mg/L,,FALSE,FALSE,2.0
"CA-BC Okanagan Basin Agreement 1974, Tech. Supplement V",C-1,Skaha Lake,4,AUGUST,,30,NO3,0.12,mg/L,,FALSE,FALSE,0.12
"CA-BC Okanagan Basin Agreement 1974, Tech. Supplement V",C-1,Skaha Lake,4,AUGUST,,30,TKN,0.38,mg/L,,FALSE,FALSE,0.38
"CA-BC Okanagan Basin Agreement 1974, Tech. Supplement V",C-1,Skaha Lake,4,AUGUST,,30,o-PO4,0.15,mg/L as PO4,0.04892,FALSE,FALSE,0.15
"CA-BC Okanagan Basin Agreement 1974, Tech. Supplement V",C-1,Skaha Lake,4,AUGUST,,30,t-PO4,,mg/L as PO4,,FALSE,TRUE,ND
"CA-BC Okanagan Basin Agreement 1974, Tech. Supplement V",C-1,Skaha Lake,4,AUGUST,,30,SiO2,1.4,mg/L,,FALSE,FALSE,1.4
"CA-BC Okanagan Basin Agreement 1974, Tech. Supplement V",C-1,Skaha Lake,4,AUGUST,,48,NO3,0.06,mg/L,,FALSE,FALSE,0.06
"CA-BC Okanagan Basin Agreement 1974, Tech. Supplement V",C-1,Skaha Lake,4,AUGUST,,48,TKN,0.11,mg/L,,FALSE,FALSE,0.11
"CA-BC Okanagan Basin Agreement 1974, Tech. Supplement V",C-1,Skaha Lake,4,AUGUST,,48,o-PO4,0.05,mg/L as PO4,0.01631,FALSE,FALSE,0.05
"CA-BC Okanagan Basin Agreement 1974, Tech. Supplement V",C-1,Skaha Lake,4,AUGUST,,48,t-PO4,,mg/L as PO4,,FALSE,TRUE,ND
"CA-BC Okanagan Basin Agreement 1974, Tech. Supplement V",C-1,Skaha Lake,4,AUGUST,,48,SiO2,1.8,mg/L,,FALSE,FALSE,1.8
"CA-BC Okanagan Basin Agreement 1974, Tech. Supplement V",C-1,Skaha Lake,4,OCTOBER,,1,NO3,0.01,mg/L,,TRUE,FALSE,<0.01
"CA-BC Okanagan Basin Agreement 1974, Tech. Supplement V",C-1,Skaha Lake,4,OCTOBER,,1,TKN,0.46,mg/L,,FALSE,FALSE,0.46
"CA-BC Okanagan Basin Agreement 1974, Tech. Supplement V",C-1,Skaha Lake,4,OCTOBER,,1,o-PO4,0.005,mg/L as PO4,0.00163,TRUE,FALSE,<0.005
"CA-BC Okanagan Basin Agreement 1974, Tech. Supplement V",C-1,Skaha Lake,4,OCTOBER,,1,t-PO4,0.06,mg/L as PO4,0.01957,FALSE,FALSE,0.06
"CA-BC Okanagan Basin Agreement 1974, Tech. Supplement V",C-1,Skaha Lake,4,OCTOBER,,1,SiO2,2.8,mg/L,,FALSE,FALSE,2.8
"CA-BC Okanagan Basin Agreement 1974, Tech. Supplement V",C-1,Skaha Lake,4,OCTOBER,,10,NO3,0.01,mg/L,,TRUE,FALSE,<0.01
"CA-BC Okanagan Basin Agreement 1974, Tech. Supplement V",C-1,Skaha Lake,4,OCTOBER,,10,TKN,0.2,mg/L,,FALSE,FALSE,0.20
"CA-BC Okanagan Basin Agreement 1974, Tech. Supplement V",C-1,Skaha Lake,4,OCTOBER,,10,o-PO4,0.005,mg/L as PO4,0.00163,TRUE,FALSE,<0.005
"CA-BC Okanagan Basin Agreement 1974, Tech. Supplement V",C-1,Skaha Lake,4,OCTOBER,,10,t-PO4,0.04,mg/L as PO4,0.01305,FALSE,FALSE,0.04
"CA-BC Okanagan Basin Agreement 1974, Tech. Supplement V",C-1,Skaha Lake,4,OCTOBER,,10,SiO2,2.8,mg/L,,FALSE,FALSE,2.8
"CA-BC Okanagan Basin Agreement 1974, Tech. Supplement V",C-1,Skaha Lake,4,OCTOBER,,20,NO3,0.07,mg/L,,FALSE,FALSE,0.07
"CA-BC Okanagan Basin Agreement 1974, Tech. Supplement V",C-1,Skaha Lake,4,OCTOBER,,20,TKN,1.31,mg/L,,FALSE,FALSE,1.31
"CA-BC Okanagan Basin Agreement 1974, Tech. Supplement V",C-1,Skaha Lake,4,OCTOBER,,20,o-PO4,0.09,mg/L as PO4,0.02935,FALSE,FALSE,0.09
"CA-BC Okanagan Basin Agreement 1974, Tech. Supplement V",C-1,Skaha Lake,4,OCTOBER,,20,t-PO4,0.1,mg/L as PO4,0.03262,FALSE,FALSE,0.10
"CA-BC Okanagan Basin Agreement 1974, Tech. Supplement V",C-1,Skaha Lake,4,OCTOBER,,20,SiO2,2.1,mg/L,,FALSE,FALSE,2.1
"CA-BC Okanagan Basin Agreement 1974, Tech. Supplement V",C-1,Skaha Lake,4,OCTOBER,,30,NO3,0.14,mg/L,,FALSE,FALSE,0.14
"CA-BC Okanagan Basin Agreement 1974, Tech. Supplement V",C-1,Skaha Lake,4,OCTOBER,,30,TKN,0.07,mg/L,,FALSE,FALSE,0.07
"CA-BC Okanagan Basin Agreement 1974, Tech. Supplement V",C-1,Skaha Lake,4,OCTOBER,,30,o-PO4,0.16,mg/L as PO4,0.05219,FALSE,FALSE,0.16
"CA-BC Okanagan Basin Agreement 1974, Tech. Supplement V",C-1,Skaha Lake,4,OCTOBER,,30,t-PO4,0.17,mg/L as PO4,0.05545,FALSE,FALSE,0.17
"CA-BC Okanagan Basin Agreement 1974, Tech. Supplement V",C-1,Skaha Lake,4,OCTOBER,,30,SiO2,2.1,mg/L,,FALSE,FALSE,2.1
"CA-BC Okanagan Basin Agreement 1974, Tech. Supplement V",C-1,Skaha Lake,4,OCTOBER,,44,NO3,0.13,mg/L,,FALSE,FALSE,0.13
"CA-BC Okanagan Basin Agreement 1974, Tech. Supplement V",C-1,Skaha Lake,4,OCTOBER,,44,TKN,0.1,mg/L,,FALSE,FALSE,0.10
"CA-BC Okanagan Basin Agreement 1974, Tech. Supplement V",C-1,Skaha Lake,4,OCTOBER,,44,o-PO4,0.21,mg/L as PO4,0.06849,FALSE,FALSE,0.21
"CA-BC Okanagan Basin Agreement 1974, Tech. Supplement V",C-1,Skaha Lake,4,OCTOBER,,44,t-PO4,0.24,mg/L as PO4,0.07828,FALSE,FALSE,0.24
"CA-BC Okanagan Basin Agreement 1974, Tech. Supplement V",C-1,Skaha Lake,4,OCTOBER,,44,SiO2,2.3,mg/L,,FALSE,FALSE,2.3
"CA-BC Okanagan Basin Agreement 1974, Tech. Supplement V",C-1,Skaha Lake,6,APRIL,,1,NO3,0.01,mg/L,,TRUE,FALSE,<0.01
"CA-BC Okanagan Basin Agreement 1974, Tech. Supplement V",C-1,Skaha Lake,6,APRIL,,1,TKN,0.28,mg/L,,FALSE,FALSE,0.28
"CA-BC Okanagan Basin Agreement 1974, Tech. Supplement V",C-1,Skaha Lake,6,APRIL,,1,o-PO4,0.02,mg/L as PO4,0.00652,FALSE,FALSE,0.02
"CA-BC Okanagan Basin Agreement 1974, Tech. Supplement V",C-1,Skaha Lake,6,APRIL,,1,t-PO4,0.05,mg/L as PO4,0.01631,FALSE,FALSE,0.05
"CA-BC Okanagan Basin Agreement 1974, Tech. Supplement V",C-1,Skaha Lake,6,APRIL,,1,SiO2,0.2,mg/L,,FALSE,FALSE,0.2
"CA-BC Okanagan Basin Agreement 1974, Tech. Supplement V",C-1,Skaha Lake,6,APRIL,,5,NO3,0.01,mg/L,,TRUE,FALSE,<0.01
"CA-BC Okanagan Basin Agreement 1974, Tech. Supplement V",C-1,Skaha Lake,6,APRIL,,5,TKN,0.28,mg/L,,FALSE,FALSE,0.28
"CA-BC Okanagan Basin Agreement 1974, Tech. Supplement V",C-1,Skaha Lake,6,APRIL,,5,o-PO4,0.02,mg/L as PO4,0.00652,FALSE,FALSE,0.02
"CA-BC Okanagan Basin Agreement 1974, Tech. Supplement V",C-1,Skaha Lake,6,APRIL,,5,t-PO4,0.07,mg/L as PO4,0.02283,FALSE,FALSE,0.07
"CA-BC Okanagan Basin Agreement 1974, Tech. Supplement V",C-1,Skaha Lake,6,APRIL,,5,SiO2,0.2,mg/L,,FALSE,FALSE,0.2
"CA-BC Okanagan Basin Agreement 1974, Tech. Supplement V",C-1,Skaha Lake,6,APRIL,,10,NO3,0.01,mg/L,,TRUE,FALSE,<0.01
"CA-BC Okanagan Basin Agreement 1974, Tech. Supplement V",C-1,Skaha Lake,6,APRIL,,10,TKN,0.18,mg/L,,FALSE,FALSE,0.18
"CA-BC Okanagan Basin Agreement 1974, Tech. Supplement V",C-1,Skaha Lake,6,APRIL,,10,o-PO4,0.02,mg/L as PO4,0.00652,FALSE,FALSE,0.02
"CA-BC Okanagan Basin Agreement 1974, Tech. Supplement V",C-1,Skaha Lake,6,APRIL,,10,t-PO4,0.05,mg/L as PO4,0.01631,FALSE,FALSE,0.05
"CA-BC Okanagan Basin Agreement 1974, Tech. Supplement V",C-1,Skaha Lake,6,APRIL,,10,SiO2,0.2,mg/L,,FALSE,FALSE,0.2
"CA-BC Okanagan Basin Agreement 1974, Tech. Supplement V",C-1,Skaha Lake,6,APRIL,,25,NO3,0.01,mg/L,,TRUE,FALSE,<0.01
"CA-BC Okanagan Basin Agreement 1974, Tech. Supplement V",C-1,Skaha Lake,6,APRIL,,25,TKN,0.21,mg/L,,FALSE,FALSE,0.21
"CA-BC Okanagan Basin Agreement 1974, Tech. Supplement V",C-1,Skaha Lake,6,APRIL,,25,o-PO4,0.02,mg/L as PO4,0.00652,FALSE,FALSE,0.02
"CA-BC Okanagan Basin Agreement 1974, Tech. Supplement V",C-1,Skaha Lake,6,APRIL,,25,t-PO4,0.07,mg/L as PO4,0.02283,FALSE,FALSE,0.07
"CA-BC Okanagan Basin Agreement 1974, Tech. Supplement V",C-1,Skaha Lake,6,APRIL,,25,SiO2,0.2,mg/L,,FALSE,FALSE,0.2
"CA-BC Okanagan Basin Agreement 1974, Tech. Supplement V",C-1,Skaha Lake,6,APRIL,,37,NO3,0.01,mg/L,,TRUE,FALSE,<0.01
"CA-BC Okanagan Basin Agreement 1974, Tech. Supplement V",C-1,Skaha Lake,6,APRIL,,37,TKN,0.28,mg/L,,FALSE,FALSE,0.28
"CA-BC Okanagan Basin Agreement 1974, Tech. Supplement V",C-1,Skaha Lake,6,APRIL,,37,o-PO4,0.02,mg/L as PO4,0.00652,FALSE,FALSE,0.02
"CA-BC Okanagan Basin Agreement 1974, Tech. Supplement V",C-1,Skaha Lake,6,APRIL,,37,t-PO4,0.09,mg/L as PO4,0.02935,FALSE,FALSE,0.09
"CA-BC Okanagan Basin Agreement 1974, Tech. Supplement V",C-1,Skaha Lake,6,APRIL,,37,SiO2,0.2,mg/L,,FALSE,FALSE,0.2
"CA-BC Okanagan Basin Agreement 1974, Tech. Supplement V",C-1,Skaha Lake,6,JUNE,,1,NO3,0.01,mg/L,,TRUE,FALSE,<0.01
"CA-BC Okanagan Basin Agreement 1974, Tech. Supplement V",C-1,Skaha Lake,6,JUNE,,1,TKN,0.01,mg/L,,TRUE,FALSE,<0.01
"CA-BC Okanagan Basin Agreement 1974, Tech. Supplement V",C-1,Skaha Lake,6,JUNE,,1,o-PO4,0.14,mg/L as PO4,0.04566,FALSE,FALSE,0.14
"CA-BC Okanagan Basin Agreement 1974, Tech. Supplement V",C-1,Skaha Lake,6,JUNE,,1,t-PO4,0.21,mg/L as PO4,0.06849,FALSE,FALSE,0.21
"CA-BC Okanagan Basin Agreement 1974, Tech. Supplement V",C-1,Skaha Lake,6,JUNE,,1,SiO2,2.3,mg/L,,FALSE,FALSE,2.3
"CA-BC Okanagan Basin Agreement 1974, Tech. Supplement V",C-1,Skaha Lake,6,JUNE,,5,NO3,0.01,mg/L,,TRUE,FALSE,<0.01
"CA-BC Okanagan Basin Agreement 1974, Tech. Supplement V",C-1,Skaha Lake,6,JUNE,,5,TKN,0.13,mg/L,,FALSE,FALSE,0.13
"CA-BC Okanagan Basin Agreement 1974, Tech. Supplement V",C-1,Skaha Lake,6,JUNE,,5,o-PO4,0.01,mg/L as PO4,0.00326,FALSE,FALSE,0.01
"CA-BC Okanagan Basin Agreement 1974, Tech. Supplement V",C-1,Skaha Lake,6,JUNE,,5,t-PO4,0.06,mg/L as PO4,0.01957,FALSE,FALSE,0.06
"CA-BC Okanagan Basin Agreement 1974, Tech. Supplement V",C-1,Skaha Lake,6,JUNE,,5,SiO2,2.3,mg/L,,FALSE,FALSE,2.3
"CA-BC Okanagan Basin Agreement 1974, Tech. Supplement V",C-1,Skaha Lake,6,JUNE,,10,NO3,0.01,mg/L,,FALSE,FALSE,0.01
"CA-BC Okanagan Basin Agreement 1974, Tech. Supplement V",C-1,Skaha Lake,6,JUNE,,10,TKN,0.13,mg/L,,FALSE,FALSE,0.13
"CA-BC Okanagan Basin Agreement 1974, Tech. Supplement V",C-1,Skaha Lake,6,JUNE,,10,o-PO4,0.02,mg/L as PO4,0.00652,FALSE,FALSE,0.02
"CA-BC Okanagan Basin Agreement 1974, Tech. Supplement V",C-1,Skaha Lake,6,JUNE,,10,t-PO4,0.07,mg/L as PO4,0.02283,FALSE,FALSE,0.07
"CA-BC Okanagan Basin Agreement 1974, Tech. Supplement V",C-1,Skaha Lake,6,JUNE,,10,SiO2,2.1,mg/L,,FALSE,FALSE,2.1
"CA-BC Okanagan Basin Agreement 1974, Tech. Supplement V",C-1,Skaha Lake,6,JUNE,,15,NO3,0.01,mg/L,,TRUE,FALSE,<0.01
"CA-BC Okanagan Basin Agreement 1974, Tech. Supplement V",C-1,Skaha Lake,6,JUNE,,15,TKN,0.46,mg/L,,FALSE,FALSE,0.46
"CA-BC Okanagan Basin Agreement 1974, Tech. Supplement V",C-1,Skaha Lake,6,JUNE,,15,o-PO4,0.04,mg/L as PO4,0.01305,FALSE,FALSE,0.04
"CA-BC Okanagan Basin Agreement 1974, Tech. Supplement V",C-1,Skaha Lake,6,JUNE,,15,t-PO4,0.08,mg/L as PO4,0.02609,FALSE,FALSE,0.08
"CA-BC Okanagan Basin Agreement 1974, Tech. Supplement V",C-1,Skaha Lake,6,JUNE,,15,SiO2,1.3,mg/L,,FALSE,FALSE,1.3
"CA-BC Okanagan Basin Agreement 1974, Tech. Supplement V",C-1,Skaha Lake,6,JUNE,,20,NO3,0.01,mg/L,,TRUE,FALSE,<0.01
"CA-BC Okanagan Basin Agreement 1974, Tech. Supplement V",C-1,Skaha Lake,6,JUNE,,20,TKN,0.69,mg/L,,FALSE,FALSE,0.69
"CA-BC Okanagan Basin Agreement 1974, Tech. Supplement V",C-1,Skaha Lake,6,JUNE,,20,o-PO4,0.06,mg/L as PO4,0.01957,FALSE,FALSE,0.06
"CA-BC Okanagan Basin Agreement 1974, Tech. Supplement V",C-1,Skaha Lake,6,JUNE,,20,t-PO4,0.11,mg/L as PO4,0.03588,FALSE,FALSE,0.11
"CA-BC Okanagan Basin Agreement 1974, Tech. Supplement V",C-1,Skaha Lake,6,JUNE,,20,SiO2,0.7,mg/L,,FALSE,FALSE,0.7
"CA-BC Okanagan Basin Agreement 1974, Tech. Supplement V",C-1,Skaha Lake,6,JUNE,,30,NO3,0.01,mg/L,,FALSE,FALSE,0.01
"CA-BC Okanagan Basin Agreement 1974, Tech. Supplement V",C-1,Skaha Lake,6,JUNE,,30,TKN,0.56,mg/L,,FALSE,FALSE,0.56
"CA-BC Okanagan Basin Agreement 1974, Tech. Supplement V",C-1,Skaha Lake,6,JUNE,,30,o-PO4,0.06,mg/L as PO4,0.01957,FALSE,FALSE,0.06
"CA-BC Okanagan Basin Agreement 1974, Tech. Supplement V",C-1,Skaha Lake,6,JUNE,,30,t-PO4,0.11,mg/L as PO4,0.03588,FALSE,FALSE,0.11
"CA-BC Okanagan Basin Agreement 1974, Tech. Supplement V",C-1,Skaha Lake,6,JUNE,,30,SiO2,0.6,mg/L,,FALSE,FALSE,0.6
"CA-BC Okanagan Basin Agreement 1974, Tech. Supplement V",C-1,Skaha Lake,6,JUNE,,38,NO3,0.01,mg/L,,FALSE,FALSE,0.01
"CA-BC Okanagan Basin Agreement 1974, Tech. Supplement V",C-1,Skaha Lake,6,JUNE,,38,TKN,0.69,mg/L,,FALSE,FALSE,0.69
"CA-BC Okanagan Basin Agreement 1974, Tech. Supplement V",C-1,Skaha Lake,6,JUNE,,38,o-PO4,0.07,mg/L as PO4,0.02283,FALSE,FALSE,0.07
"CA-BC Okanagan Basin Agreement 1974, Tech. Supplement V",C-1,Skaha Lake,6,JUNE,,38,t-PO4,0.13,mg/L as PO4,0.0424,FALSE,FALSE,0.13
"CA-BC Okanagan Basin Agreement 1974, Tech. Supplement V",C-1,Skaha Lake,6,JUNE,,38,SiO2,0.6,mg/L,,FALSE,FALSE,0.6
"CA-BC Okanagan Basin Agreement 1974, Tech. Supplement V",C-1,Skaha Lake,6,AUGUST,,1,NO3,0.01,mg/L,,TRUE,FALSE,<0.01
"CA-BC Okanagan Basin Agreement 1974, Tech. Supplement V",C-1,Skaha Lake,6,AUGUST,,1,TKN,0.05,mg/L,,FALSE,FALSE,0.05
"CA-BC Okanagan Basin Agreement 1974, Tech. Supplement V",C-1,Skaha Lake,6,AUGUST,,1,o-PO4,0.12,mg/L as PO4,0.03914,FALSE,FALSE,0.12
"CA-BC Okanagan Basin Agreement 1974, Tech. Supplement V",C-1,Skaha Lake,6,AUGUST,,1,t-PO4,,mg/L as PO4,,FALSE,TRUE,ND
"CA-BC Okanagan Basin Agreement 1974, Tech. Supplement V",C-1,Skaha Lake,6,AUGUST,,1,SiO2,2.6,mg/L,,FALSE,FALSE,2.6
"CA-BC Okanagan Basin Agreement 1974, Tech. Supplement V",C-1,Skaha Lake,6,AUGUST,,5,NO3,0.01,mg/L,,TRUE,FALSE,<0.01
"CA-BC Okanagan Basin Agreement 1974, Tech. Supplement V",C-1,Skaha Lake,6,AUGUST,,5,TKN,0.2,mg/L,,FALSE,FALSE,0.20
"CA-BC Okanagan Basin Agreement 1974, Tech. Supplement V",C-1,Skaha Lake,6,AUGUST,,5,o-PO4,0.05,mg/L as PO4,0.01631,FALSE,FALSE,0.05
"CA-BC Okanagan Basin Agreement 1974, Tech. Supplement V",C-1,Skaha Lake,6,AUGUST,,5,t-PO4,0.11,mg/L as PO4,0.03588,FALSE,FALSE,0.11
"CA-BC Okanagan Basin Agreement 1974, Tech. Supplement V",C-1,Skaha Lake,6,AUGUST,,5,SiO2,2.6,mg/L,,FALSE,FALSE,2.6
"CA-BC Okanagan Basin Agreement 1974, Tech. Supplement V",C-1,Skaha Lake,6,AUGUST,,10,NO3,0.01,mg/L,,FALSE,FALSE,0.01
"CA-BC Okanagan Basin Agreement 1974, Tech. Supplement V",C-1,Skaha Lake,6,AUGUST,,10,TKN,0.1,mg/L,,FALSE,FALSE,0.10
"CA-BC Okanagan Basin Agreement 1974, Tech. Supplement V",C-1,Skaha Lake,6,AUGUST,,10,o-PO4,0.01,mg/L as PO4,0.00326,TRUE,FALSE,<0.01
"CA-BC Okanagan Basin Agreement 1974, Tech. Supplement V",C-1,Skaha Lake,6,AUGUST,,10,t-PO4,0.05,mg/L as PO4,0.01631,FALSE,FALSE,0.05
"CA-BC Okanagan Basin Agreement 1974, Tech. Supplement V",C-1,Skaha Lake,6,AUGUST,,10,SiO2,2.4,mg/L,,FALSE,FALSE,2.4
"CA-BC Okanagan Basin Agreement 1974, Tech. Supplement V",C-1,Skaha Lake,6,AUGUST,,25,NO3,0.11,mg/L,,FALSE,FALSE,0.11
"CA-BC Okanagan Basin Agreement 1974, Tech. Supplement V",C-1,Skaha Lake,6,AUGUST,,25,TKN,0.01,mg/L,,TRUE,FALSE,<0.01
"CA-BC Okanagan Basin Agreement 1974, Tech. Supplement V",C-1,Skaha Lake,6,AUGUST,,25,o-PO4,0.11,mg/L as PO4,0.03588,FALSE,FALSE,0.11
"CA-BC Okanagan Basin Agreement 1974, Tech. Supplement V",C-1,Skaha Lake,6,AUGUST,,25,t-PO4,0.15,mg/L as PO4,0.04892,FALSE,FALSE,0.15
"CA-BC Okanagan Basin Agreement 1974, Tech. Supplement V",C-1,Skaha Lake,6,AUGUST,,25,SiO2,1.7,mg/L,,FALSE,FALSE,1.7
"CA-BC Okanagan Basin Agreement 1974, Tech. Supplement V",C-1,Skaha Lake,6,AUGUST,,38,NO3,0.11,mg/L,,FALSE,FALSE,0.11
"CA-BC Okanagan Basin Agreement 1974, Tech. Supplement V",C-1,Skaha Lake,6,AUGUST,,38,TKN,0.05,mg/L,,FALSE,FALSE,0.05
"CA-BC Okanagan Basin Agreement 1974, Tech. Supplement V",C-1,Skaha Lake,6,AUGUST,,38,o-PO4,0.13,mg/L as PO4,0.0424,FALSE,FALSE,0.13
"CA-BC Okanagan Basin Agreement 1974, Tech. Supplement V",C-1,Skaha Lake,6,AUGUST,,38,t-PO4,0.19,mg/L as PO4,0.06197,FALSE,FALSE,0.19
"CA-BC Okanagan Basin Agreement 1974, Tech. Supplement V",C-1,Skaha Lake,6,AUGUST,,38,SiO2,1.6,mg/L,,FALSE,FALSE,1.6
"CA-BC Okanagan Basin Agreement 1974, Tech. Supplement V",C-1,Skaha Lake,6,OCTOBER,,1,NO3,0.01,mg/L,,TRUE,FALSE,<0.01
"CA-BC Okanagan Basin Agreement 1974, Tech. Supplement V",C-1,Skaha Lake,6,OCTOBER,,1,TKN,0.75,mg/L,,FALSE,FALSE,0.75
"CA-BC Okanagan Basin Agreement 1974, Tech. Supplement V",C-1,Skaha Lake,6,OCTOBER,,1,o-PO4,0.005,mg/L as PO4,0.00163,TRUE,FALSE,<0.005
"CA-BC Okanagan Basin Agreement 1974, Tech. Supplement V",C-1,Skaha Lake,6,OCTOBER,,1,t-PO4,0.1,mg/L as PO4,0.03262,FALSE,FALSE,0.10
"CA-BC Okanagan Basin Agreement 1974, Tech. Supplement V",C-1,Skaha Lake,6,OCTOBER,,1,SiO2,2.8,mg/L,,FALSE,FALSE,2.8
"CA-BC Okanagan Basin Agreement 1974, Tech. Supplement V",C-1,Skaha Lake,6,OCTOBER,,15,NO3,0.01,mg/L,,TRUE,FALSE,<0.01
"CA-BC Okanagan Basin Agreement 1974, Tech. Supplement V",C-1,Skaha Lake,6,OCTOBER,,15,TKN,0.16,mg/L,,FALSE,FALSE,0.16
"CA-BC Okanagan Basin Agreement 1974, Tech. Supplement V",C-1,Skaha Lake,6,OCTOBER,,15,o-PO4,0.005,mg/L as PO4,0.00163,TRUE,FALSE,<0.005
"CA-BC Okanagan Basin Agreement 1974, Tech. Supplement V",C-1,Skaha Lake,6,OCTOBER,,15,t-PO4,0.04,mg/L as PO4,0.01305,FALSE,FALSE,0.04
"CA-BC Okanagan Basin Agreement 1974, Tech. Supplement V",C-1,Skaha Lake,6,OCTOBER,,15,SiO2,2.8,mg/L,,FALSE,FALSE,2.8
"CA-BC Okanagan Basin Agreement 1974, Tech. Supplement V",C-1,Skaha Lake,6,OCTOBER,,18,NO3,0.01,mg/L,,FALSE,FALSE,0.01
"CA-BC Okanagan Basin Agreement 1974, Tech. Supplement V",C-1,Skaha Lake,6,OCTOBER,,18,TKN,0.26,mg/L,,FALSE,FALSE,0.26
"CA-BC Okanagan Basin Agreement 1974, Tech. Supplement V",C-1,Skaha Lake,6,OCTOBER,,18,o-PO4,0.06,mg/L as PO4,0.01957,FALSE,FALSE,0.06
"CA-BC Okanagan Basin Agreement 1974, Tech. Supplement V",C-1,Skaha Lake,6,OCTOBER,,18,t-PO4,0.1,mg/L as PO4,0.03262,FALSE,FALSE,0.10
"CA-BC Okanagan Basin Agreement 1974, Tech. Supplement V",C-1,Skaha Lake,6,OCTOBER,,18,SiO2,2.1,mg/L,,FALSE,FALSE,2.1
"CA-BC Okanagan Basin Agreement 1974, Tech. Supplement V",C-1,Skaha Lake,6,OCTOBER,,30,NO3,0.16,mg/L,,FALSE,FALSE,0.16
"CA-BC Okanagan Basin Agreement 1974, Tech. Supplement V",C-1,Skaha Lake,6,OCTOBER,,30,TKN,0.3,mg/L,,FALSE,FALSE,0.30
"CA-BC Okanagan Basin Agreement 1974, Tech. Supplement V",C-1,Skaha Lake,6,OCTOBER,,30,o-PO4,0.16,mg/L as PO4,0.05219,FALSE,FALSE,0.16
"CA-BC Okanagan Basin Agreement 1974, Tech. Supplement V",C-1,Skaha Lake,6,OCTOBER,,30,t-PO4,0.21,mg/L as PO4,0.06849,FALSE,FALSE,0.21
"CA-BC Okanagan Basin Agreement 1974, Tech. Supplement V",C-1,Skaha Lake,6,OCTOBER,,30,SiO2,2.8,mg/L,,FALSE,FALSE,2.8
"CA-BC Okanagan Basin Agreement 1974, Tech. Supplement V",C-1,Skaha Lake,6,OCTOBER,,39,NO3,0.14,mg/L,,FALSE,FALSE,0.14
"CA-BC Okanagan Basin Agreement 1974, Tech. Supplement V",C-1,Skaha Lake,6,OCTOBER,,39,TKN,0.36,mg/L,,FALSE,FALSE,0.36
"CA-BC Okanagan Basin Agreement 1974, Tech. Supplement V",C-1,Skaha Lake,6,OCTOBER,,39,o-PO4,0.26,mg/L as PO4,0.0848,FALSE,FALSE,0.26
"CA-BC Okanagan Basin Agreement 1974, Tech. Supplement V",C-1,Skaha Lake,6,OCTOBER,,39,t-PO4,0.32,mg/L as PO4,0.10437,FALSE,FALSE,0.32
"CA-BC Okanagan Basin Agreement 1974, Tech. Supplement V",C-1,Skaha Lake,6,OCTOBER,,39,SiO2,3.1,mg/L,,FALSE,FALSE,3.1
"CA-BC Okanagan Basin Agreement 1974, Tech. Supplement V",C-1,Okanagan Lake,10,APRIL,,1,NO3,0.01,mg/L,,TRUE,FALSE,<0.01
"CA-BC Okanagan Basin Agreement 1974, Tech. Supplement V",C-1,Okanagan Lake,10,APRIL,,1,TKN,0.77,mg/L,,FALSE,FALSE,0.77
"CA-BC Okanagan Basin Agreement 1974, Tech. Supplement V",C-1,Okanagan Lake,10,APRIL,,1,o-PO4,0.01,mg/L as PO4,0.00326,FALSE,FALSE,0.01
"CA-BC Okanagan Basin Agreement 1974, Tech. Supplement V",C-1,Okanagan Lake,10,APRIL,,1,t-PO4,0.04,mg/L as PO4,0.01305,FALSE,FALSE,0.04
"CA-BC Okanagan Basin Agreement 1974, Tech. Supplement V",C-1,Okanagan Lake,10,APRIL,,1,SiO2,4.9,mg/L,,FALSE,FALSE,4.9
"CA-BC Okanagan Basin Agreement 1974, Tech. Supplement V",C-1,Okanagan Lake,10,APRIL,,5,NO3,0.01,mg/L,,TRUE,FALSE,<0.01
"CA-BC Okanagan Basin Agreement 1974, Tech. Supplement V",C-1,Okanagan Lake,10,APRIL,,5,TKN,0.15,mg/L,,FALSE,FALSE,0.15
"CA-BC Okanagan Basin Agreement 1974, Tech. Supplement V",C-1,Okanagan Lake,10,APRIL,,5,o-PO4,0.01,mg/L as PO4,0.00326,TRUE,FALSE,<0.01
"CA-BC Okanagan Basin Agreement 1974, Tech. Supplement V",C-1,Okanagan Lake,10,APRIL,,5,t-PO4,0.03,mg/L as PO4,0.00978,FALSE,FALSE,0.03
"CA-BC Okanagan Basin Agreement 1974, Tech. Supplement V",C-1,Okanagan Lake,10,APRIL,,5,SiO2,4.8,mg/L,,FALSE,FALSE,4.8
"CA-BC Okanagan Basin Agreement 1974, Tech. Supplement V",C-1,Okanagan Lake,10,APRIL,,10,NO3,0.01,mg/L,,TRUE,FALSE,<0.01
"CA-BC Okanagan Basin Agreement 1974, Tech. Supplement V",C-1,Okanagan Lake,10,APRIL,,10,TKN,0.21,mg/L,,FALSE,FALSE,0.21
"CA-BC Okanagan Basin Agreement 1974, Tech. Supplement V",C-1,Okanagan Lake,10,APRIL,,10,o-PO4,0.01,mg/L as PO4,0.00326,TRUE,FALSE,<0.01
"CA-BC Okanagan Basin Agreement 1974, Tech. Supplement V",C-1,Okanagan Lake,10,APRIL,,10,t-PO4,0.03,mg/L as PO4,0.00978,FALSE,FALSE,0.03
"CA-BC Okanagan Basin Agreement 1974, Tech. Supplement V",C-1,Okanagan Lake,10,APRIL,,10,SiO2,4.8,mg/L,,FALSE,FALSE,4.8
"CA-BC Okanagan Basin Agreement 1974, Tech. Supplement V",C-1,Okanagan Lake,10,APRIL,,25,NO3,0.01,mg/L,,TRUE,FALSE,<0.01
"CA-BC Okanagan Basin Agreement 1974, Tech. Supplement V",C-1,Okanagan Lake,10,APRIL,,25,TKN,0.16,mg/L,,FALSE,FALSE,0.16
"CA-BC Okanagan Basin Agreement 1974, Tech. Supplement V",C-1,Okanagan Lake,10,APRIL,,25,o-PO4,0.01,mg/L as PO4,0.00326,TRUE,FALSE,<0.01
"CA-BC Okanagan Basin Agreement 1974, Tech. Supplement V",C-1,Okanagan Lake,10,APRIL,,25,t-PO4,0.04,mg/L as PO4,0.01305,FALSE,FALSE,0.04
"CA-BC Okanagan Basin Agreement 1974, Tech. Supplement V",C-1,Okanagan Lake,10,APRIL,,25,SiO2,5.0,mg/L,,FALSE,FALSE,5.0
"CA-BC Okanagan Basin Agreement 1974, Tech. Supplement V",C-1,Okanagan Lake,10,APRIL,,50,NO3,0.01,mg/L,,FALSE,FALSE,0.01
"CA-BC Okanagan Basin Agreement 1974, Tech. Supplement V",C-1,Okanagan Lake,10,APRIL,,50,TKN,0.2,mg/L,,FALSE,FALSE,0.20
"CA-BC Okanagan Basin Agreement 1974, Tech. Supplement V",C-1,Okanagan Lake,10,APRIL,,50,o-PO4,0.01,mg/L as PO4,0.00326,TRUE,FALSE,<0.01
"CA-BC Okanagan Basin Agreement 1974, Tech. Supplement V",C-1,Okanagan Lake,10,APRIL,,50,t-PO4,0.03,mg/L as PO4,0.00978,FALSE,FALSE,0.03
"CA-BC Okanagan Basin Agreement 1974, Tech. Supplement V",C-1,Okanagan Lake,10,APRIL,,50,SiO2,5.1,mg/L,,FALSE,FALSE,5.1
"CA-BC Okanagan Basin Agreement 1974, Tech. Supplement V",C-1,Okanagan Lake,10,APRIL,,59,NO3,0.02,mg/L,,FALSE,FALSE,0.02
"CA-BC Okanagan Basin Agreement 1974, Tech. Supplement V",C-1,Okanagan Lake,10,APRIL,,59,TKN,0.11,mg/L,,FALSE,FALSE,0.11
"CA-BC Okanagan Basin Agreement 1974, Tech. Supplement V",C-1,Okanagan Lake,10,APRIL,,59,o-PO4,0.01,mg/L as PO4,0.00326,TRUE,FALSE,<0.01
"CA-BC Okanagan Basin Agreement 1974, Tech. Supplement V",C-1,Okanagan Lake,10,APRIL,,59,t-PO4,0.03,mg/L as PO4,0.00978,FALSE,FALSE,0.03
"CA-BC Okanagan Basin Agreement 1974, Tech. Supplement V",C-1,Okanagan Lake,10,APRIL,,59,SiO2,5.3,mg/L,,FALSE,FALSE,5.3
"CA-BC Okanagan Basin Agreement 1974, Tech. Supplement V",C-1,Okanagan Lake,10,JUNE,,1,NO3,0.01,mg/L,,TRUE,FALSE,<0.01
"CA-BC Okanagan Basin Agreement 1974, Tech. Supplement V",C-1,Okanagan Lake,10,JUNE,,1,TKN,0.08,mg/L,,FALSE,FALSE,0.08
"CA-BC Okanagan Basin Agreement 1974, Tech. Supplement V",C-1,Okanagan Lake,10,JUNE,,1,o-PO4,0.29,mg/L as PO4,0.09459,FALSE,FALSE,0.29
"CA-BC Okanagan Basin Agreement 1974, Tech. Supplement V",C-1,Okanagan Lake,10,JUNE,,1,t-PO4,0.38,mg/L as PO4,0.12394,FALSE,FALSE,0.38
"CA-BC Okanagan Basin Agreement 1974, Tech. Supplement V",C-1,Okanagan Lake,10,JUNE,,1,SiO2,3.9,mg/L,,FALSE,FALSE,3.9
"CA-BC Okanagan Basin Agreement 1974, Tech. Supplement V",C-1,Okanagan Lake,10,JUNE,,5,NO3,0.01,mg/L,,TRUE,FALSE,<0.01
"CA-BC Okanagan Basin Agreement 1974, Tech. Supplement V",C-1,Okanagan Lake,10,JUNE,,5,TKN,0.05,mg/L,,FALSE,FALSE,0.05
"CA-BC Okanagan Basin Agreement 1974, Tech. Supplement V",C-1,Okanagan Lake,10,JUNE,,5,o-PO4,0.01,mg/L as PO4,0.00326,TRUE,FALSE,<0.01
"CA-BC Okanagan Basin Agreement 1974, Tech. Supplement V",C-1,Okanagan Lake,10,JUNE,,5,t-PO4,0.03,mg/L as PO4,0.00978,FALSE,FALSE,0.03
"CA-BC Okanagan Basin Agreement 1974, Tech. Supplement V",C-1,Okanagan Lake,10,JUNE,,5,SiO2,3.7,mg/L,,FALSE,FALSE,3.7
"CA-BC Okanagan Basin Agreement 1974, Tech. Supplement V",C-1,Okanagan Lake,10,JUNE,,10,NO3,0.01,mg/L,,TRUE,FALSE,<0.01
"CA-BC Okanagan Basin Agreement 1974, Tech. Supplement V",C-1,Okanagan Lake,10,JUNE,,10,TKN,0.33,mg/L,,FALSE,FALSE,0.33
"CA-BC Okanagan Basin Agreement 1974, Tech. Supplement V",C-1,Okanagan Lake,10,JUNE,,10,o-PO4,0.01,mg/L as PO4,0.00326,TRUE,FALSE,<0.01
"CA-BC Okanagan Basin Agreement 1974, Tech. Supplement V",C-1,Okanagan Lake,10,JUNE,,10,t-PO4,0.03,mg/L as PO4,0.00978,FALSE,FALSE,0.03
"CA-BC Okanagan Basin Agreement 1974, Tech. Supplement V",C-1,Okanagan Lake,10,JUNE,,10,SiO2,3.9,mg/L,,FALSE,FALSE,3.9
"CA-BC Okanagan Basin Agreement 1974, Tech. Supplement V",C-1,Okanagan Lake,10,JUNE,,25,NO3,0.01,mg/L,,FALSE,FALSE,0.01
"CA-BC Okanagan Basin Agreement 1974, Tech. Supplement V",C-1,Okanagan Lake,10,JUNE,,25,TKN,0.13,mg/L,,FALSE,FALSE,0.13
"CA-BC Okanagan Basin Agreement 1974, Tech. Supplement V",C-1,Okanagan Lake,10,JUNE,,25,o-PO4,0.01,mg/L as PO4,0.00326,FALSE,FALSE,0.01
"CA-BC Okanagan Basin Agreement 1974, Tech. Supplement V",C-1,Okanagan Lake,10,JUNE,,25,t-PO4,0.03,mg/L as PO4,0.00978,FALSE,FALSE,0.03
"CA-BC Okanagan Basin Agreement 1974, Tech. Supplement V",C-1,Okanagan Lake,10,JUNE,,25,SiO2,4.2,mg/L,,FALSE,FALSE,4.2
"CA-BC Okanagan Basin Agreement 1974, Tech. Supplement V",C-1,Okanagan Lake,10,JUNE,,50,NO3,0.02,mg/L,,FALSE,FALSE,0.02
"CA-BC Okanagan Basin Agreement 1974, Tech. Supplement V",C-1,Okanagan Lake,10,JUNE,,50,TKN,0.01,mg/L,,TRUE,FALSE,<0.01
"CA-BC Okanagan Basin Agreement 1974, Tech. Supplement V",C-1,Okanagan Lake,10,JUNE,,50,o-PO4,0.01,mg/L as PO4,0.00326,FALSE,FALSE,0.01
"CA-BC Okanagan Basin Agreement 1974, Tech. Supplement V",C-1,Okanagan Lake,10,JUNE,,50,t-PO4,0.03,mg/L as PO4,0.00978,FALSE,FALSE,0.03
"CA-BC Okanagan Basin Agreement 1974, Tech. Supplement V",C-1,Okanagan Lake,10,JUNE,,50,SiO2,4.3,mg/L,,FALSE,FALSE,4.3
"CA-BC Okanagan Basin Agreement 1974, Tech. Supplement V",C-1,Okanagan Lake,10,JUNE,,62,NO3,0.02,mg/L,,FALSE,FALSE,0.02
"CA-BC Okanagan Basin Agreement 1974, Tech. Supplement V",C-1,Okanagan Lake,10,JUNE,,62,TKN,0.13,mg/L,,FALSE,FALSE,0.13
"CA-BC Okanagan Basin Agreement 1974, Tech. Supplement V",C-1,Okanagan Lake,10,JUNE,,62,o-PO4,0.01,mg/L as PO4,0.00326,FALSE,FALSE,0.01
"CA-BC Okanagan Basin Agreement 1974, Tech. Supplement V",C-1,Okanagan Lake,10,JUNE,,62,t-PO4,0.03,mg/L as PO4,0.00978,FALSE,FALSE,0.03
"CA-BC Okanagan Basin Agreement 1974, Tech. Supplement V",C-1,Okanagan Lake,10,JUNE,,62,SiO2,4.4,mg/L,,FALSE,FALSE,4.4
"CA-BC Okanagan Basin Agreement 1974, Tech. Supplement V",C-1,Okanagan Lake,10,AUGUST,,1,NO3,0.01,mg/L,,TRUE,FALSE,<0.01
"CA-BC Okanagan Basin Agreement 1974, Tech. Supplement V",C-1,Okanagan Lake,10,AUGUST,,1,TKN,0.39,mg/L,,FALSE,FALSE,0.39
"CA-BC Okanagan Basin Agreement 1974, Tech. Supplement V",C-1,Okanagan Lake,10,AUGUST,,1,o-PO4,0.01,mg/L as PO4,0.00326,TRUE,FALSE,<0.01
"CA-BC Okanagan Basin Agreement 1974, Tech. Supplement V",C-1,Okanagan Lake,10,AUGUST,,1,t-PO4,0.02,mg/L as PO4,0.00652,FALSE,FALSE,0.02
"CA-BC Okanagan Basin Agreement 1974, Tech. Supplement V",C-1,Okanagan Lake,10,AUGUST,,1,SiO2,4.3,mg/L,,FALSE,FALSE,4.3
"CA-BC Okanagan Basin Agreement 1974, Tech. Supplement V",C-1,Okanagan Lake,10,AUGUST,,5,NO3,0.01,mg/L,,TRUE,FALSE,<0.01
"CA-BC Okanagan Basin Agreement 1974, Tech. Supplement V",C-1,Okanagan Lake,10,AUGUST,,5,TKN,0.44,mg/L,,FALSE,FALSE,0.44
"CA-BC Okanagan Basin Agreement 1974, Tech. Supplement V",C-1,Okanagan Lake,10,AUGUST,,5,o-PO4,0.01,mg/L as PO4,0.00326,TRUE,FALSE,<0.01
"CA-BC Okanagan Basin Agreement 1974, Tech. Supplement V",C-1,Okanagan Lake,10,AUGUST,,5,t-PO4,0.02,mg/L as PO4,0.00652,FALSE,FALSE,0.02
"CA-BC Okanagan Basin Agreement 1974, Tech. Supplement V",C-1,Okanagan Lake,10,AUGUST,,5,SiO2,4.3,mg/L,,FALSE,FALSE,4.3
"CA-BC Okanagan Basin Agreement 1974, Tech. Supplement V",C-1,Okanagan Lake,10,AUGUST,,10,NO3,0.01,mg/L,,TRUE,FALSE,<0.01
"CA-BC Okanagan Basin Agreement 1974, Tech. Supplement V",C-1,Okanagan Lake,10,AUGUST,,10,TKN,0.36,mg/L,,FALSE,FALSE,0.36
"CA-BC Okanagan Basin Agreement 1974, Tech. Supplement V",C-1,Okanagan Lake,10,AUGUST,,10,o-PO4,0.01,mg/L as PO4,0.00326,TRUE,FALSE,<0.01
"CA-BC Okanagan Basin Agreement 1974, Tech. Supplement V",C-1,Okanagan Lake,10,AUGUST,,10,t-PO4,0.02,mg/L as PO4,0.00652,FALSE,FALSE,0.02
"CA-BC Okanagan Basin Agreement 1974, Tech. Supplement V",C-1,Okanagan Lake,10,AUGUST,,10,SiO2,4.4,mg/L,,FALSE,FALSE,4.4
"CA-BC Okanagan Basin Agreement 1974, Tech. Supplement V",C-1,Okanagan Lake,10,AUGUST,,25,NO3,0.04,mg/L,,FALSE,FALSE,0.04
"CA-BC Okanagan Basin Agreement 1974, Tech. Supplement V",C-1,Okanagan Lake,10,AUGUST,,25,TKN,0.31,mg/L,,FALSE,FALSE,0.31
"CA-BC Okanagan Basin Agreement 1974, Tech. Supplement V",C-1,Okanagan Lake,10,AUGUST,,25,o-PO4,0.01,mg/L as PO4,0.00326,FALSE,FALSE,0.01
"CA-BC Okanagan Basin Agreement 1974, Tech. Supplement V",C-1,Okanagan Lake,10,AUGUST,,25,t-PO4,0.02,mg/L as PO4,0.00652,FALSE,FALSE,0.02
"CA-BC Okanagan Basin Agreement 1974, Tech. Supplement V",C-1,Okanagan Lake,10,AUGUST,,25,SiO2,4.7,mg/L,,FALSE,FALSE,4.7
"CA-BC Okanagan Basin Agreement 1974, Tech. Supplement V",C-1,Okanagan Lake,10,AUGUST,,50,NO3,0.03,mg/L,,FALSE,FALSE,0.03
"CA-BC Okanagan Basin Agreement 1974, Tech. Supplement V",C-1,Okanagan Lake,10,AUGUST,,50,TKN,0.36,mg/L,,FALSE,FALSE,0.36
"CA-BC Okanagan Basin Agreement 1974, Tech. Supplement V",C-1,Okanagan Lake,10,AUGUST,,50,o-PO4,0.01,mg/L as PO4,0.00326,FALSE,FALSE,0.01
"CA-BC Okanagan Basin Agreement 1974, Tech. Supplement V",C-1,Okanagan Lake,10,AUGUST,,50,t-PO4,0.02,mg/L as PO4,0.00652,FALSE,FALSE,0.02
"CA-BC Okanagan Basin Agreement 1974, Tech. Supplement V",C-1,Okanagan Lake,10,AUGUST,,50,SiO2,4.8,mg/L,,FALSE,FALSE,4.8
"CA-BC Okanagan Basin Agreement 1974, Tech. Supplement V",C-1,Okanagan Lake,10,AUGUST,,58,NO3,0.04,mg/L,,FALSE,FALSE,0.04
"CA-BC Okanagan Basin Agreement 1974, Tech. Supplement V",C-1,Okanagan Lake,10,AUGUST,,58,TKN,0.15,mg/L,,FALSE,FALSE,0.15
"CA-BC Okanagan Basin Agreement 1974, Tech. Supplement V",C-1,Okanagan Lake,10,AUGUST,,58,o-PO4,0.01,mg/L as PO4,0.00326,FALSE,FALSE,0.01
"CA-BC Okanagan Basin Agreement 1974, Tech. Supplement V",C-1,Okanagan Lake,10,AUGUST,,58,t-PO4,0.03,mg/L as PO4,0.00978,FALSE,FALSE,0.03
"CA-BC Okanagan Basin Agreement 1974, Tech. Supplement V",C-1,Okanagan Lake,10,AUGUST,,58,SiO2,4.9,mg/L,,FALSE,FALSE,4.9
"CA-BC Okanagan Basin Agreement 1974, Tech. Supplement V",C-1,Okanagan Lake,10,OCTOBER,,1,NO3,0.01,mg/L,,TRUE,FALSE,<0.01
"CA-BC Okanagan Basin Agreement 1974, Tech. Supplement V",C-1,Okanagan Lake,10,OCTOBER,,1,TKN,0.16,mg/L,,FALSE,FALSE,0.16
"CA-BC Okanagan Basin Agreement 1974, Tech. Supplement V",C-1,Okanagan Lake,10,OCTOBER,,1,o-PO4,0.005,mg/L as PO4,0.00163,TRUE,FALSE,<0.005
"CA-BC Okanagan Basin Agreement 1974, Tech. Supplement V",C-1,Okanagan Lake,10,OCTOBER,,1,t-PO4,0.02,mg/L as PO4,0.00652,FALSE,FALSE,0.02
"CA-BC Okanagan Basin Agreement 1974, Tech. Supplement V",C-1,Okanagan Lake,10,OCTOBER,,1,SiO2,4.3,mg/L,,FALSE,FALSE,4.3
"CA-BC Okanagan Basin Agreement 1974, Tech. Supplement V",C-1,Okanagan Lake,10,OCTOBER,,5,NO3,0.01,mg/L,,TRUE,FALSE,<0.01
"CA-BC Okanagan Basin Agreement 1974, Tech. Supplement V",C-1,Okanagan Lake,10,OCTOBER,,5,TKN,0.01,mg/L,,TRUE,FALSE,<0.01
"CA-BC Okanagan Basin Agreement 1974, Tech. Supplement V",C-1,Okanagan Lake,10,OCTOBER,,5,o-PO4,0.005,mg/L as PO4,0.00163,TRUE,FALSE,<0.005
"CA-BC Okanagan Basin Agreement 1974, Tech. Supplement V",C-1,Okanagan Lake,10,OCTOBER,,5,t-PO4,0.02,mg/L as PO4,0.00652,FALSE,FALSE,0.02
"CA-BC Okanagan Basin Agreement 1974, Tech. Supplement V",C-1,Okanagan Lake,10,OCTOBER,,5,SiO2,4.3,mg/L,,FALSE,FALSE,4.3
"CA-BC Okanagan Basin Agreement 1974, Tech. Supplement V",C-1,Okanagan Lake,10,OCTOBER,,15,NO3,0.01,mg/L,,TRUE,FALSE,<0.01
"CA-BC Okanagan Basin Agreement 1974, Tech. Supplement V",C-1,Okanagan Lake,10,OCTOBER,,15,TKN,0.01,mg/L,,TRUE,FALSE,<0.01
"CA-BC Okanagan Basin Agreement 1974, Tech. Supplement V",C-1,Okanagan Lake,10,OCTOBER,,15,o-PO4,0.005,mg/L as PO4,0.00163,TRUE,FALSE,<0.005
"CA-BC Okanagan Basin Agreement 1974, Tech. Supplement V",C-1,Okanagan Lake,10,OCTOBER,,15,t-PO4,0.02,mg/L as PO4,0.00652,FALSE,FALSE,0.02
"CA-BC Okanagan Basin Agreement 1974, Tech. Supplement V",C-1,Okanagan Lake,10,OCTOBER,,15,SiO2,4.4,mg/L,,FALSE,FALSE,4.4
"CA-BC Okanagan Basin Agreement 1974, Tech. Supplement V",C-1,Okanagan Lake,10,OCTOBER,,25,NO3,0.02,mg/L,,FALSE,FALSE,0.02
"CA-BC Okanagan Basin Agreement 1974, Tech. Supplement V",C-1,Okanagan Lake,10,OCTOBER,,25,TKN,0.01,mg/L,,TRUE,FALSE,<0.01
"CA-BC Okanagan Basin Agreement 1974, Tech. Supplement V",C-1,Okanagan Lake,10,OCTOBER,,25,o-PO4,0.005,mg/L as PO4,0.00163,FALSE,FALSE,0.005
"CA-BC Okanagan Basin Agreement 1974, Tech. Supplement V",C-1,Okanagan Lake,10,OCTOBER,,25,t-PO4,0.02,mg/L as PO4,0.00652,FALSE,FALSE,0.02
"CA-BC Okanagan Basin Agreement 1974, Tech. Supplement V",C-1,Okanagan Lake,10,OCTOBER,,25,SiO2,4.9,mg/L,,FALSE,FALSE,4.9
"CA-BC Okanagan Basin Agreement 1974, Tech. Supplement V",C-1,Okanagan Lake,10,OCTOBER,,53,NO3,0.02,mg/L,,FALSE,FALSE,0.02
"CA-BC Okanagan Basin Agreement 1974, Tech. Supplement V",C-1,Okanagan Lake,10,OCTOBER,,53,TKN,0.01,mg/L,,TRUE,FALSE,<0.01
"CA-BC Okanagan Basin Agreement 1974, Tech. Supplement V",C-1,Okanagan Lake,10,OCTOBER,,53,o-PO4,0.005,mg/L as PO4,0.00163,FALSE,FALSE,0.005
"CA-BC Okanagan Basin Agreement 1974, Tech. Supplement V",C-1,Okanagan Lake,10,OCTOBER,,53,t-PO4,0.02,mg/L as PO4,0.00652,FALSE,FALSE,0.02
"CA-BC Okanagan Basin Agreement 1974, Tech. Supplement V",C-1,Okanagan Lake,10,OCTOBER,,53,SiO2,5.0,mg/L,,FALSE,FALSE,5.0
"CA-BC Okanagan Basin Agreement 1974, Tech. Supplement V",C-1,Okanagan Lake,11,APRIL,,1,NO3,0.02,mg/L,,FALSE,FALSE,0.02
"CA-BC Okanagan Basin Agreement 1974, Tech. Supplement V",C-1,Okanagan Lake,11,APRIL,,1,TKN,0.28,mg/L,,FALSE,FALSE,0.28
"CA-BC Okanagan Basin Agreement 1974, Tech. Supplement V",C-1,Okanagan Lake,11,APRIL,,1,o-PO4,0.01,mg/L as PO4,0.00326,TRUE,FALSE,<0.01
"CA-BC Okanagan Basin Agreement 1974, Tech. Supplement V",C-1,Okanagan Lake,11,APRIL,,1,t-PO4,0.02,mg/L as PO4,0.00652,FALSE,FALSE,0.02
"CA-BC Okanagan Basin Agreement 1974, Tech. Supplement V",C-1,Okanagan Lake,11,APRIL,,1,SiO2,5.0,mg/L,,FALSE,FALSE,5.0
"CA-BC Okanagan Basin Agreement 1974, Tech. Supplement V",C-1,Okanagan Lake,11,APRIL,,5,NO3,0.01,mg/L,,TRUE,FALSE,<0.01
"CA-BC Okanagan Basin Agreement 1974, Tech. Supplement V",C-1,Okanagan Lake,11,APRIL,,5,TKN,0.5,mg/L,,FALSE,FALSE,0.50
"CA-BC Okanagan Basin Agreement 1974, Tech. Supplement V",C-1,Okanagan Lake,11,APRIL,,5,o-PO4,0.01,mg/L as PO4,0.00326,TRUE,FALSE,<0.01
"CA-BC Okanagan Basin Agreement 1974, Tech. Supplement V",C-1,Okanagan Lake,11,APRIL,,5,t-PO4,0.03,mg/L as PO4,0.00978,FALSE,FALSE,0.03
"CA-BC Okanagan Basin Agreement 1974, Tech. Supplement V",C-1,Okanagan Lake,11,APRIL,,5,SiO2,5.0,mg/L,,FALSE,FALSE,5.0
"CA-BC Okanagan Basin Agreement 1974, Tech. Supplement V",C-1,Okanagan Lake,11,APRIL,,10,NO3,0.01,mg/L,,TRUE,FALSE,<0.01
"CA-BC Okanagan Basin Agreement 1974, Tech. Supplement V",C-1,Okanagan Lake,11,APRIL,,10,TKN,0.16,mg/L,,FALSE,FALSE,0.16
"CA-BC Okanagan Basin Agreement 1974, Tech. Supplement V",C-1,Okanagan Lake,11,APRIL,,10,o-PO4,0.01,mg/L as PO4,0.00326,FALSE,FALSE,0.01
"CA-BC Okanagan Basin Agreement 1974, Tech. Supplement V",C-1,Okanagan Lake,11,APRIL,,10,t-PO4,0.02,mg/L as PO4,0.00652,FALSE,FALSE,0.02
"CA-BC Okanagan Basin Agreement 1974, Tech. Supplement V",C-1,Okanagan Lake,11,APRIL,,10,SiO2,4.9,mg/L,,FALSE,FALSE,4.9
"CA-BC Okanagan Basin Agreement 1974, Tech. Supplement V",C-1,Okanagan Lake,11,APRIL,,25,NO3,0.03,mg/L,,FALSE,FALSE,0.03
"CA-BC Okanagan Basin Agreement 1974, Tech. Supplement V",C-1,Okanagan Lake,11,APRIL,,25,TKN,0.18,mg/L,,FALSE,FALSE,0.18
"CA-BC Okanagan Basin Agreement 1974, Tech. Supplement V",C-1,Okanagan Lake,11,APRIL,,25,o-PO4,0.01,mg/L as PO4,0.00326,TRUE,FALSE,<0.01
"CA-BC Okanagan Basin Agreement 1974, Tech. Supplement V",C-1,Okanagan Lake,11,APRIL,,25,t-PO4,0.03,mg/L as PO4,0.00978,FALSE,FALSE,0.03
"CA-BC Okanagan Basin Agreement 1974, Tech. Supplement V",C-1,Okanagan Lake,11,APRIL,,25,SiO2,5.1,mg/L,,FALSE,FALSE,5.1
"CA-BC Okanagan Basin Agreement 1974, Tech. Supplement V",C-1,Okanagan Lake,11,APRIL,,50,NO3,0.03,mg/L,,FALSE,FALSE,0.03
"CA-BC Okanagan Basin Agreement 1974, Tech. Supplement V",C-1,Okanagan Lake,11,APRIL,,50,TKN,0.18,mg/L,,FALSE,FALSE,0.18
"CA-BC Okanagan Basin Agreement 1974, Tech. Supplement V",C-1,Okanagan Lake,11,APRIL,,50,o-PO4,0.01,mg/L as PO4,0.00326,TRUE,FALSE,<0.01
"CA-BC Okanagan Basin Agreement 1974, Tech. Supplement V",C-1,Okanagan Lake,11,APRIL,,50,t-PO4,0.03,mg/L as PO4,0.00978,FALSE,FALSE,0.03
"CA-BC Okanagan Basin Agreement 1974, Tech. Supplement V",C-1,Okanagan Lake,11,APRIL,,50,SiO2,5.5,mg/L,,FALSE,FALSE,5.5
"CA-BC Okanagan Basin Agreement 1974, Tech. Supplement V",C-1,Okanagan Lake,11,APRIL,,100,NO3,0.03,mg/L,,FALSE,FALSE,0.03
"CA-BC Okanagan Basin Agreement 1974, Tech. Supplement V",C-1,Okanagan Lake,11,APRIL,,100,TKN,0.11,mg/L,,FALSE,FALSE,0.11
"CA-BC Okanagan Basin Agreement 1974, Tech. Supplement V",C-1,Okanagan Lake,11,APRIL,,100,o-PO4,0.01,mg/L as PO4,0.00326,TRUE,FALSE,<0.01
"CA-BC Okanagan Basin Agreement 1974, Tech. Supplement V",C-1,Okanagan Lake,11,APRIL,,100,t-PO4,0.02,mg/L as PO4,0.00652,FALSE,FALSE,0.02
"CA-BC Okanagan Basin Agreement 1974, Tech. Supplement V",C-1,Okanagan Lake,11,APRIL,,100,SiO2,5.5,mg/L,,FALSE,FALSE,5.5
"CA-BC Okanagan Basin Agreement 1974, Tech. Supplement V",C-1,Okanagan Lake,11,APRIL,,180,NO3,0.03,mg/L,,FALSE,FALSE,0.03
"CA-BC Okanagan Basin Agreement 1974, Tech. Supplement V",C-1,Okanagan Lake,11,APRIL,,180,TKN,0.08,mg/L,,FALSE,FALSE,0.08
"CA-BC Okanagan Basin Agreement 1974, Tech. Supplement V",C-1,Okanagan Lake,11,APRIL,,180,o-PO4,0.01,mg/L as PO4,0.00326,TRUE,FALSE,<0.01
"CA-BC Okanagan Basin Agreement 1974, Tech. Supplement V",C-1,Okanagan Lake,11,APRIL,,180,t-PO4,0.03,mg/L as PO4,0.00978,FALSE,FALSE,0.03
"CA-BC Okanagan Basin Agreement 1974, Tech. Supplement V",C-1,Okanagan Lake,11,APRIL,,180,SiO2,5.7,mg/L,,FALSE,FALSE,5.7
"CA-BC Okanagan Basin Agreement 1974, Tech. Supplement V",C-1,Okanagan Lake,11,JUNE,,1,NO3,0.01,mg/L,,TRUE,FALSE,<0.01
"CA-BC Okanagan Basin Agreement 1974, Tech. Supplement V",C-1,Okanagan Lake,11,JUNE,,1,TKN,0.01,mg/L,,TRUE,FALSE,<0.01
"CA-BC Okanagan Basin Agreement 1974, Tech. Supplement V",C-1,Okanagan Lake,11,JUNE,,1,o-PO4,0.69,mg/L as PO4,0.22505,FALSE,FALSE,0.69
"CA-BC Okanagan Basin Agreement 1974, Tech. Supplement V",C-1,Okanagan Lake,11,JUNE,,1,t-PO4,0.17,mg/L as PO4,0.05545,FALSE,FALSE,0.17
"CA-BC Okanagan Basin Agreement 1974, Tech. Supplement V",C-1,Okanagan Lake,11,JUNE,,1,SiO2,4.0,mg/L,,FALSE,FALSE,4.0
"CA-BC Okanagan Basin Agreement 1974, Tech. Supplement V",C-1,Okanagan Lake,11,JUNE,,5,NO3,0.01,mg/L,,TRUE,FALSE,<0.01
"CA-BC Okanagan Basin Agreement 1974, Tech. Supplement V",C-1,Okanagan Lake,11,JUNE,,5,TKN,0.07,mg/L,,FALSE,FALSE,0.07
"CA-BC Okanagan Basin Agreement 1974, Tech. Supplement V",C-1,Okanagan Lake,11,JUNE,,5,o-PO4,0.01,mg/L as PO4,0.00326,FALSE,FALSE,0.01
"CA-BC Okanagan Basin Agreement 1974, Tech. Supplement V",C-1,Okanagan Lake,11,JUNE,,5,t-PO4,0.03,mg/L as PO4,0.00978,FALSE,FALSE,0.03
"CA-BC Okanagan Basin Agreement 1974, Tech. Supplement V",C-1,Okanagan Lake,11,JUNE,,5,SiO2,3.9,mg/L,,FALSE,FALSE,3.9
"CA-BC Okanagan Basin Agreement 1974, Tech. Supplement V",C-1,Okanagan Lake,11,JUNE,,10,NO3,0.01,mg/L,,TRUE,FALSE,<0.01
"CA-BC Okanagan Basin Agreement 1974, Tech. Supplement V",C-1,Okanagan Lake,11,JUNE,,10,TKN,0.11,mg/L,,FALSE,FALSE,0.11
"CA-BC Okanagan Basin Agreement 1974, Tech. Supplement V",C-1,Okanagan Lake,11,JUNE,,10,o-PO4,0.01,mg/L as PO4,0.00326,TRUE,FALSE,<0.01
"CA-BC Okanagan Basin Agreement 1974, Tech. Supplement V",C-1,Okanagan Lake,11,JUNE,,10,t-PO4,0.04,mg/L as PO4,0.01305,FALSE,FALSE,0.04
"CA-BC Okanagan Basin Agreement 1974, Tech. Supplement V",C-1,Okanagan Lake,11,JUNE,,10,SiO2,3.9,mg/L,,FALSE,FALSE,3.9
"CA-BC Okanagan Basin Agreement 1974, Tech. Supplement V",C-1,Okanagan Lake,11,JUNE,,25,NO3,0.01,mg/L,,TRUE,FALSE,<0.01
"CA-BC Okanagan Basin Agreement 1974, Tech. Supplement V",C-1,Okanagan Lake,11,JUNE,,25,TKN,0.15,mg/L,,FALSE,FALSE,0.15
"CA-BC Okanagan Basin Agreement 1974, Tech. Supplement V",C-1,Okanagan Lake,11,JUNE,,25,o-PO4,0.01,mg/L as PO4,0.00326,TRUE,FALSE,<0.01
"CA-BC Okanagan Basin Agreement 1974, Tech. Supplement V",C-1,Okanagan Lake,11,JUNE,,25,t-PO4,0.02,mg/L as PO4,0.00652,FALSE,FALSE,0.02
"CA-BC Okanagan Basin Agreement 1974, Tech. Supplement V",C-1,Okanagan Lake,11,JUNE,,25,SiO2,4.1,mg/L,,FALSE,FALSE,4.1
"CA-BC Okanagan Basin Agreement 1974, Tech. Supplement V",C-1,Okanagan Lake,11,JUNE,,50,NO3,0.02,mg/L,,FALSE,FALSE,0.02
"CA-BC Okanagan Basin Agreement 1974, Tech. Supplement V",C-1,Okanagan Lake,11,JUNE,,50,TKN,0.02,mg/L,,FALSE,FALSE,0.02
"CA-BC Okanagan Basin Agreement 1974, Tech. Supplement V",C-1,Okanagan Lake,11,JUNE,,50,o-PO4,0.01,mg/L as PO4,0.00326,FALSE,FALSE,0.01
"CA-BC Okanagan Basin Agreement 1974, Tech. Supplement V",C-1,Okanagan Lake,11,JUNE,,50,t-PO4,0.01,mg/L as PO4,0.00326,FALSE,FALSE,0.01
"CA-BC Okanagan Basin Agreement 1974, Tech. Supplement V",C-1,Okanagan Lake,11,JUNE,,50,SiO2,4.2,mg/L,,FALSE,FALSE,4.2
"CA-BC Okanagan Basin Agreement 1974, Tech. Supplement V",C-1,Okanagan Lake,11,JUNE,,100,NO3,0.03,mg/L,,FALSE,FALSE,0.03
"CA-BC Okanagan Basin Agreement 1974, Tech. Supplement V",C-1,Okanagan Lake,11,JUNE,,100,TKN,0.2,mg/L,,FALSE,FALSE,0.20
"CA-BC Okanagan Basin Agreement 1974, Tech. Supplement V",C-1,Okanagan Lake,11,JUNE,,100,o-PO4,0.01,mg/L as PO4,0.00326,FALSE,FALSE,0.01
"CA-BC Okanagan Basin Agreement 1974, Tech. Supplement V",C-1,Okanagan Lake,11,JUNE,,100,t-PO4,0.01,mg/L as PO4,0.00326,FALSE,FALSE,0.01
"CA-BC Okanagan Basin Agreement 1974, Tech. Supplement V",C-1,Okanagan Lake,11,JUNE,,100,SiO2,4.4,mg/L,,FALSE,FALSE,4.4
"CA-BC Okanagan Basin Agreement 1974, Tech. Supplement V",C-1,Okanagan Lake,11,JUNE,,182,NO3,0.04,mg/L,,FALSE,FALSE,0.04
"CA-BC Okanagan Basin Agreement 1974, Tech. Supplement V",C-1,Okanagan Lake,11,JUNE,,182,TKN,0.01,mg/L,,TRUE,FALSE,<0.01
"CA-BC Okanagan Basin Agreement 1974, Tech. Supplement V",C-1,Okanagan Lake,11,JUNE,,182,o-PO4,0.01,mg/L as PO4,0.00326,FALSE,FALSE,0.01
"CA-BC Okanagan Basin Agreement 1974, Tech. Supplement V",C-1,Okanagan Lake,11,JUNE,,182,t-PO4,0.03,mg/L as PO4,0.00978,FALSE,FALSE,0.03
"CA-BC Okanagan Basin Agreement 1974, Tech. Supplement V",C-1,Okanagan Lake,11,JUNE,,182,SiO2,4.8,mg/L,,FALSE,FALSE,4.8
"CA-BC Okanagan Basin Agreement 1974, Tech. Supplement V",C-1,Okanagan Lake,11,AUGUST,,1,NO3,0.01,mg/L,,TRUE,FALSE,<0.01
"CA-BC Okanagan Basin Agreement 1974, Tech. Supplement V",C-1,Okanagan Lake,11,AUGUST,,1,TKN,0.25,mg/L,,FALSE,FALSE,0.25
"CA-BC Okanagan Basin Agreement 1974, Tech. Supplement V",C-1,Okanagan Lake,11,AUGUST,,1,o-PO4,0.01,mg/L as PO4,0.00326,TRUE,FALSE,<0.01
"CA-BC Okanagan Basin Agreement 1974, Tech. Supplement V",C-1,Okanagan Lake,11,AUGUST,,1,t-PO4,0.02,mg/L as PO4,0.00652,FALSE,FALSE,0.02
"CA-BC Okanagan Basin Agreement 1974, Tech. Supplement V",C-1,Okanagan Lake,11,AUGUST,,1,SiO2,4.2,mg/L,,FALSE,FALSE,4.2
"CA-BC Okanagan Basin Agreement 1974, Tech. Supplement V",C-1,Okanagan Lake,11,AUGUST,,5,NO3,0.01,mg/L,,TRUE,FALSE,<0.01
"CA-BC Okanagan Basin Agreement 1974, Tech. Supplement V",C-1,Okanagan Lake,11,AUGUST,,5,TKN,0.25,mg/L,,FALSE,FALSE,0.25
"CA-BC Okanagan Basin Agreement 1974, Tech. Supplement V",C-1,Okanagan Lake,11,AUGUST,,5,o-PO4,0.01,mg/L as PO4,0.00326,TRUE,FALSE,<0.01
"CA-BC Okanagan Basin Agreement 1974, Tech. Supplement V",C-1,Okanagan Lake,11,AUGUST,,5,t-PO4,0.02,mg/L as PO4,0.00652,FALSE,FALSE,0.02
"CA-BC Okanagan Basin Agreement 1974, Tech. Supplement V",C-1,Okanagan Lake,11,AUGUST,,5,SiO2,4.2,mg/L,,FALSE,FALSE,4.2
"CA-BC Okanagan Basin Agreement 1974, Tech. Supplement V",C-1,Okanagan Lake,11,AUGUST,,10,NO3,0.01,mg/L,,TRUE,FALSE,<0.01
"CA-BC Okanagan Basin Agreement 1974, Tech. Supplement V",C-1,Okanagan Lake,11,AUGUST,,10,TKN,0.16,mg/L,,FALSE,FALSE,0.16
"CA-BC Okanagan Basin Agreement 1974, Tech. Supplement V",C-1,Okanagan Lake,11,AUGUST,,10,o-PO4,0.01,mg/L as PO4,0.00326,TRUE,FALSE,<0.01
"CA-BC Okanagan Basin Agreement 1974, Tech. Supplement V",C-1,Okanagan Lake,11,AUGUST,,10,t-PO4,0.03,mg/L as PO4,0.00978,FALSE,FALSE,0.03
"CA-BC Okanagan Basin Agreement 1974, Tech. Supplement V",C-1,Okanagan Lake,11,AUGUST,,10,SiO2,4.2,mg/L,,FALSE,FALSE,4.2
"CA-BC Okanagan Basin Agreement 1974, Tech. Supplement V",C-1,Okanagan Lake,11,AUGUST,,25,NO3,0.13,mg/L,,FALSE,FALSE,0.13
"CA-BC Okanagan Basin Agreement 1974, Tech. Supplement V",C-1,Okanagan Lake,11,AUGUST,,25,TKN,0.25,mg/L,,FALSE,FALSE,0.25
"CA-BC Okanagan Basin Agreement 1974, Tech. Supplement V",C-1,Okanagan Lake,11,AUGUST,,25,o-PO4,0.01,mg/L as PO4,0.00326,TRUE,FALSE,<0.01
"CA-BC Okanagan Basin Agreement 1974, Tech. Supplement V",C-1,Okanagan Lake,11,AUGUST,,25,t-PO4,0.02,mg/L as PO4,0.00652,FALSE,FALSE,0.02
"CA-BC Okanagan Basin Agreement 1974, Tech. Supplement V",C-1,Okanagan Lake,11,AUGUST,,25,SiO2,4.6,mg/L,,FALSE,FALSE,4.6
"CA-BC Okanagan Basin Agreement 1974, Tech. Supplement V",C-1,Okanagan Lake,11,AUGUST,,50,NO3,0.04,mg/L,,FALSE,FALSE,0.04
"CA-BC Okanagan Basin Agreement 1974, Tech. Supplement V",C-1,Okanagan Lake,11,AUGUST,,50,TKN,0.01,mg/L,,TRUE,FALSE,<0.01
"CA-BC Okanagan Basin Agreement 1974, Tech. Supplement V",C-1,Okanagan Lake,11,AUGUST,,50,o-PO4,0.01,mg/L as PO4,0.00326,FALSE,FALSE,0.01
"CA-BC Okanagan Basin Agreement 1974, Tech. Supplement V",C-1,Okanagan Lake,11,AUGUST,,50,t-PO4,0.02,mg/L as PO4,0.00652,FALSE,FALSE,0.02
"CA-BC Okanagan Basin Agreement 1974, Tech. Supplement V",C-1,Okanagan Lake,11,AUGUST,,50,SiO2,5.0,mg/L,,FALSE,FALSE,5.0
"CA-BC Okanagan Basin Agreement 1974, Tech. Supplement V",C-1,Okanagan Lake,11,AUGUST,,100,NO3,0.04,mg/L,,FALSE,FALSE,0.04
"CA-BC Okanagan Basin Agreement 1974, Tech. Supplement V",C-1,Okanagan Lake,11,AUGUST,,100,TKN,0.21,mg/L,,FALSE,FALSE,0.21
"CA-BC Okanagan Basin Agreement 1974, Tech. Supplement V",C-1,Okanagan Lake,11,AUGUST,,100,o-PO4,0.01,mg/L as PO4,0.00326,FALSE,FALSE,0.01
"CA-BC Okanagan Basin Agreement 1974, Tech. Supplement V",C-1,Okanagan Lake,11,AUGUST,,100,t-PO4,0.02,mg/L as PO4,0.00652,FALSE,FALSE,0.02
"CA-BC Okanagan Basin Agreement 1974, Tech. Supplement V",C-1,Okanagan Lake,11,AUGUST,,100,SiO2,5.1,mg/L,,FALSE,FALSE,5.1
"CA-BC Okanagan Basin Agreement 1974, Tech. Supplement V",C-1,Okanagan Lake,11,AUGUST,,168,NO3,0.05,mg/L,,FALSE,FALSE,0.05
"CA-BC Okanagan Basin Agreement 1974, Tech. Supplement V",C-1,Okanagan Lake,11,AUGUST,,168,TKN,0.15,mg/L,,FALSE,FALSE,0.15
"CA-BC Okanagan Basin Agreement 1974, Tech. Supplement V",C-1,Okanagan Lake,11,AUGUST,,168,o-PO4,0.01,mg/L as PO4,0.00326,FALSE,FALSE,0.01
"CA-BC Okanagan Basin Agreement 1974, Tech. Supplement V",C-1,Okanagan Lake,11,AUGUST,,168,t-PO4,0.03,mg/L as PO4,0.00978,FALSE,FALSE,0.03
"CA-BC Okanagan Basin Agreement 1974, Tech. Supplement V",C-1,Okanagan Lake,11,AUGUST,,168,SiO2,5.4,mg/L,,FALSE,FALSE,5.4
"CA-BC Okanagan Basin Agreement 1974, Tech. Supplement V",C-1,Okanagan Lake,11,OCTOBER,,1,NO3,0.04,mg/L,,FALSE,FALSE,0.04
"CA-BC Okanagan Basin Agreement 1974, Tech. Supplement V",C-1,Okanagan Lake,11,OCTOBER,,1,TKN,0.01,mg/L,,TRUE,FALSE,<0.01
"CA-BC Okanagan Basin Agreement 1974, Tech. Supplement V",C-1,Okanagan Lake,11,OCTOBER,,1,o-PO4,0.005,mg/L as PO4,0.00163,TRUE,FALSE,<0.005
"CA-BC Okanagan Basin Agreement 1974, Tech. Supplement V",C-1,Okanagan Lake,11,OCTOBER,,1,t-PO4,0.02,mg/L as PO4,0.00652,FALSE,FALSE,0.02
"CA-BC Okanagan Basin Agreement 1974, Tech. Supplement V",C-1,Okanagan Lake,11,OCTOBER,,1,SiO2,4.4,mg/L,,FALSE,FALSE,4.4
"CA-BC Okanagan Basin Agreement 1974, Tech. Supplement V",C-1,Okanagan Lake,11,OCTOBER,,5,NO3,0.01,mg/L,,TRUE,FALSE,<0.01
"CA-BC Okanagan Basin Agreement 1974, Tech. Supplement V",C-1,Okanagan Lake,11,OCTOBER,,5,TKN,0.01,mg/L,,TRUE,FALSE,<0.01
"CA-BC Okanagan Basin Agreement 1974, Tech. Supplement V",C-1,Okanagan Lake,11,OCTOBER,,5,o-PO4,0.005,mg/L as PO4,0.00163,TRUE,FALSE,<0.005
"CA-BC Okanagan Basin Agreement 1974, Tech. Supplement V",C-1,Okanagan Lake,11,OCTOBER,,5,t-PO4,0.02,mg/L as PO4,0.00652,FALSE,FALSE,0.02
"CA-BC Okanagan Basin Agreement 1974, Tech. Supplement V",C-1,Okanagan Lake,11,OCTOBER,,5,SiO2,4.4,mg/L,,FALSE,FALSE,4.4
"CA-BC Okanagan Basin Agreement 1974, Tech. Supplement V",C-1,Okanagan Lake,11,OCTOBER,,10,NO3,0.01,mg/L,,TRUE,FALSE,<0.01
"CA-BC Okanagan Basin Agreement 1974, Tech. Supplement V",C-1,Okanagan Lake,11,OCTOBER,,10,TKN,0.01,mg/L,,TRUE,FALSE,<0.01
"CA-BC Okanagan Basin Agreement 1974, Tech. Supplement V",C-1,Okanagan Lake,11,OCTOBER,,10,o-PO4,0.005,mg/L as PO4,0.00163,TRUE,FALSE,<0.005
"CA-BC Okanagan Basin Agreement 1974, Tech. Supplement V",C-1,Okanagan Lake,11,OCTOBER,,10,t-PO4,0.02,mg/L as PO4,0.00652,FALSE,FALSE,0.02
"CA-BC Okanagan Basin Agreement 1974, Tech. Supplement V",C-1,Okanagan Lake,11,OCTOBER,,10,SiO2,4.4,mg/L,,FALSE,FALSE,4.4
"CA-BC Okanagan Basin Agreement 1974, Tech. Supplement V",C-1,Okanagan Lake,11,OCTOBER,,25,NO3,0.01,mg/L,,TRUE,FALSE,<0.01
"CA-BC Okanagan Basin Agreement 1974, Tech. Supplement V",C-1,Okanagan Lake,11,OCTOBER,,25,TKN,0.01,mg/L,,TRUE,FALSE,<0.01
"CA-BC Okanagan Basin Agreement 1974, Tech. Supplement V",C-1,Okanagan Lake,11,OCTOBER,,25,o-PO4,0.005,mg/L as PO4,0.00163,TRUE,FALSE,<0.005
"CA-BC Okanagan Basin Agreement 1974, Tech. Supplement V",C-1,Okanagan Lake,11,OCTOBER,,25,t-PO4,0.02,mg/L as PO4,0.00652,FALSE,FALSE,0.02
"CA-BC Okanagan Basin Agreement 1974, Tech. Supplement V",C-1,Okanagan Lake,11,OCTOBER,,25,SiO2,4.5,mg/L,,FALSE,FALSE,4.5
"CA-BC Okanagan Basin Agreement 1974, Tech. Supplement V",C-1,Okanagan Lake,11,OCTOBER,,50,NO3,0.01,mg/L,,FALSE,FALSE,0.01
"CA-BC Okanagan Basin Agreement 1974, Tech. Supplement V",C-1,Okanagan Lake,11,OCTOBER,,50,TKN,0.01,mg/L,,TRUE,FALSE,<0.01
"CA-BC Okanagan Basin Agreement 1974, Tech. Supplement V",C-1,Okanagan Lake,11,OCTOBER,,50,o-PO4,0.005,mg/L as PO4,0.00163,TRUE,FALSE,<0.005
"CA-BC Okanagan Basin Agreement 1974, Tech. Supplement V",C-1,Okanagan Lake,11,OCTOBER,,50,t-PO4,0.02,mg/L as PO4,0.00652,FALSE,FALSE,0.02
"CA-BC Okanagan Basin Agreement 1974, Tech. Supplement V",C-1,Okanagan Lake,11,OCTOBER,,50,SiO2,4.8,mg/L,,FALSE,FALSE,4.8
"CA-BC Okanagan Basin Agreement 1974, Tech. Supplement V",C-1,Okanagan Lake,11,OCTOBER,,100,NO3,0.03,mg/L,,FALSE,FALSE,0.03
"CA-BC Okanagan Basin Agreement 1974, Tech. Supplement V",C-1,Okanagan Lake,11,OCTOBER,,100,TKN,0.01,mg/L,,TRUE,FALSE,<0.01
"CA-BC Okanagan Basin Agreement 1974, Tech. Supplement V",C-1,Okanagan Lake,11,OCTOBER,,100,o-PO4,0.005,mg/L as PO4,0.00163,FALSE,FALSE,0.005
"CA-BC Okanagan Basin Agreement 1974, Tech. Supplement V",C-1,Okanagan Lake,11,OCTOBER,,100,t-PO4,0.04,mg/L as PO4,0.01305,FALSE,FALSE,0.04
"CA-BC Okanagan Basin Agreement 1974, Tech. Supplement V",C-1,Okanagan Lake,11,OCTOBER,,100,SiO2,5.0,mg/L,,FALSE,FALSE,5.0
"CA-BC Okanagan Basin Agreement 1974, Tech. Supplement V",C-1,Okanagan Lake,11,OCTOBER,,152,NO3,0.04,mg/L,,FALSE,FALSE,0.04
"CA-BC Okanagan Basin Agreement 1974, Tech. Supplement V",C-1,Okanagan Lake,11,OCTOBER,,152,TKN,0.01,mg/L,,TRUE,FALSE,<0.01
"CA-BC Okanagan Basin Agreement 1974, Tech. Supplement V",C-1,Okanagan Lake,11,OCTOBER,,152,o-PO4,0.01,mg/L as PO4,0.00326,FALSE,FALSE,0.01
"CA-BC Okanagan Basin Agreement 1974, Tech. Supplement V",C-1,Okanagan Lake,11,OCTOBER,,152,t-PO4,0.05,mg/L as PO4,0.01631,FALSE,FALSE,0.05
"CA-BC Okanagan Basin Agreement 1974, Tech. Supplement V",C-1,Okanagan Lake,11,OCTOBER,,152,SiO2,5.5,mg/L,,FALSE,FALSE,5.5
"CA-BC Okanagan Basin Agreement 1974, Tech. Supplement V",C-1,Okanagan Lake,13,APRIL,,1,NO3,0.01,mg/L,,TRUE,FALSE,<0.01
"CA-BC Okanagan Basin Agreement 1974, Tech. Supplement V",C-1,Okanagan Lake,13,APRIL,,1,TKN,0.15,mg/L,,FALSE,FALSE,0.15
"CA-BC Okanagan Basin Agreement 1974, Tech. Supplement V",C-1,Okanagan Lake,13,APRIL,,1,o-PO4,0.01,mg/L as PO4,0.00326,FALSE,FALSE,0.01
"CA-BC Okanagan Basin Agreement 1974, Tech. Supplement V",C-1,Okanagan Lake,13,APRIL,,1,t-PO4,0.02,mg/L as PO4,0.00652,FALSE,FALSE,0.02
"CA-BC Okanagan Basin Agreement 1974, Tech. Supplement V",C-1,Okanagan Lake,13,APRIL,,1,SiO2,4.9,mg/L,,FALSE,FALSE,4.9
"CA-BC Okanagan Basin Agreement 1974, Tech. Supplement V",C-1,Okanagan Lake,13,APRIL,,5,NO3,0.01,mg/L,,TRUE,FALSE,<0.01
"CA-BC Okanagan Basin Agreement 1974, Tech. Supplement V",C-1,Okanagan Lake,13,APRIL,,5,TKN,0.13,mg/L,,FALSE,FALSE,0.13
"CA-BC Okanagan Basin Agreement 1974, Tech. Supplement V",C-1,Okanagan Lake,13,APRIL,,5,o-PO4,0.01,mg/L as PO4,0.00326,TRUE,FALSE,<0.01
"CA-BC Okanagan Basin Agreement 1974, Tech. Supplement V",C-1,Okanagan Lake,13,APRIL,,5,t-PO4,0.03,mg/L as PO4,0.00978,FALSE,FALSE,0.03
"CA-BC Okanagan Basin Agreement 1974, Tech. Supplement V",C-1,Okanagan Lake,13,APRIL,,5,SiO2,4.9,mg/L,,FALSE,FALSE,4.9
"CA-BC Okanagan Basin Agreement 1974, Tech. Supplement V",C-1,Okanagan Lake,13,APRIL,,10,NO3,0.01,mg/L,,TRUE,FALSE,<0.01
"CA-BC Okanagan Basin Agreement 1974, Tech. Supplement V",C-1,Okanagan Lake,13,APRIL,,10,TKN,0.17,mg/L,,FALSE,FALSE,0.17
"CA-BC Okanagan Basin Agreement 1974, Tech. Supplement V",C-1,Okanagan Lake,13,APRIL,,10,o-PO4,0.01,mg/L as PO4,0.00326,TRUE,FALSE,<0.01
"CA-BC Okanagan Basin Agreement 1974, Tech. Supplement V",C-1,Okanagan Lake,13,APRIL,,10,t-PO4,0.03,mg/L as PO4,0.00978,FALSE,FALSE,0.03
"CA-BC Okanagan Basin Agreement 1974, Tech. Supplement V",C-1,Okanagan Lake,13,APRIL,,10,SiO2,5.1,mg/L,,FALSE,FALSE,5.1
"CA-BC Okanagan Basin Agreement 1974, Tech. Supplement V",C-1,Okanagan Lake,13,APRIL,,25,NO3,0.02,mg/L,,FALSE,FALSE,0.02
"CA-BC Okanagan Basin Agreement 1974, Tech. Supplement V",C-1,Okanagan Lake,13,APRIL,,25,TKN,0.11,mg/L,,FALSE,FALSE,0.11
"CA-BC Okanagan Basin Agreement 1974, Tech. Supplement V",C-1,Okanagan Lake,13,APRIL,,25,o-PO4,0.01,mg/L as PO4,0.00326,TRUE,FALSE,<0.01
"CA-BC Okanagan Basin Agreement 1974, Tech. Supplement V",C-1,Okanagan Lake,13,APRIL,,25,t-PO4,0.03,mg/L as PO4,0.00978,FALSE,FALSE,0.03
"CA-BC Okanagan Basin Agreement 1974, Tech. Supplement V",C-1,Okanagan Lake,13,APRIL,,25,SiO2,5.0,mg/L,,FALSE,FALSE,5.0
"CA-BC Okanagan Basin Agreement 1974, Tech. Supplement V",C-1,Okanagan Lake,13,APRIL,,50,NO3,0.02,mg/L,,FALSE,FALSE,0.02
"CA-BC Okanagan Basin Agreement 1974, Tech. Supplement V",C-1,Okanagan Lake,13,APRIL,,50,TKN,0.15,mg/L,,FALSE,FALSE,0.15
"CA-BC Okanagan Basin Agreement 1974, Tech. Supplement V",C-1,Okanagan Lake,13,APRIL,,50,o-PO4,0.01,mg/L as PO4,0.00326,FALSE,FALSE,0.01
"CA-BC Okanagan Basin Agreement 1974, Tech. Supplement V",C-1,Okanagan Lake,13,APRIL,,50,t-PO4,0.03,mg/L as PO4,0.00978,FALSE,FALSE,0.03
"CA-BC Okanagan Basin Agreement 1974, Tech. Supplement V",C-1,Okanagan Lake,13,APRIL,,50,SiO2,5.3,mg/L,,FALSE,FALSE,5.3
"CA-BC Okanagan Basin Agreement 1974, Tech. Supplement V",C-1,Okanagan Lake,13,APRIL,,100,NO3,0.03,mg/L,,FALSE,FALSE,0.03
"CA-BC Okanagan Basin Agreement 1974, Tech. Supplement V",C-1,Okanagan Lake,13,APRIL,,100,TKN,0.1,mg/L,,FALSE,FALSE,0.10
"CA-BC Okanagan Basin Agreement 1974, Tech. Supplement V",C-1,Okanagan Lake,13,APRIL,,100,o-PO4,0.01,mg/L as PO4,0.00326,TRUE,FALSE,<0.01
"CA-BC Okanagan Basin Agreement 1974, Tech. Supplement V",C-1,Okanagan Lake,13,APRIL,,100,t-PO4,0.03,mg/L as PO4,0.00978,FALSE,FALSE,0.03
"CA-BC Okanagan Basin Agreement 1974, Tech. Supplement V",C-1,Okanagan Lake,13,APRIL,,100,SiO2,5.4,mg/L,,FALSE,FALSE,5.4
"CA-BC Okanagan Basin Agreement 1974, Tech. Supplement V",C-1,Okanagan Lake,13,APRIL,,219,NO3,0.02,mg/L,,FALSE,FALSE,0.02
"CA-BC Okanagan Basin Agreement 1974, Tech. Supplement V",C-1,Okanagan Lake,13,APRIL,,219,TKN,0.13,mg/L,,FALSE,FALSE,0.13
"CA-BC Okanagan Basin Agreement 1974, Tech. Supplement V",C-1,Okanagan Lake,13,APRIL,,219,o-PO4,0.01,mg/L as PO4,0.00326,TRUE,FALSE,<0.01
"CA-BC Okanagan Basin Agreement 1974, Tech. Supplement V",C-1,Okanagan Lake,13,APRIL,,219,t-PO4,0.03,mg/L as PO4,0.00978,FALSE,FALSE,0.03
"CA-BC Okanagan Basin Agreement 1974, Tech. Supplement V",C-1,Okanagan Lake,13,APRIL,,219,SiO2,5.4,mg/L,,FALSE,FALSE,5.4
"CA-BC Okanagan Basin Agreement 1974, Tech. Supplement V",C-1,Okanagan Lake,13,JUNE,,1,NO3,0.01,mg/L,,TRUE,FALSE,<0.01
"CA-BC Okanagan Basin Agreement 1974, Tech. Supplement V",C-1,Okanagan Lake,13,JUNE,,1,TKN,0.05,mg/L,,FALSE,FALSE,0.05
"CA-BC Okanagan Basin Agreement 1974, Tech. Supplement V",C-1,Okanagan Lake,13,JUNE,,1,o-PO4,0.2,mg/L as PO4,0.06523,FALSE,FALSE,0.20
"CA-BC Okanagan Basin Agreement 1974, Tech. Supplement V",C-1,Okanagan Lake,13,JUNE,,1,t-PO4,0.23,mg/L as PO4,0.07502,FALSE,FALSE,0.23
"CA-BC Okanagan Basin Agreement 1974, Tech. Supplement V",C-1,Okanagan Lake,13,JUNE,,1,SiO2,4.2,mg/L,,FALSE,FALSE,4.2
"CA-BC Okanagan Basin Agreement 1974, Tech. Supplement V",C-1,Okanagan Lake,13,JUNE,,5,NO3,,mg/L,,FALSE,TRUE,ND
"CA-BC Okanagan Basin Agreement 1974, Tech. Supplement V",C-1,Okanagan Lake,13,JUNE,,5,TKN,,mg/L,,FALSE,TRUE,ND
"CA-BC Okanagan Basin Agreement 1974, Tech. Supplement V",C-1,Okanagan Lake,13,JUNE,,5,o-PO4,,mg/L as PO4,,FALSE,TRUE,ND
"CA-BC Okanagan Basin Agreement 1974, Tech. Supplement V",C-1,Okanagan Lake,13,JUNE,,5,t-PO4,,mg/L as PO4,,FALSE,TRUE,ND
"CA-BC Okanagan Basin Agreement 1974, Tech. Supplement V",C-1,Okanagan Lake,13,JUNE,,5,SiO2,4.1,mg/L,,FALSE,FALSE,4.1
"CA-BC Okanagan Basin Agreement 1974, Tech. Supplement V",C-1,Okanagan Lake,13,JUNE,,10,NO3,0.01,mg/L,,TRUE,FALSE,<0.01
"CA-BC Okanagan Basin Agreement 1974, Tech. Supplement V",C-1,Okanagan Lake,13,JUNE,,10,TKN,0.16,mg/L,,FALSE,FALSE,0.16
"CA-BC Okanagan Basin Agreement 1974, Tech. Supplement V",C-1,Okanagan Lake,13,JUNE,,10,o-PO4,0.01,mg/L as PO4,0.00326,TRUE,FALSE,<0.01
"CA-BC Okanagan Basin Agreement 1974, Tech. Supplement V",C-1,Okanagan Lake,13,JUNE,,10,t-PO4,0.03,mg/L as PO4,0.00978,FALSE,FALSE,0.03
"CA-BC Okanagan Basin Agreement 1974, Tech. Supplement V",C-1,Okanagan Lake,13,JUNE,,10,SiO2,4.0,mg/L,,FALSE,FALSE,4.0
"CA-BC Okanagan Basin Agreement 1974, Tech. Supplement V",C-1,Okanagan Lake,13,JUNE,,25,NO3,0.01,mg/L,,TRUE,FALSE,<0.01
"CA-BC Okanagan Basin Agreement 1974, Tech. Supplement V",C-1,Okanagan Lake,13,JUNE,,25,TKN,0.14,mg/L,,FALSE,FALSE,0.14
"CA-BC Okanagan Basin Agreement 1974, Tech. Supplement V",C-1,Okanagan Lake,13,JUNE,,25,o-PO4,0.03,mg/L as PO4,0.00978,FALSE,FALSE,0.03
"CA-BC Okanagan Basin Agreement 1974, Tech. Supplement V",C-1,Okanagan Lake,13,JUNE,,25,t-PO4,0.05,mg/L as PO4,0.01631,FALSE,FALSE,0.05
"CA-BC Okanagan Basin Agreement 1974, Tech. Supplement V",C-1,Okanagan Lake,13,JUNE,,25,SiO2,4.2,mg/L,,FALSE,FALSE,4.2
"CA-BC Okanagan Basin Agreement 1974, Tech. Supplement V",C-1,Okanagan Lake,13,JUNE,,50,NO3,0.01,mg/L,,FALSE,FALSE,0.01
"CA-BC Okanagan Basin Agreement 1974, Tech. Supplement V",C-1,Okanagan Lake,13,JUNE,,50,TKN,0.2,mg/L,,FALSE,FALSE,0.20
"CA-BC Okanagan Basin Agreement 1974, Tech. Supplement V",C-1,Okanagan Lake,13,JUNE,,50,o-PO4,0.01,mg/L as PO4,0.00326,FALSE,FALSE,0.01
"CA-BC Okanagan Basin Agreement 1974, Tech. Supplement V",C-1,Okanagan Lake,13,JUNE,,50,t-PO4,0.02,mg/L as PO4,0.00652,FALSE,FALSE,0.02
"CA-BC Okanagan Basin Agreement 1974, Tech. Supplement V",C-1,Okanagan Lake,13,JUNE,,50,SiO2,4.3,mg/L,,FALSE,FALSE,4.3
"CA-BC Okanagan Basin Agreement 1974, Tech. Supplement V",C-1,Okanagan Lake,13,JUNE,,100,NO3,0.02,mg/L,,FALSE,FALSE,0.02
"CA-BC Okanagan Basin Agreement 1974, Tech. Supplement V",C-1,Okanagan Lake,13,JUNE,,100,TKN,0.13,mg/L,,FALSE,FALSE,0.13
"CA-BC Okanagan Basin Agreement 1974, Tech. Supplement V",C-1,Okanagan Lake,13,JUNE,,100,o-PO4,0.01,mg/L as PO4,0.00326,TRUE,FALSE,<0.01
"CA-BC Okanagan Basin Agreement 1974, Tech. Supplement V",C-1,Okanagan Lake,13,JUNE,,100,t-PO4,0.01,mg/L as PO4,0.00326,FALSE,FALSE,0.01
"CA-BC Okanagan Basin Agreement 1974, Tech. Supplement V",C-1,Okanagan Lake,13,JUNE,,100,SiO2,4.4,mg/L,,FALSE,FALSE,4.4
"CA-BC Okanagan Basin Agreement 1974, Tech. Supplement V",C-1,Okanagan Lake,13,JUNE,,210,NO3,0.04,mg/L,,FALSE,FALSE,0.04
"CA-BC Okanagan Basin Agreement 1974, Tech. Supplement V",C-1,Okanagan Lake,13,JUNE,,210,TKN,0.13,mg/L,,FALSE,FALSE,0.13
"CA-BC Okanagan Basin Agreement 1974, Tech. Supplement V",C-1,Okanagan Lake,13,JUNE,,210,o-PO4,0.01,mg/L as PO4,0.00326,FALSE,FALSE,0.01
"CA-BC Okanagan Basin Agreement 1974, Tech. Supplement V",C-1,Okanagan Lake,13,JUNE,,210,t-PO4,0.07,mg/L as PO4,0.02283,FALSE,FALSE,0.07
"CA-BC Okanagan Basin Agreement 1974, Tech. Supplement V",C-1,Okanagan Lake,13,JUNE,,210,SiO2,4.8,mg/L,,FALSE,FALSE,4.8
"CA-BC Okanagan Basin Agreement 1974, Tech. Supplement V",C-1,Okanagan Lake,13,AUGUST,,1,NO3,0.01,mg/L,,TRUE,FALSE,<0.01
"CA-BC Okanagan Basin Agreement 1974, Tech. Supplement V",C-1,Okanagan Lake,13,AUGUST,,1,TKN,0.13,mg/L,,FALSE,FALSE,0.13
"CA-BC Okanagan Basin Agreement 1974, Tech. Supplement V",C-1,Okanagan Lake,13,AUGUST,,1,o-PO4,0.01,mg/L as PO4,0.00326,TRUE,FALSE,<0.01
"CA-BC Okanagan Basin Agreement 1974, Tech. Supplement V",C-1,Okanagan Lake,13,AUGUST,,1,t-PO4,0.02,mg/L as PO4,0.00652,FALSE,FALSE,0.02
"CA-BC Okanagan Basin Agreement 1974, Tech. Supplement V",C-1,Okanagan Lake,13,AUGUST,,1,SiO2,4.4,mg/L,,FALSE,FALSE,4.4
"CA-BC Okanagan Basin Agreement 1974, Tech. Supplement V",C-1,Okanagan Lake,13,AUGUST,,5,NO3,0.01,mg/L,,TRUE,FALSE,<0.01
"CA-BC Okanagan Basin Agreement 1974, Tech. Supplement V",C-1,Okanagan Lake,13,AUGUST,,5,TKN,0.13,mg/L,,FALSE,FALSE,0.13
"CA-BC Okanagan Basin Agreement 1974, Tech. Supplement V",C-1,Okanagan Lake,13,AUGUST,,5,o-PO4,0.01,mg/L as PO4,0.00326,TRUE,FALSE,<0.01
"CA-BC Okanagan Basin Agreement 1974, Tech. Supplement V",C-1,Okanagan Lake,13,AUGUST,,5,t-PO4,0.02,mg/L as PO4,0.00652,FALSE,FALSE,0.02
"CA-BC Okanagan Basin Agreement 1974, Tech. Supplement V",C-1,Okanagan Lake,13,AUGUST,,5,SiO2,4.4,mg/L,,FALSE,FALSE,4.4
"CA-BC Okanagan Basin Agreement 1974, Tech. Supplement V",C-1,Okanagan Lake,13,AUGUST,,10,NO3,0.01,mg/L,,TRUE,FALSE,<0.01
"CA-BC Okanagan Basin Agreement 1974, Tech. Supplement V",C-1,Okanagan Lake,13,AUGUST,,10,TKN,0.08,mg/L,,FALSE,FALSE,0.08
"CA-BC Okanagan Basin Agreement 1974, Tech. Supplement V",C-1,Okanagan Lake,13,AUGUST,,10,o-PO4,0.01,mg/L as PO4,0.00326,TRUE,FALSE,<0.01
"CA-BC Okanagan Basin Agreement 1974, Tech. Supplement V",C-1,Okanagan Lake,13,AUGUST,,10,t-PO4,0.02,mg/L as PO4,0.00652,FALSE,FALSE,0.02
"CA-BC Okanagan Basin Agreement 1974, Tech. Supplement V",C-1,Okanagan Lake,13,AUGUST,,10,SiO2,4.3,mg/L,,FALSE,FALSE,4.3
"CA-BC Okanagan Basin Agreement 1974, Tech. Supplement V",C-1,Okanagan Lake,13,AUGUST,,25,NO3,0.01,mg/L,,TRUE,FALSE,<0.01
"CA-BC Okanagan Basin Agreement 1974, Tech. Supplement V",C-1,Okanagan Lake,13,AUGUST,,25,TKN,0.7,mg/L,,FALSE,FALSE,0.70
"CA-BC Okanagan Basin Agreement 1974, Tech. Supplement V",C-1,Okanagan Lake,13,AUGUST,,25,o-PO4,0.01,mg/L as PO4,0.00326,TRUE,FALSE,<0.01
"CA-BC Okanagan Basin Agreement 1974, Tech. Supplement V",C-1,Okanagan Lake,13,AUGUST,,25,t-PO4,0.02,mg/L as PO4,0.00652,FALSE,FALSE,0.02
"CA-BC Okanagan Basin Agreement 1974, Tech. Supplement V",C-1,Okanagan Lake,13,AUGUST,,25,SiO2,4.6,mg/L,,FALSE,FALSE,4.6
"CA-BC Okanagan Basin Agreement 1974, Tech. Supplement V",C-1,Okanagan Lake,13,AUGUST,,50,NO3,0.02,mg/L,,FALSE,FALSE,0.02
"CA-BC Okanagan Basin Agreement 1974, Tech. Supplement V",C-1,Okanagan Lake,13,AUGUST,,50,TKN,0.13,mg/L,,FALSE,FALSE,0.13
"CA-BC Okanagan Basin Agreement 1974, Tech. Supplement V",C-1,Okanagan Lake,13,AUGUST,,50,o-PO4,0.01,mg/L as PO4,0.00326,TRUE,FALSE,<0.01
"CA-BC Okanagan Basin Agreement 1974, Tech. Supplement V",C-1,Okanagan Lake,13,AUGUST,,50,t-PO4,0.02,mg/L as PO4,0.00652,FALSE,FALSE,0.02
"CA-BC Okanagan Basin Agreement 1974, Tech. Supplement V",C-1,Okanagan Lake,13,AUGUST,,50,SiO2,4.8,mg/L,,FALSE,FALSE,4.8
"CA-BC Okanagan Basin Agreement 1974, Tech. Supplement V",C-1,Okanagan Lake,13,AUGUST,,100,NO3,0.04,mg/L,,FALSE,FALSE,0.04
"CA-BC Okanagan Basin Agreement 1974, Tech. Supplement V",C-1,Okanagan Lake,13,AUGUST,,100,TKN,0.01,mg/L,,TRUE,FALSE,<0.01
"CA-BC Okanagan Basin Agreement 1974, Tech. Supplement V",C-1,Okanagan Lake,13,AUGUST,,100,o-PO4,0.01,mg/L as PO4,0.00326,FALSE,FALSE,0.01
"CA-BC Okanagan Basin Agreement 1974, Tech. Supplement V",C-1,Okanagan Lake,13,AUGUST,,100,t-PO4,0.02,mg/L as PO4,0.00652,FALSE,FALSE,0.02
"CA-BC Okanagan Basin Agreement 1974, Tech. Supplement V",C-1,Okanagan Lake,13,AUGUST,,100,SiO2,4.8,mg/L,,FALSE,FALSE,4.8
"CA-BC Okanagan Basin Agreement 1974, Tech. Supplement V",C-1,Okanagan Lake,13,AUGUST,,190,NO3,0.06,mg/L,,FALSE,FALSE,0.06
"CA-BC Okanagan Basin Agreement 1974, Tech. Supplement V",C-1,Okanagan Lake,13,AUGUST,,190,TKN,0.62,mg/L,,FALSE,FALSE,0.62
"CA-BC Okanagan Basin Agreement 1974, Tech. Supplement V",C-1,Okanagan Lake,13,AUGUST,,190,o-PO4,0.02,mg/L as PO4,0.00652,FALSE,FALSE,0.02
"CA-BC Okanagan Basin Agreement 1974, Tech. Supplement V",C-1,Okanagan Lake,13,AUGUST,,190,t-PO4,0.03,mg/L as PO4,0.00978,FALSE,FALSE,0.03
"CA-BC Okanagan Basin Agreement 1974, Tech. Supplement V",C-1,Okanagan Lake,13,AUGUST,,190,SiO2,5.6,mg/L,,FALSE,FALSE,5.6
"CA-BC Okanagan Basin Agreement 1974, Tech. Supplement V",C-1,Okanagan Lake,13,OCTOBER,,1,NO3,0.01,mg/L,,TRUE,FALSE,<0.01
"CA-BC Okanagan Basin Agreement 1974, Tech. Supplement V",C-1,Okanagan Lake,13,OCTOBER,,1,TKN,0.26,mg/L,,FALSE,FALSE,0.26
"CA-BC Okanagan Basin Agreement 1974, Tech. Supplement V",C-1,Okanagan Lake,13,OCTOBER,,1,o-PO4,0.009,mg/L as PO4,0.00294,FALSE,FALSE,0.009
"CA-BC Okanagan Basin Agreement 1974, Tech. Supplement V",C-1,Okanagan Lake,13,OCTOBER,,1,t-PO4,0.04,mg/L as PO4,0.01305,FALSE,FALSE,0.04
"CA-BC Okanagan Basin Agreement 1974, Tech. Supplement V",C-1,Okanagan Lake,13,OCTOBER,,1,SiO2,4.4,mg/L,,FALSE,FALSE,4.4
"CA-BC Okanagan Basin Agreement 1974, Tech. Supplement V",C-1,Okanagan Lake,13,OCTOBER,,5,NO3,0.01,mg/L,,TRUE,FALSE,<0.01
"CA-BC Okanagan Basin Agreement 1974, Tech. Supplement V",C-1,Okanagan Lake,13,OCTOBER,,5,TKN,0.1,mg/L,,FALSE,FALSE,0.10
"CA-BC Okanagan Basin Agreement 1974, Tech. Supplement V",C-1,Okanagan Lake,13,OCTOBER,,5,o-PO4,0.005,mg/L as PO4,0.00163,TRUE,FALSE,<0.005
"CA-BC Okanagan Basin Agreement 1974, Tech. Supplement V",C-1,Okanagan Lake,13,OCTOBER,,5,t-PO4,0.03,mg/L as PO4,0.00978,FALSE,FALSE,0.03
"CA-BC Okanagan Basin Agreement 1974, Tech. Supplement V",C-1,Okanagan Lake,13,OCTOBER,,5,SiO2,4.6,mg/L,,FALSE,FALSE,4.6
"CA-BC Okanagan Basin Agreement 1974, Tech. Supplement V",C-1,Okanagan Lake,13,OCTOBER,,10,NO3,0.01,mg/L,,TRUE,FALSE,<0.01
"CA-BC Okanagan Basin Agreement 1974, Tech. Supplement V",C-1,Okanagan Lake,13,OCTOBER,,10,TKN,0.08,mg/L,,FALSE,FALSE,0.08
"CA-BC Okanagan Basin Agreement 1974, Tech. Supplement V",C-1,Okanagan Lake,13,OCTOBER,,10,o-PO4,0.005,mg/L as PO4,0.00163,TRUE,FALSE,<0.005
"CA-BC Okanagan Basin Agreement 1974, Tech. Supplement V",C-1,Okanagan Lake,13,OCTOBER,,10,t-PO4,0.02,mg/L as PO4,0.00652,FALSE,FALSE,0.02
"CA-BC Okanagan Basin Agreement 1974, Tech. Supplement V",C-1,Okanagan Lake,13,OCTOBER,,10,SiO2,4.4,mg/L,,FALSE,FALSE,4.4
"CA-BC Okanagan Basin Agreement 1974, Tech. Supplement V",C-1,Okanagan Lake,13,OCTOBER,,25,NO3,0.01,mg/L,,TRUE,FALSE,<0.01
"CA-BC Okanagan Basin Agreement 1974, Tech. Supplement V",C-1,Okanagan Lake,13,OCTOBER,,25,TKN,0.3,mg/L,,FALSE,FALSE,0.30
"CA-BC Okanagan Basin Agreement 1974, Tech. Supplement V",C-1,Okanagan Lake,13,OCTOBER,,25,o-PO4,0.005,mg/L as PO4,0.00163,TRUE,FALSE,<0.005
"CA-BC Okanagan Basin Agreement 1974, Tech. Supplement V",C-1,Okanagan Lake,13,OCTOBER,,25,t-PO4,0.03,mg/L as PO4,0.00978,FALSE,FALSE,0.03
"CA-BC Okanagan Basin Agreement 1974, Tech. Supplement V",C-1,Okanagan Lake,13,OCTOBER,,25,SiO2,4.5,mg/L,,FALSE,FALSE,4.5
"CA-BC Okanagan Basin Agreement 1974, Tech. Supplement V",C-1,Okanagan Lake,13,OCTOBER,,50,NO3,0.02,mg/L,,FALSE,FALSE,0.02
"CA-BC Okanagan Basin Agreement 1974, Tech. Supplement V",C-1,Okanagan Lake,13,OCTOBER,,50,TKN,0.39,mg/L,,FALSE,FALSE,0.39
"CA-BC Okanagan Basin Agreement 1974, Tech. Supplement V",C-1,Okanagan Lake,13,OCTOBER,,50,o-PO4,0.005,mg/L as PO4,0.00163,TRUE,FALSE,<0.005
"CA-BC Okanagan Basin Agreement 1974, Tech. Supplement V",C-1,Okanagan Lake,13,OCTOBER,,50,t-PO4,0.02,mg/L as PO4,0.00652,FALSE,FALSE,0.02
"CA-BC Okanagan Basin Agreement 1974, Tech. Supplement V",C-1,Okanagan Lake,13,OCTOBER,,50,SiO2,4.8,mg/L,,FALSE,FALSE,4.8
"CA-BC Okanagan Basin Agreement 1974, Tech. Supplement V",C-1,Okanagan Lake,13,OCTOBER,,100,NO3,0.03,mg/L,,FALSE,FALSE,0.03
"CA-BC Okanagan Basin Agreement 1974, Tech. Supplement V",C-1,Okanagan Lake,13,OCTOBER,,100,TKN,0.11,mg/L,,FALSE,FALSE,0.11
"CA-BC Okanagan Basin Agreement 1974, Tech. Supplement V",C-1,Okanagan Lake,13,OCTOBER,,100,o-PO4,0.005,mg/L as PO4,0.00163,TRUE,FALSE,<0.005
"CA-BC Okanagan Basin Agreement 1974, Tech. Supplement V",C-1,Okanagan Lake,13,OCTOBER,,100,t-PO4,0.01,mg/L as PO4,0.00326,FALSE,FALSE,0.01
"CA-BC Okanagan Basin Agreement 1974, Tech. Supplement V",C-1,Okanagan Lake,13,OCTOBER,,100,SiO2,5.0,mg/L,,FALSE,FALSE,5.0
"CA-BC Okanagan Basin Agreement 1974, Tech. Supplement V",C-1,Okanagan Lake,13,OCTOBER,,220,NO3,0.05,mg/L,,FALSE,FALSE,0.05
"CA-BC Okanagan Basin Agreement 1974, Tech. Supplement V",C-1,Okanagan Lake,13,OCTOBER,,220,TKN,0.13,mg/L,,FALSE,FALSE,0.13
"CA-BC Okanagan Basin Agreement 1974, Tech. Supplement V",C-1,Okanagan Lake,13,OCTOBER,,220,o-PO4,0.02,mg/L as PO4,0.00652,FALSE,FALSE,0.02
"CA-BC Okanagan Basin Agreement 1974, Tech. Supplement V",C-1,Okanagan Lake,13,OCTOBER,,220,t-PO4,0.03,mg/L as PO4,0.00978,FALSE,FALSE,0.03
"CA-BC Okanagan Basin Agreement 1974, Tech. Supplement V",C-1,Okanagan Lake,13,OCTOBER,,220,SiO2,6.0,mg/L,,FALSE,FALSE,6.0
"CA-BC Okanagan Basin Agreement 1974, Tech. Supplement V",C-1,Okanagan Lake,17,APRIL,,1,NO3,0.01,mg/L,,TRUE,FALSE,<0.01
"CA-BC Okanagan Basin Agreement 1974, Tech. Supplement V",C-1,Okanagan Lake,17,APRIL,,1,TKN,0.13,mg/L,,FALSE,FALSE,0.13
"CA-BC Okanagan Basin Agreement 1974, Tech. Supplement V",C-1,Okanagan Lake,17,APRIL,,1,o-PO4,0.01,mg/L as PO4,0.00326,FALSE,FALSE,0.01
"CA-BC Okanagan Basin Agreement 1974, Tech. Supplement V",C-1,Okanagan Lake,17,APRIL,,1,t-PO4,0.05,mg/L as PO4,0.01631,FALSE,FALSE,0.05
"CA-BC Okanagan Basin Agreement 1974, Tech. Supplement V",C-1,Okanagan Lake,17,APRIL,,1,SiO2,5.4,mg/L,,FALSE,FALSE,5.4
"CA-BC Okanagan Basin Agreement 1974, Tech. Supplement V",C-1,Okanagan Lake,17,APRIL,,5,NO3,0.01,mg/L,,TRUE,FALSE,<0.01
"CA-BC Okanagan Basin Agreement 1974, Tech. Supplement V",C-1,Okanagan Lake,17,APRIL,,5,TKN,0.18,mg/L,,FALSE,FALSE,0.18
"CA-BC Okanagan Basin Agreement 1974, Tech. Supplement V",C-1,Okanagan Lake,17,APRIL,,5,o-PO4,0.01,mg/L as PO4,0.00326,TRUE,FALSE,<0.01
"CA-BC Okanagan Basin Agreement 1974, Tech. Supplement V",C-1,Okanagan Lake,17,APRIL,,5,t-PO4,0.03,mg/L as PO4,0.00978,FALSE,FALSE,0.03
"CA-BC Okanagan Basin Agreement 1974, Tech. Supplement V",C-1,Okanagan Lake,17,APRIL,,5,SiO2,4.8,mg/L,,FALSE,FALSE,4.8
"CA-BC Okanagan Basin Agreement 1974, Tech. Supplement V",C-1,Okanagan Lake,17,APRIL,,10,NO3,0.01,mg/L,,TRUE,FALSE,<0.01
"CA-BC Okanagan Basin Agreement 1974, Tech. Supplement V",C-1,Okanagan Lake,17,APRIL,,10,TKN,0.2,mg/L,,FALSE,FALSE,0.20
"CA-BC Okanagan Basin Agreement 1974, Tech. Supplement V",C-1,Okanagan Lake,17,APRIL,,10,o-PO4,0.01,mg/L as PO4,0.00326,TRUE,FALSE,<0.01
"CA-BC Okanagan Basin Agreement 1974, Tech. Supplement V",C-1,Okanagan Lake,17,APRIL,,10,t-PO4,0.03,mg/L as PO4,0.00978,FALSE,FALSE,0.03
"CA-BC Okanagan Basin Agreement 1974, Tech. Supplement V",C-1,Okanagan Lake,17,APRIL,,10,SiO2,4.8,mg/L,,FALSE,FALSE,4.8
"CA-BC Okanagan Basin Agreement 1974, Tech. Supplement V",C-1,Okanagan Lake,17,APRIL,,15,NO3,0.01,mg/L,,TRUE,FALSE,<0.01
"CA-BC Okanagan Basin Agreement 1974, Tech. Supplement V",C-1,Okanagan Lake,17,APRIL,,15,TKN,0.24,mg/L,,FALSE,FALSE,0.24
"CA-BC Okanagan Basin Agreement 1974, Tech. Supplement V",C-1,Okanagan Lake,17,APRIL,,15,o-PO4,0.01,mg/L as PO4,0.00326,TRUE,FALSE,<0.01
"CA-BC Okanagan Basin Agreement 1974, Tech. Supplement V",C-1,Okanagan Lake,17,APRIL,,15,t-PO4,0.05,mg/L as PO4,0.01631,FALSE,FALSE,0.05
"CA-BC Okanagan Basin Agreement 1974, Tech. Supplement V",C-1,Okanagan Lake,17,APRIL,,15,SiO2,4.9,mg/L,,FALSE,FALSE,4.9
"CA-BC Okanagan Basin Agreement 1974, Tech. Supplement V",C-1,Okanagan Lake,17,JUNE,,1,NO3,0.01,mg/L,,TRUE,FALSE,<0.01
"CA-BC Okanagan Basin Agreement 1974, Tech. Supplement V",C-1,Okanagan Lake,17,JUNE,,1,TKN,0.2,mg/L,,FALSE,FALSE,0.20
"CA-BC Okanagan Basin Agreement 1974, Tech. Supplement V",C-1,Okanagan Lake,17,JUNE,,1,o-PO4,0.14,mg/L as PO4,0.04566,FALSE,FALSE,0.14
"CA-BC Okanagan Basin Agreement 1974, Tech. Supplement V",C-1,Okanagan Lake,17,JUNE,,1,t-PO4,0.22,mg/L as PO4,0.07175,FALSE,FALSE,0.22
"CA-BC Okanagan Basin Agreement 1974, Tech. Supplement V",C-1,Okanagan Lake,17,JUNE,,1,SiO2,4.7,mg/L,,FALSE,FALSE,4.7
"CA-BC Okanagan Basin Agreement 1974, Tech. Supplement V",C-1,Okanagan Lake,17,JUNE,,5,NO3,0.01,mg/L,,TRUE,FALSE,<0.01
"CA-BC Okanagan Basin Agreement 1974, Tech. Supplement V",C-1,Okanagan Lake,17,JUNE,,5,TKN,0.07,mg/L,,FALSE,FALSE,0.07
"CA-BC Okanagan Basin Agreement 1974, Tech. Supplement V",C-1,Okanagan Lake,17,JUNE,,5,o-PO4,0.01,mg/L as PO4,0.00326,TRUE,FALSE,<0.01
"CA-BC Okanagan Basin Agreement 1974, Tech. Supplement V",C-1,Okanagan Lake,17,JUNE,,5,t-PO4,0.04,mg/L as PO4,0.01305,FALSE,FALSE,0.04
"CA-BC Okanagan Basin Agreement 1974, Tech. Supplement V",C-1,Okanagan Lake,17,JUNE,,5,SiO2,4.7,mg/L,,FALSE,FALSE,4.7
"CA-BC Okanagan Basin Agreement 1974, Tech. Supplement V",C-1,Okanagan Lake,17,JUNE,,10,NO3,0.01,mg/L,,TRUE,FALSE,<0.01
"CA-BC Okanagan Basin Agreement 1974, Tech. Supplement V",C-1,Okanagan Lake,17,JUNE,,10,TKN,0.13,mg/L,,FALSE,FALSE,0.13
"CA-BC Okanagan Basin Agreement 1974, Tech. Supplement V",C-1,Okanagan Lake,17,JUNE,,10,o-PO4,0.01,mg/L as PO4,0.00326,TRUE,FALSE,<0.01
"CA-BC Okanagan Basin Agreement 1974, Tech. Supplement V",C-1,Okanagan Lake,17,JUNE,,10,t-PO4,0.03,mg/L as PO4,0.00978,FALSE,FALSE,0.03
"CA-BC Okanagan Basin Agreement 1974, Tech. Supplement V",C-1,Okanagan Lake,17,JUNE,,10,SiO2,4.5,mg/L,,FALSE,FALSE,4.5
"CA-BC Okanagan Basin Agreement 1974, Tech. Supplement V",C-1,Okanagan Lake,17,JUNE,,15,NO3,0.01,mg/L,,TRUE,FALSE,<0.01
"CA-BC Okanagan Basin Agreement 1974, Tech. Supplement V",C-1,Okanagan Lake,17,JUNE,,15,TKN,0.13,mg/L,,FALSE,FALSE,0.13
"CA-BC Okanagan Basin Agreement 1974, Tech. Supplement V",C-1,Okanagan Lake,17,JUNE,,15,o-PO4,0.01,mg/L as PO4,0.00326,TRUE,FALSE,<0.01
"CA-BC Okanagan Basin Agreement 1974, Tech. Supplement V",C-1,Okanagan Lake,17,JUNE,,15,t-PO4,0.03,mg/L as PO4,0.00978,FALSE,FALSE,0.03
"CA-BC Okanagan Basin Agreement 1974, Tech. Supplement V",C-1,Okanagan Lake,17,JUNE,,15,SiO2,4.4,mg/L,,FALSE,FALSE,4.4
"CA-BC Okanagan Basin Agreement 1974, Tech. Supplement V",C-1,Okanagan Lake,17,AUGUST,,1,NO3,0.01,mg/L,,TRUE,FALSE,<0.01
"CA-BC Okanagan Basin Agreement 1974, Tech. Supplement V",C-1,Okanagan Lake,17,AUGUST,,1,TKN,0.01,mg/L,,TRUE,FALSE,<0.01
"CA-BC Okanagan Basin Agreement 1974, Tech. Supplement V",C-1,Okanagan Lake,17,AUGUST,,1,o-PO4,0.01,mg/L as PO4,0.00326,TRUE,FALSE,<0.01
"CA-BC Okanagan Basin Agreement 1974, Tech. Supplement V",C-1,Okanagan Lake,17,AUGUST,,1,t-PO4,0.02,mg/L as PO4,0.00652,FALSE,FALSE,0.02
"CA-BC Okanagan Basin Agreement 1974, Tech. Supplement V",C-1,Okanagan Lake,17,AUGUST,,1,SiO2,4.0,mg/L,,FALSE,FALSE,4.0
"CA-BC Okanagan Basin Agreement 1974, Tech. Supplement V",C-1,Okanagan Lake,17,AUGUST,,5,NO3,0.01,mg/L,,TRUE,FALSE,<0.01
"CA-BC Okanagan Basin Agreement 1974, Tech. Supplement V",C-1,Okanagan Lake,17,AUGUST,,5,TKN,0.01,mg/L,,TRUE,FALSE,<0.01
"CA-BC Okanagan Basin Agreement 1974, Tech. Supplement V",C-1,Okanagan Lake,17,AUGUST,,5,o-PO4,0.01,mg/L as PO4,0.00326,TRUE,FALSE,<0.01
"CA-BC Okanagan Basin Agreement 1974, Tech. Supplement V",C-1,Okanagan Lake,17,AUGUST,,5,t-PO4,0.03,mg/L as PO4,0.00978,FALSE,FALSE,0.03
"CA-BC Okanagan Basin Agreement 1974, Tech. Supplement V",C-1,Okanagan Lake,17,AUGUST,,5,SiO2,4.0,mg/L,,FALSE,FALSE,4.0
"CA-BC Okanagan Basin Agreement 1974, Tech. Supplement V",C-1,Okanagan Lake,17,AUGUST,,10,NO3,0.01,mg/L,,TRUE,FALSE,<0.01
"CA-BC Okanagan Basin Agreement 1974, Tech. Supplement V",C-1,Okanagan Lake,17,AUGUST,,10,TKN,0.02,mg/L,,FALSE,FALSE,0.02
"CA-BC Okanagan Basin Agreement 1974, Tech. Supplement V",C-1,Okanagan Lake,17,AUGUST,,10,o-PO4,0.01,mg/L as PO4,0.00326,TRUE,FALSE,<0.01
"CA-BC Okanagan Basin Agreement 1974, Tech. Supplement V",C-1,Okanagan Lake,17,AUGUST,,10,t-PO4,0.02,mg/L as PO4,0.00652,FALSE,FALSE,0.02
"CA-BC Okanagan Basin Agreement 1974, Tech. Supplement V",C-1,Okanagan Lake,17,AUGUST,,10,SiO2,4.1,mg/L,,FALSE,FALSE,4.1
"CA-BC Okanagan Basin Agreement 1974, Tech. Supplement V",C-1,Okanagan Lake,17,AUGUST,,14,NO3,0.01,mg/L,,TRUE,FALSE,<0.01
"CA-BC Okanagan Basin Agreement 1974, Tech. Supplement V",C-1,Okanagan Lake,17,AUGUST,,14,TKN,0.13,mg/L,,FALSE,FALSE,0.13
"CA-BC Okanagan Basin Agreement 1974, Tech. Supplement V",C-1,Okanagan Lake,17,AUGUST,,14,o-PO4,0.01,mg/L as PO4,0.00326,TRUE,FALSE,<0.01
"CA-BC Okanagan Basin Agreement 1974, Tech. Supplement V",C-1,Okanagan Lake,17,AUGUST,,14,t-PO4,0.03,mg/L as PO4,0.00978,FALSE,FALSE,0.03
"CA-BC Okanagan Basin Agreement 1974, Tech. Supplement V",C-1,Okanagan Lake,17,AUGUST,,14,SiO2,5.2,mg/L,,FALSE,FALSE,5.2
"CA-BC Okanagan Basin Agreement 1974, Tech. Supplement V",C-1,Okanagan Lake,17,OCTOBER,,1,NO3,0.01,mg/L,,TRUE,FALSE,<0.01
"CA-BC Okanagan Basin Agreement 1974, Tech. Supplement V",C-1,Okanagan Lake,17,OCTOBER,,1,TKN,0.23,mg/L,,FALSE,FALSE,0.23
"CA-BC Okanagan Basin Agreement 1974, Tech. Supplement V",C-1,Okanagan Lake,17,OCTOBER,,1,o-PO4,0.005,mg/L as PO4,0.00163,TRUE,FALSE,<0.005
"CA-BC Okanagan Basin Agreement 1974, Tech. Supplement V",C-1,Okanagan Lake,17,OCTOBER,,1,t-PO4,0.02,mg/L as PO4,0.00652,FALSE,FALSE,0.02
"CA-BC Okanagan Basin Agreement 1974, Tech. Supplement V",C-1,Okanagan Lake,17,OCTOBER,,1,SiO2,5.9,mg/L,,FALSE,FALSE,5.9
"CA-BC Okanagan Basin Agreement 1974, Tech. Supplement V",C-1,Okanagan Lake,17,OCTOBER,,5,NO3,0.01,mg/L,,TRUE,FALSE,<0.01
"CA-BC Okanagan Basin Agreement 1974, Tech. Supplement V",C-1,Okanagan Lake,17,OCTOBER,,5,TKN,0.31,mg/L,,FALSE,FALSE,0.31
"CA-BC Okanagan Basin Agreement 1974, Tech. Supplement V",C-1,Okanagan Lake,17,OCTOBER,,5,o-PO4,0.005,mg/L as PO4,0.00163,TRUE,FALSE,<0.005
"CA-BC Okanagan Basin Agreement 1974, Tech. Supplement V",C-1,Okanagan Lake,17,OCTOBER,,5,t-PO4,0.02,mg/L as PO4,0.00652,FALSE,FALSE,0.02
"CA-BC Okanagan Basin Agreement 1974, Tech. Supplement V",C-1,Okanagan Lake,17,OCTOBER,,5,SiO2,4.5,mg/L,,FALSE,FALSE,4.5
"CA-BC Okanagan Basin Agreement 1974, Tech. Supplement V",C-1,Okanagan Lake,17,OCTOBER,,10,NO3,0.01,mg/L,,FALSE,FALSE,0.01
"CA-BC Okanagan Basin Agreement 1974, Tech. Supplement V",C-1,Okanagan Lake,17,OCTOBER,,10,TKN,0.11,mg/L,,FALSE,FALSE,0.11
"CA-BC Okanagan Basin Agreement 1974, Tech. Supplement V",C-1,Okanagan Lake,17,OCTOBER,,10,o-PO4,0.005,mg/L as PO4,0.00163,TRUE,FALSE,<0.005
"CA-BC Okanagan Basin Agreement 1974, Tech. Supplement V",C-1,Okanagan Lake,17,OCTOBER,,10,t-PO4,0.03,mg/L as PO4,0.00978,FALSE,FALSE,0.03
"CA-BC Okanagan Basin Agreement 1974, Tech. Supplement V",C-1,Okanagan Lake,17,OCTOBER,,10,SiO2,4.7,mg/L,,FALSE,FALSE,4.7
"CA-BC Okanagan Basin Agreement 1974, Tech. Supplement V",C-1,Okanagan Lake,17,OCTOBER,,15,NO3,0.01,mg/L,,TRUE,FALSE,<0.01
"CA-BC Okanagan Basin Agreement 1974, Tech. Supplement V",C-1,Okanagan Lake,17,OCTOBER,,15,TKN,0.11,mg/L,,FALSE,FALSE,0.11
"CA-BC Okanagan Basin Agreement 1974, Tech. Supplement V",C-1,Okanagan Lake,17,OCTOBER,,15,o-PO4,0.005,mg/L as PO4,0.00163,TRUE,FALSE,<0.005
"CA-BC Okanagan Basin Agreement 1974, Tech. Supplement V",C-1,Okanagan Lake,17,OCTOBER,,15,t-PO4,0.04,mg/L as PO4,0.01305,FALSE,FALSE,0.04
"CA-BC Okanagan Basin Agreement 1974, Tech. Supplement V",C-1,Okanagan Lake,17,OCTOBER,,15,SiO2,4.9,mg/L,,FALSE,FALSE,4.9
"CA-BC Okanagan Basin Agreement 1974, Tech. Supplement V",C-1,Okanagan Lake,18,APRIL,,1,NO3,0.01,mg/L,,FALSE,FALSE,0.01
"CA-BC Okanagan Basin Agreement 1974, Tech. Supplement V",C-1,Okanagan Lake,18,APRIL,,1,TKN,0.16,mg/L,,FALSE,FALSE,0.16
"CA-BC Okanagan Basin Agreement 1974, Tech. Supplement V",C-1,Okanagan Lake,18,APRIL,,1,o-PO4,0.02,mg/L as PO4,0.00652,FALSE,FALSE,0.02
"CA-BC Okanagan Basin Agreement 1974, Tech. Supplement V",C-1,Okanagan Lake,18,APRIL,,1,t-PO4,0.05,mg/L as PO4,0.01631,FALSE,FALSE,0.05
"CA-BC Okanagan Basin Agreement 1974, Tech. Supplement V",C-1,Okanagan Lake,18,APRIL,,1,SiO2,4.8,mg/L,,FALSE,FALSE,4.8
"CA-BC Okanagan Basin Agreement 1974, Tech. Supplement V",C-1,Okanagan Lake,18,APRIL,,5,NO3,0.01,mg/L,,TRUE,FALSE,<0.01
"CA-BC Okanagan Basin Agreement 1974, Tech. Supplement V",C-1,Okanagan Lake,18,APRIL,,5,TKN,0.01,mg/L,,FALSE,FALSE,0.01
"CA-BC Okanagan Basin Agreement 1974, Tech. Supplement V",C-1,Okanagan Lake,18,APRIL,,5,o-PO4,0.01,mg/L as PO4,0.00326,FALSE,FALSE,0.01
"CA-BC Okanagan Basin Agreement 1974, Tech. Supplement V",C-1,Okanagan Lake,18,APRIL,,5,t-PO4,0.03,mg/L as PO4,0.00978,FALSE,FALSE,0.03
"CA-BC Okanagan Basin Agreement 1974, Tech. Supplement V",C-1,Okanagan Lake,18,APRIL,,5,SiO2,4.8,mg/L,,FALSE,FALSE,4.8
"CA-BC Okanagan Basin Agreement 1974, Tech. Supplement V",C-1,Okanagan Lake,18,APRIL,,10,NO3,0.01,mg/L,,TRUE,FALSE,<0.01
"CA-BC Okanagan Basin Agreement 1974, Tech. Supplement V",C-1,Okanagan Lake,18,APRIL,,10,TKN,0.15,mg/L,,FALSE,FALSE,0.15
"CA-BC Okanagan Basin Agreement 1974, Tech. Supplement V",C-1,Okanagan Lake,18,APRIL,,10,o-PO4,0.01,mg/L as PO4,0.00326,FALSE,FALSE,0.01
"CA-BC Okanagan Basin Agreement 1974, Tech. Supplement V",C-1,Okanagan Lake,18,APRIL,,10,t-PO4,0.03,mg/L as PO4,0.00978,FALSE,FALSE,0.03
"CA-BC Okanagan Basin Agreement 1974, Tech. Supplement V",C-1,Okanagan Lake,18,APRIL,,10,SiO2,4.8,mg/L,,FALSE,FALSE,4.8
"CA-BC Okanagan Basin Agreement 1974, Tech. Supplement V",C-1,Okanagan Lake,18,APRIL,,20,NO3,0.01,mg/L,,TRUE,FALSE,<0.01
"CA-BC Okanagan Basin Agreement 1974, Tech. Supplement V",C-1,Okanagan Lake,18,APRIL,,20,TKN,0.1,mg/L,,FALSE,FALSE,0.10
"CA-BC Okanagan Basin Agreement 1974, Tech. Supplement V",C-1,Okanagan Lake,18,APRIL,,20,o-PO4,0.01,mg/L as PO4,0.00326,TRUE,FALSE,<0.01
"CA-BC Okanagan Basin Agreement 1974, Tech. Supplement V",C-1,Okanagan Lake,18,APRIL,,20,t-PO4,0.03,mg/L as PO4,0.00978,FALSE,FALSE,0.03
"CA-BC Okanagan Basin Agreement 1974, Tech. Supplement V",C-1,Okanagan Lake,18,APRIL,,20,SiO2,5.0,mg/L,,FALSE,FALSE,5.0
"CA-BC Okanagan Basin Agreement 1974, Tech. Supplement V",C-1,Okanagan Lake,18,JUNE,,1,NO3,0.01,mg/L,,TRUE,FALSE,<0.01
"CA-BC Okanagan Basin Agreement 1974, Tech. Supplement V",C-1,Okanagan Lake,18,JUNE,,1,TKN,0.23,mg/L,,FALSE,FALSE,0.23
"CA-BC Okanagan Basin Agreement 1974, Tech. Supplement V",C-1,Okanagan Lake,18,JUNE,,1,o-PO4,0.01,mg/L as PO4,0.00326,TRUE,FALSE,<0.01
"CA-BC Okanagan Basin Agreement 1974, Tech. Supplement V",C-1,Okanagan Lake,18,JUNE,,1,t-PO4,0.02,mg/L as PO4,0.00652,FALSE,FALSE,0.02
"CA-BC Okanagan Basin Agreement 1974, Tech. Supplement V",C-1,Okanagan Lake,18,JUNE,,1,SiO2,3.2,mg/L,,FALSE,FALSE,3.2
"CA-BC Okanagan Basin Agreement 1974, Tech. Supplement V",C-1,Okanagan Lake,18,JUNE,,5,NO3,0.01,mg/L,,TRUE,FALSE,<0.01
"CA-BC Okanagan Basin Agreement 1974, Tech. Supplement V",C-1,Okanagan Lake,18,JUNE,,5,TKN,0.11,mg/L,,FALSE,FALSE,0.11
"CA-BC Okanagan Basin Agreement 1974, Tech. Supplement V",C-1,Okanagan Lake,18,JUNE,,5,o-PO4,0.01,mg/L as PO4,0.00326,TRUE,FALSE,<0.01
"CA-BC Okanagan Basin Agreement 1974, Tech. Supplement V",C-1,Okanagan Lake,18,JUNE,,5,t-PO4,0.03,mg/L as PO4,0.00978,FALSE,FALSE,0.03
"CA-BC Okanagan Basin Agreement 1974, Tech. Supplement V",C-1,Okanagan Lake,18,JUNE,,5,SiO2,4.3,mg/L,,FALSE,FALSE,4.3
"CA-BC Okanagan Basin Agreement 1974, Tech. Supplement V",C-1,Okanagan Lake,18,JUNE,,10,NO3,0.01,mg/L,,TRUE,FALSE,<0.01
"CA-BC Okanagan Basin Agreement 1974, Tech. Supplement V",C-1,Okanagan Lake,18,JUNE,,10,TKN,0.15,mg/L,,FALSE,FALSE,0.15
"CA-BC Okanagan Basin Agreement 1974, Tech. Supplement V",C-1,Okanagan Lake,18,JUNE,,10,o-PO4,0.01,mg/L as PO4,0.00326,TRUE,FALSE,<0.01
"CA-BC Okanagan Basin Agreement 1974, Tech. Supplement V",C-1,Okanagan Lake,18,JUNE,,10,t-PO4,0.03,mg/L as PO4,0.00978,FALSE,FALSE,0.03
"CA-BC Okanagan Basin Agreement 1974, Tech. Supplement V",C-1,Okanagan Lake,18,JUNE,,10,SiO2,4.2,mg/L,,FALSE,FALSE,4.2
"CA-BC Okanagan Basin Agreement 1974, Tech. Supplement V",C-1,Okanagan Lake,18,JUNE,,20,NO3,0.01,mg/L,,TRUE,FALSE,<0.01
"CA-BC Okanagan Basin Agreement 1974, Tech. Supplement V",C-1,Okanagan Lake,18,JUNE,,20,TKN,0.01,mg/L,,TRUE,FALSE,<0.01
"CA-BC Okanagan Basin Agreement 1974, Tech. Supplement V",C-1,Okanagan Lake,18,JUNE,,20,o-PO4,0.01,mg/L as PO4,0.00326,TRUE,FALSE,<0.01
"CA-BC Okanagan Basin Agreement 1974, Tech. Supplement V",C-1,Okanagan Lake,18,JUNE,,20,t-PO4,0.03,mg/L as PO4,0.00978,FALSE,FALSE,0.03
"CA-BC Okanagan Basin Agreement 1974, Tech. Supplement V",C-1,Okanagan Lake,18,JUNE,,20,SiO2,4.2,mg/L,,FALSE,FALSE,4.2
"CA-BC Okanagan Basin Agreement 1974, Tech. Supplement V",C-1,Okanagan Lake,18,AUGUST,,1,NO3,0.01,mg/L,,TRUE,FALSE,<0.01
"CA-BC Okanagan Basin Agreement 1974, Tech. Supplement V",C-1,Okanagan Lake,18,AUGUST,,1,TKN,0.11,mg/L,,FALSE,FALSE,0.11
"CA-BC Okanagan Basin Agreement 1974, Tech. Supplement V",C-1,Okanagan Lake,18,AUGUST,,1,o-PO4,0.01,mg/L as PO4,0.00326,TRUE,FALSE,<0.01
"CA-BC Okanagan Basin Agreement 1974, Tech. Supplement V",C-1,Okanagan Lake,18,AUGUST,,1,t-PO4,0.02,mg/L as PO4,0.00652,FALSE,FALSE,0.02
"CA-BC Okanagan Basin Agreement 1974, Tech. Supplement V",C-1,Okanagan Lake,18,AUGUST,,1,SiO2,4.5,mg/L,,FALSE,FALSE,4.5
"CA-BC Okanagan Basin Agreement 1974, Tech. Supplement V",C-1,Okanagan Lake,18,AUGUST,,10,NO3,0.01,mg/L,,TRUE,FALSE,<0.01
"CA-BC Okanagan Basin Agreement 1974, Tech. Supplement V",C-1,Okanagan Lake,18,AUGUST,,10,TKN,0.15,mg/L,,FALSE,FALSE,0.15
"CA-BC Okanagan Basin Agreement 1974, Tech. Supplement V",C-1,Okanagan Lake,18,AUGUST,,10,o-PO4,0.01,mg/L as PO4,0.00326,TRUE,FALSE,<0.01
"CA-BC Okanagan Basin Agreement 1974, Tech. Supplement V",C-1,Okanagan Lake,18,AUGUST,,10,t-PO4,0.02,mg/L as PO4,0.00652,FALSE,FALSE,0.02
"CA-BC Okanagan Basin Agreement 1974, Tech. Supplement V",C-1,Okanagan Lake,18,AUGUST,,10,SiO2,4.4,mg/L,,FALSE,FALSE,4.4
"CA-BC Okanagan Basin Agreement 1974, Tech. Supplement V",C-1,Okanagan Lake,18,AUGUST,,15,NO3,0.01,mg/L,,TRUE,FALSE,<0.01
"CA-BC Okanagan Basin Agreement 1974, Tech. Supplement V",C-1,Okanagan Lake,18,AUGUST,,15,TKN,0.08,mg/L,,FALSE,FALSE,0.08
"CA-BC Okanagan Basin Agreement 1974, Tech. Supplement V",C-1,Okanagan Lake,18,AUGUST,,15,o-PO4,0.01,mg/L as PO4,0.00326,TRUE,FALSE,<0.01
"CA-BC Okanagan Basin Agreement 1974, Tech. Supplement V",C-1,Okanagan Lake,18,AUGUST,,15,t-PO4,0.03,mg/L as PO4,0.00978,FALSE,FALSE,0.03
"CA-BC Okanagan Basin Agreement 1974, Tech. Supplement V",C-1,Okanagan Lake,18,AUGUST,,15,SiO2,4.7,mg/L,,FALSE,FALSE,4.7
"CA-BC Okanagan Basin Agreement 1974, Tech. Supplement V",C-1,Okanagan Lake,18,AUGUST,,19,NO3,0.01,mg/L,,TRUE,FALSE,<0.01
"CA-BC Okanagan Basin Agreement 1974, Tech. Supplement V",C-1,Okanagan Lake,18,AUGUST,,19,TKN,0.11,mg/L,,FALSE,FALSE,0.11
"CA-BC Okanagan Basin Agreement 1974, Tech. Supplement V",C-1,Okanagan Lake,18,AUGUST,,19,o-PO4,0.01,mg/L as PO4,0.00326,FALSE,FALSE,0.01
"CA-BC Okanagan Basin Agreement 1974, Tech. Supplement V",C-1,Okanagan Lake,18,AUGUST,,19,t-PO4,0.04,mg/L as PO4,0.01305,FALSE,FALSE,0.04
"CA-BC Okanagan Basin Agreement 1974, Tech. Supplement V",C-1,Okanagan Lake,18,AUGUST,,19,SiO2,5.4,mg/L,,FALSE,FALSE,5.4
"CA-BC Okanagan Basin Agreement 1974, Tech. Supplement V",C-1,Okanagan Lake,18,OCTOBER,,1,NO3,0.01,mg/L,,TRUE,FALSE,<0.01
"CA-BC Okanagan Basin Agreement 1974, Tech. Supplement V",C-1,Okanagan Lake,18,OCTOBER,,1,TKN,0.1,mg/L,,FALSE,FALSE,0.10
"CA-BC Okanagan Basin Agreement 1974, Tech. Supplement V",C-1,Okanagan Lake,18,OCTOBER,,1,o-PO4,0.005,mg/L as PO4,0.00163,TRUE,FALSE,<0.005
"CA-BC Okanagan Basin Agreement 1974, Tech. Supplement V",C-1,Okanagan Lake,18,OCTOBER,,1,t-PO4,0.02,mg/L as PO4,0.00652,FALSE,FALSE,0.02
"CA-BC Okanagan Basin Agreement 1974, Tech. Supplement V",C-1,Okanagan Lake,18,OCTOBER,,1,SiO2,4.5,mg/L,,FALSE,FALSE,4.5
"CA-BC Okanagan Basin Agreement 1974, Tech. Supplement V",C-1,Okanagan Lake,18,OCTOBER,,5,NO3,0.01,mg/L,,TRUE,FALSE,<0.01
"CA-BC Okanagan Basin Agreement 1974, Tech. Supplement V",C-1,Okanagan Lake,18,OCTOBER,,5,TKN,0.11,mg/L,,FALSE,FALSE,0.11
"CA-BC Okanagan Basin Agreement 1974, Tech. Supplement V",C-1,Okanagan Lake,18,OCTOBER,,5,o-PO4,0.005,mg/L as PO4,0.00163,TRUE,FALSE,<0.005
"CA-BC Okanagan Basin Agreement 1974, Tech. Supplement V",C-1,Okanagan Lake,18,OCTOBER,,5,t-PO4,0.02,mg/L as PO4,0.00652,FALSE,FALSE,0.02
"CA-BC Okanagan Basin Agreement 1974, Tech. Supplement V",C-1,Okanagan Lake,18,OCTOBER,,5,SiO2,4.5,mg/L,,FALSE,FALSE,4.5
"CA-BC Okanagan Basin Agreement 1974, Tech. Supplement V",C-1,Okanagan Lake,18,OCTOBER,,10,NO3,0.01,mg/L,,TRUE,FALSE,<0.01
"CA-BC Okanagan Basin Agreement 1974, Tech. Supplement V",C-1,Okanagan Lake,18,OCTOBER,,10,TKN,0.54,mg/L,,FALSE,FALSE,0.54
"CA-BC Okanagan Basin Agreement 1974, Tech. Supplement V",C-1,Okanagan Lake,18,OCTOBER,,10,o-PO4,0.005,mg/L as PO4,0.00163,TRUE,FALSE,<0.005
"CA-BC Okanagan Basin Agreement 1974, Tech. Supplement V",C-1,Okanagan Lake,18,OCTOBER,,10,t-PO4,0.02,mg/L as PO4,0.00652,FALSE,FALSE,0.02
"CA-BC Okanagan Basin Agreement 1974, Tech. Supplement V",C-1,Okanagan Lake,18,OCTOBER,,10,SiO2,4.5,mg/L,,FALSE,FALSE,4.5
"CA-BC Okanagan Basin Agreement 1974, Tech. Supplement V",C-1,Okanagan Lake,18,OCTOBER,,19,NO3,0.01,mg/L,,TRUE,FALSE,<0.01
"CA-BC Okanagan Basin Agreement 1974, Tech. Supplement V",C-1,Okanagan Lake,18,OCTOBER,,19,TKN,0.13,mg/L,,FALSE,FALSE,0.13
"CA-BC Okanagan Basin Agreement 1974, Tech. Supplement V",C-1,Okanagan Lake,18,OCTOBER,,19,o-PO4,0.005,mg/L as PO4,0.00163,TRUE,FALSE,<0.005
"CA-BC Okanagan Basin Agreement 1974, Tech. Supplement V",C-1,Okanagan Lake,18,OCTOBER,,19,t-PO4,0.02,mg/L as PO4,0.00652,FALSE,FALSE,0.02
"CA-BC Okanagan Basin Agreement 1974, Tech. Supplement V",C-1,Okanagan Lake,18,OCTOBER,,19,SiO2,4.5,mg/L,,FALSE,FALSE,4.5
"CA-BC Okanagan Basin Agreement 1974, Tech. Supplement V",C-1,Okanagan Lake,1,APRIL,,1,NO3,0.01,mg/L,,TRUE,FALSE,<0.01
"CA-BC Okanagan Basin Agreement 1974, Tech. Supplement V",C-1,Okanagan Lake,1,APRIL,,1,TKN,0.05,mg/L,,FALSE,FALSE,0.05
"CA-BC Okanagan Basin Agreement 1974, Tech. Supplement V",C-1,Okanagan Lake,1,APRIL,,1,o-PO4,0.01,mg/L as PO4,0.00326,FALSE,FALSE,0.01
"CA-BC Okanagan Basin Agreement 1974, Tech. Supplement V",C-1,Okanagan Lake,1,APRIL,,1,t-PO4,0.03,mg/L as PO4,0.00978,FALSE,FALSE,0.03
"CA-BC Okanagan Basin Agreement 1974, Tech. Supplement V",C-1,Okanagan Lake,1,APRIL,,1,SiO2,4.5,mg/L,,FALSE,FALSE,4.5
"CA-BC Okanagan Basin Agreement 1974, Tech. Supplement V",C-1,Okanagan Lake,1,APRIL,,5,NO3,0.01,mg/L,,TRUE,FALSE,<0.01
"CA-BC Okanagan Basin Agreement 1974, Tech. Supplement V",C-1,Okanagan Lake,1,APRIL,,5,TKN,0.1,mg/L,,FALSE,FALSE,0.10
"CA-BC Okanagan Basin Agreement 1974, Tech. Supplement V",C-1,Okanagan Lake,1,APRIL,,5,o-PO4,0.02,mg/L as PO4,0.00652,FALSE,FALSE,0.02
"CA-BC Okanagan Basin Agreement 1974, Tech. Supplement V",C-1,Okanagan Lake,1,APRIL,,5,t-PO4,0.04,mg/L as PO4,0.01305,FALSE,FALSE,0.04
"CA-BC Okanagan Basin Agreement 1974, Tech. Supplement V",C-1,Okanagan Lake,1,APRIL,,5,SiO2,4.6,mg/L,,FALSE,FALSE,4.6
"CA-BC Okanagan Basin Agreement 1974, Tech. Supplement V",C-1,Okanagan Lake,1,APRIL,,10,NO3,0.01,mg/L,,TRUE,FALSE,<0.01
"CA-BC Okanagan Basin Agreement 1974, Tech. Supplement V",C-1,Okanagan Lake,1,APRIL,,10,TKN,0.23,mg/L,,FALSE,FALSE,0.23
"CA-BC Okanagan Basin Agreement 1974, Tech. Supplement V",C-1,Okanagan Lake,1,APRIL,,10,o-PO4,0.02,mg/L as PO4,0.00652,FALSE,FALSE,0.02
"CA-BC Okanagan Basin Agreement 1974, Tech. Supplement V",C-1,Okanagan Lake,1,APRIL,,10,t-PO4,,mg/L as PO4,,FALSE,FALSE,0-05
"CA-BC Okanagan Basin Agreement 1974, Tech. Supplement V",C-1,Okanagan Lake,1,APRIL,,10,SiO2,5.2,mg/L,,FALSE,FALSE,5.2
"CA-BC Okanagan Basin Agreement 1974, Tech. Supplement V",C-1,Okanagan Lake,1,APRIL,,25,NO3,0.01,mg/L,,TRUE,FALSE,<0.01
"CA-BC Okanagan Basin Agreement 1974, Tech. Supplement V",C-1,Okanagan Lake,1,APRIL,,25,TKN,0.23,mg/L,,FALSE,FALSE,0.23
"CA-BC Okanagan Basin Agreement 1974, Tech. Supplement V",C-1,Okanagan Lake,1,APRIL,,25,o-PO4,0.01,mg/L as PO4,0.00326,FALSE,FALSE,0.01
"CA-BC Okanagan Basin Agreement 1974, Tech. Supplement V",C-1,Okanagan Lake,1,APRIL,,25,t-PO4,0.04,mg/L as PO4,0.01305,FALSE,FALSE,0.04
"CA-BC Okanagan Basin Agreement 1974, Tech. Supplement V",C-1,Okanagan Lake,1,APRIL,,25,SiO2,5.2,mg/L,,FALSE,FALSE,5.2
"CA-BC Okanagan Basin Agreement 1974, Tech. Supplement V",C-1,Okanagan Lake,1,APRIL,,50,NO3,0.01,mg/L,,TRUE,FALSE,<0.01
"CA-BC Okanagan Basin Agreement 1974, Tech. Supplement V",C-1,Okanagan Lake,1,APRIL,,50,TKN,0.25,mg/L,,FALSE,FALSE,0.25
"CA-BC Okanagan Basin Agreement 1974, Tech. Supplement V",C-1,Okanagan Lake,1,APRIL,,50,o-PO4,0.51,mg/L as PO4,0.16634,FALSE,FALSE,0.51
"CA-BC Okanagan Basin Agreement 1974, Tech. Supplement V",C-1,Okanagan Lake,1,APRIL,,50,t-PO4,0.58,mg/L as PO4,0.18917,FALSE,FALSE,0.58
"CA-BC Okanagan Basin Agreement 1974, Tech. Supplement V",C-1,Okanagan Lake,1,APRIL,,50,SiO2,4.9,mg/L,,FALSE,FALSE,4.9
"CA-BC Okanagan Basin Agreement 1974, Tech. Supplement V",C-1,Okanagan Lake,1,APRIL,,84,NO3,0.01,mg/L,,TRUE,FALSE,<0.01
"CA-BC Okanagan Basin Agreement 1974, Tech. Supplement V",C-1,Okanagan Lake,1,APRIL,,84,TKN,0.42,mg/L,,FALSE,FALSE,0.42
"CA-BC Okanagan Basin Agreement 1974, Tech. Supplement V",C-1,Okanagan Lake,1,APRIL,,84,o-PO4,0.01,mg/L as PO4,0.00326,FALSE,FALSE,0.01
"CA-BC Okanagan Basin Agreement 1974, Tech. Supplement V",C-1,Okanagan Lake,1,APRIL,,84,t-PO4,0.05,mg/L as PO4,0.01631,FALSE,FALSE,0.05
"CA-BC Okanagan Basin Agreement 1974, Tech. Supplement V",C-1,Okanagan Lake,1,APRIL,,84,SiO2,4.9,mg/L,,FALSE,FALSE,4.9
"CA-BC Okanagan Basin Agreement 1974, Tech. Supplement V",C-1,Okanagan Lake,1,JUNE,,1,NO3,0.01,mg/L,,FALSE,FALSE,0.01
"CA-BC Okanagan Basin Agreement 1974, Tech. Supplement V",C-1,Okanagan Lake,1,JUNE,,1,TKN,0.33,mg/L,,FALSE,FALSE,0.33
"CA-BC Okanagan Basin Agreement 1974, Tech. Supplement V",C-1,Okanagan Lake,1,JUNE,,1,o-PO4,0.01,mg/L as PO4,0.00326,TRUE,FALSE,<0.01
"CA-BC Okanagan Basin Agreement 1974, Tech. Supplement V",C-1,Okanagan Lake,1,JUNE,,1,t-PO4,,mg/L as PO4,,FALSE,TRUE,ND
"CA-BC Okanagan Basin Agreement 1974, Tech. Supplement V",C-1,Okanagan Lake,1,JUNE,,1,SiO2,4.4,mg/L,,FALSE,FALSE,4.4
"CA-BC Okanagan Basin Agreement 1974, Tech. Supplement V",C-1,Okanagan Lake,1,JUNE,,5,NO3,0.01,mg/L,,TRUE,FALSE,<0.01
"CA-BC Okanagan Basin Agreement 1974, Tech. Supplement V",C-1,Okanagan Lake,1,JUNE,,5,TKN,0.34,mg/L,,FALSE,FALSE,0.34
"CA-BC Okanagan Basin Agreement 1974, Tech. Supplement V",C-1,Okanagan Lake,1,JUNE,,5,o-PO4,0.01,mg/L as PO4,0.00326,FALSE,FALSE,0.01
"CA-BC Okanagan Basin Agreement 1974, Tech. Supplement V",C-1,Okanagan Lake,1,JUNE,,5,t-PO4,0.02,mg/L as PO4,0.00652,FALSE,FALSE,0.02
"CA-BC Okanagan Basin Agreement 1974, Tech. Supplement V",C-1,Okanagan Lake,1,JUNE,,5,SiO2,4.4,mg/L,,FALSE,FALSE,4.4
"CA-BC Okanagan Basin Agreement 1974, Tech. Supplement V",C-1,Okanagan Lake,1,JUNE,,10,NO3,0.01,mg/L,,TRUE,FALSE,<0.01
"CA-BC Okanagan Basin Agreement 1974, Tech. Supplement V",C-1,Okanagan Lake,1,JUNE,,10,TKN,0.25,mg/L,,FALSE,FALSE,0.25
"CA-BC Okanagan Basin Agreement 1974, Tech. Supplement V",C-1,Okanagan Lake,1,JUNE,,10,o-PO4,0.01,mg/L as PO4,0.00326,FALSE,FALSE,0.01
"CA-BC Okanagan Basin Agreement 1974, Tech. Supplement V",C-1,Okanagan Lake,1,JUNE,,10,t-PO4,0.03,mg/L as PO4,0.00978,FALSE,FALSE,0.03
"CA-BC Okanagan Basin Agreement 1974, Tech. Supplement V",C-1,Okanagan Lake,1,JUNE,,10,SiO2,4.6,mg/L,,FALSE,FALSE,4.6
"CA-BC Okanagan Basin Agreement 1974, Tech. Supplement V",C-1,Okanagan Lake,1,JUNE,,25,NO3,0.01,mg/L,,TRUE,FALSE,<0.01
"CA-BC Okanagan Basin Agreement 1974, Tech. Supplement V",C-1,Okanagan Lake,1,JUNE,,25,TKN,0.15,mg/L,,FALSE,FALSE,0.15
"CA-BC Okanagan Basin Agreement 1974, Tech. Supplement V",C-1,Okanagan Lake,1,JUNE,,25,o-PO4,0.01,mg/L as PO4,0.00326,TRUE,FALSE,<0.01
"CA-BC Okanagan Basin Agreement 1974, Tech. Supplement V",C-1,Okanagan Lake,1,JUNE,,25,t-PO4,0.02,mg/L as PO4,0.00652,FALSE,FALSE,0.02
"CA-BC Okanagan Basin Agreement 1974, Tech. Supplement V",C-1,Okanagan Lake,1,JUNE,,25,SiO2,4.2,mg/L,,FALSE,FALSE,4.2
"CA-BC Okanagan Basin Agreement 1974, Tech. Supplement V",C-1,Okanagan Lake,1,JUNE,,50,NO3,0.01,mg/L,,FALSE,FALSE,0.01
"CA-BC Okanagan Basin Agreement 1974, Tech. Supplement V",C-1,Okanagan Lake,1,JUNE,,50,TKN,0.21,mg/L,,FALSE,FALSE,0.21
"CA-BC Okanagan Basin Agreement 1974, Tech. Supplement V",C-1,Okanagan Lake,1,JUNE,,50,o-PO4,0.01,mg/L as PO4,0.00326,FALSE,FALSE,0.01
"CA-BC Okanagan Basin Agreement 1974, Tech. Supplement V",C-1,Okanagan Lake,1,JUNE,,50,t-PO4,0.02,mg/L as PO4,0.00652,FALSE,FALSE,0.02
"CA-BC Okanagan Basin Agreement 1974, Tech. Supplement V",C-1,Okanagan Lake,1,JUNE,,50,SiO2,4.3,mg/L,,FALSE,FALSE,4.3
"CA-BC Okanagan Basin Agreement 1974, Tech. Supplement V",C-1,Okanagan Lake,1,JUNE,,80,NO3,0.01,mg/L,,TRUE,FALSE,<0.01
"CA-BC Okanagan Basin Agreement 1974, Tech. Supplement V",C-1,Okanagan Lake,1,JUNE,,80,TKN,0.23,mg/L,,FALSE,FALSE,0.23
"CA-BC Okanagan Basin Agreement 1974, Tech. Supplement V",C-1,Okanagan Lake,1,JUNE,,80,o-PO4,0.08,mg/L as PO4,0.02609,FALSE,FALSE,0.08
"CA-BC Okanagan Basin Agreement 1974, Tech. Supplement V",C-1,Okanagan Lake,1,JUNE,,80,t-PO4,0.11,mg/L as PO4,0.03588,FALSE,FALSE,0.11
"CA-BC Okanagan Basin Agreement 1974, Tech. Supplement V",C-1,Okanagan Lake,1,JUNE,,80,SiO2,4.3,mg/L,,FALSE,FALSE,4.3
"CA-BC Okanagan Basin Agreement 1974, Tech. Supplement V",C-1,Okanagan Lake,1,AUGUST,,1,NO3,0.01,mg/L,,TRUE,FALSE,<0.01
"CA-BC Okanagan Basin Agreement 1974, Tech. Supplement V",C-1,Okanagan Lake,1,AUGUST,,1,TKN,0.49,mg/L,,FALSE,FALSE,0.49
"CA-BC Okanagan Basin Agreement 1974, Tech. Supplement V",C-1,Okanagan Lake,1,AUGUST,,1,o-PO4,0.01,mg/L as PO4,0.00326,TRUE,FALSE,<0.01
"CA-BC Okanagan Basin Agreement 1974, Tech. Supplement V",C-1,Okanagan Lake,1,AUGUST,,1,t-PO4,0.01,mg/L as PO4,0.00326,FALSE,FALSE,0.01
"CA-BC Okanagan Basin Agreement 1974, Tech. Supplement V",C-1,Okanagan Lake,1,AUGUST,,1,SiO2,4.2,mg/L,,FALSE,FALSE,4.2
"CA-BC Okanagan Basin Agreement 1974, Tech. Supplement V",C-1,Okanagan Lake,1,AUGUST,,5,NO3,0.02,mg/L,,FALSE,FALSE,0.02
"CA-BC Okanagan Basin Agreement 1974, Tech. Supplement V",C-1,Okanagan Lake,1,AUGUST,,5,TKN,0.49,mg/L,,FALSE,FALSE,0.49
"CA-BC Okanagan Basin Agreement 1974, Tech. Supplement V",C-1,Okanagan Lake,1,AUGUST,,5,o-PO4,0.01,mg/L as PO4,0.00326,TRUE,FALSE,<0.01
"CA-BC Okanagan Basin Agreement 1974, Tech. Supplement V",C-1,Okanagan Lake,1,AUGUST,,5,t-PO4,0.01,mg/L as PO4,0.00326,FALSE,FALSE,0.01
"CA-BC Okanagan Basin Agreement 1974, Tech. Supplement V",C-1,Okanagan Lake,1,AUGUST,,5,SiO2,4.2,mg/L,,FALSE,FALSE,4.2
"CA-BC Okanagan Basin Agreement 1974, Tech. Supplement V",C-1,Okanagan Lake,1,AUGUST,,10,NO3,0.01,mg/L,,TRUE,FALSE,<0.01
"CA-BC Okanagan Basin Agreement 1974, Tech. Supplement V",C-1,Okanagan Lake,1,AUGUST,,10,TKN,0.41,mg/L,,FALSE,FALSE,0.41
"CA-BC Okanagan Basin Agreement 1974, Tech. Supplement V",C-1,Okanagan Lake,1,AUGUST,,10,o-PO4,0.01,mg/L as PO4,0.00326,TRUE,FALSE,<0.01
"CA-BC Okanagan Basin Agreement 1974, Tech. Supplement V",C-1,Okanagan Lake,1,AUGUST,,10,t-PO4,0.01,mg/L as PO4,0.00326,FALSE,FALSE,0.01
"CA-BC Okanagan Basin Agreement 1974, Tech. Supplement V",C-1,Okanagan Lake,1,AUGUST,,10,SiO2,4.2,mg/L,,FALSE,FALSE,4.2
"CA-BC Okanagan Basin Agreement 1974, Tech. Supplement V",C-1,Okanagan Lake,1,AUGUST,,25,NO3,0.01,mg/L,,TRUE,FALSE,<0.01
"CA-BC Okanagan Basin Agreement 1974, Tech. Supplement V",C-1,Okanagan Lake,1,AUGUST,,25,TKN,0.49,mg/L,,FALSE,FALSE,0.49
"CA-BC Okanagan Basin Agreement 1974, Tech. Supplement V",C-1,Okanagan Lake,1,AUGUST,,25,o-PO4,0.01,mg/L as PO4,0.00326,TRUE,FALSE,<0.01
"CA-BC Okanagan Basin Agreement 1974, Tech. Supplement V",C-1,Okanagan Lake,1,AUGUST,,25,t-PO4,0.01,mg/L as PO4,0.00326,FALSE,FALSE,0.01
"CA-BC Okanagan Basin Agreement 1974, Tech. Supplement V",C-1,Okanagan Lake,1,AUGUST,,25,SiO2,4.4,mg/L,,FALSE,FALSE,4.4
"CA-BC Okanagan Basin Agreement 1974, Tech. Supplement V",C-1,Okanagan Lake,1,AUGUST,,50,NO3,0.02,mg/L,,FALSE,FALSE,0.02
"CA-BC Okanagan Basin Agreement 1974, Tech. Supplement V",C-1,Okanagan Lake,1,AUGUST,,50,TKN,0.46,mg/L,,FALSE,FALSE,0.46
"CA-BC Okanagan Basin Agreement 1974, Tech. Supplement V",C-1,Okanagan Lake,1,AUGUST,,50,o-PO4,0.01,mg/L as PO4,0.00326,TRUE,FALSE,<0.01
"CA-BC Okanagan Basin Agreement 1974, Tech. Supplement V",C-1,Okanagan Lake,1,AUGUST,,50,t-PO4,0.01,mg/L as PO4,0.00326,FALSE,FALSE,0.01
"CA-BC Okanagan Basin Agreement 1974, Tech. Supplement V",C-1,Okanagan Lake,1,AUGUST,,50,SiO2,,mg/L,,FALSE,TRUE,ND
"CA-BC Okanagan Basin Agreement 1974, Tech. Supplement V",C-1,Okanagan Lake,1,AUGUST,,83,NO3,0.04,mg/L,,FALSE,FALSE,0.04
"CA-BC Okanagan Basin Agreement 1974, Tech. Supplement V",C-1,Okanagan Lake,1,AUGUST,,83,TKN,0.2,mg/L,,FALSE,FALSE,0.20
"CA-BC Okanagan Basin Agreement 1974, Tech. Supplement V",C-1,Okanagan Lake,1,AUGUST,,83,o-PO4,0.01,mg/L as PO4,0.00326,TRUE,FALSE,<0.01
"CA-BC Okanagan Basin Agreement 1974, Tech. Supplement V",C-1,Okanagan Lake,1,AUGUST,,83,t-PO4,0.01,mg/L as PO4,0.00326,FALSE,FALSE,0.01
"CA-BC Okanagan Basin Agreement 1974, Tech. Supplement V",C-1,Okanagan Lake,1,AUGUST,,83,SiO2,4.8,mg/L,,FALSE,FALSE,4.8
"CA-BC Okanagan Basin Agreement 1974, Tech. Supplement V",C-1,Okanagan Lake,1,OCTOBER,,1,NO3,0.01,mg/L,,FALSE,FALSE,0.01
"CA-BC Okanagan Basin Agreement 1974, Tech. Supplement V",C-1,Okanagan Lake,1,OCTOBER,,1,TKN,0.07,mg/L,,FALSE,FALSE,0.07
"CA-BC Okanagan Basin Agreement 1974, Tech. Supplement V",C-1,Okanagan Lake,1,OCTOBER,,1,o-PO4,0.005,mg/L as PO4,0.00163,TRUE,FALSE,<0.005
"CA-BC Okanagan Basin Agreement 1974, Tech. Supplement V",C-1,Okanagan Lake,1,OCTOBER,,1,t-PO4,0.02,mg/L as PO4,0.00652,FALSE,FALSE,0.02
"CA-BC Okanagan Basin Agreement 1974, Tech. Supplement V",C-1,Okanagan Lake,1,OCTOBER,,1,SiO2,4.5,mg/L,,FALSE,FALSE,4.5
"CA-BC Okanagan Basin Agreement 1974, Tech. Supplement V",C-1,Okanagan Lake,1,OCTOBER,,5,NO3,0.01,mg/L,,FALSE,FALSE,0.01
"CA-BC Okanagan Basin Agreement 1974, Tech. Supplement V",C-1,Okanagan Lake,1,OCTOBER,,5,TKN,0.01,mg/L,,TRUE,FALSE,<0.01
"CA-BC Okanagan Basin Agreement 1974, Tech. Supplement V",C-1,Okanagan Lake,1,OCTOBER,,5,o-PO4,0.005,mg/L as PO4,0.00163,TRUE,FALSE,<0.005
"CA-BC Okanagan Basin Agreement 1974, Tech. Supplement V",C-1,Okanagan Lake,1,OCTOBER,,5,t-PO4,0.01,mg/L as PO4,0.00326,FALSE,FALSE,0.01
"CA-BC Okanagan Basin Agreement 1974, Tech. Supplement V",C-1,Okanagan Lake,1,OCTOBER,,5,SiO2,4.6,mg/L,,FALSE,FALSE,4.6
"CA-BC Okanagan Basin Agreement 1974, Tech. Supplement V",C-1,Okanagan Lake,1,OCTOBER,,10,NO3,0.01,mg/L,,FALSE,FALSE,0.01
"CA-BC Okanagan Basin Agreement 1974, Tech. Supplement V",C-1,Okanagan Lake,1,OCTOBER,,10,TKN,0.07,mg/L,,FALSE,FALSE,0.07
"CA-BC Okanagan Basin Agreement 1974, Tech. Supplement V",C-1,Okanagan Lake,1,OCTOBER,,10,o-PO4,0.005,mg/L as PO4,0.00163,TRUE,FALSE,<0.005
"CA-BC Okanagan Basin Agreement 1974, Tech. Supplement V",C-1,Okanagan Lake,1,OCTOBER,,10,t-PO4,0.01,mg/L as PO4,0.00326,FALSE,FALSE,0.01
"CA-BC Okanagan Basin Agreement 1974, Tech. Supplement V",C-1,Okanagan Lake,1,OCTOBER,,10,SiO2,4.6,mg/L,,FALSE,FALSE,4.6
"CA-BC Okanagan Basin Agreement 1974, Tech. Supplement V",C-1,Okanagan Lake,1,OCTOBER,,25,NO3,0.01,mg/L,,FALSE,FALSE,0.01
"CA-BC Okanagan Basin Agreement 1974, Tech. Supplement V",C-1,Okanagan Lake,1,OCTOBER,,25,TKN,0.28,mg/L,,FALSE,FALSE,0.28
"CA-BC Okanagan Basin Agreement 1974, Tech. Supplement V",C-1,Okanagan Lake,1,OCTOBER,,25,o-PO4,0.005,mg/L as PO4,0.00163,TRUE,FALSE,<0.005
"CA-BC Okanagan Basin Agreement 1974, Tech. Supplement V",C-1,Okanagan Lake,1,OCTOBER,,25,t-PO4,0.02,mg/L as PO4,0.00652,FALSE,FALSE,0.02
"CA-BC Okanagan Basin Agreement 1974, Tech. Supplement V",C-1,Okanagan Lake,1,OCTOBER,,25,SiO2,4.7,mg/L,,FALSE,FALSE,4.7
"CA-BC Okanagan Basin Agreement 1974, Tech. Supplement V",C-1,Okanagan Lake,1,OCTOBER,,50,NO3,0.01,mg/L,,FALSE,FALSE,0.01
"CA-BC Okanagan Basin Agreement 1974, Tech. Supplement V",C-1,Okanagan Lake,1,OCTOBER,,50,TKN,0.28,mg/L,,FALSE,FALSE,0.28
"CA-BC Okanagan Basin Agreement 1974, Tech. Supplement V",C-1,Okanagan Lake,1,OCTOBER,,50,o-PO4,0.005,mg/L as PO4,0.00163,TRUE,FALSE,<0.005
"CA-BC Okanagan Basin Agreement 1974, Tech. Supplement V",C-1,Okanagan Lake,1,OCTOBER,,50,t-PO4,0.01,mg/L as PO4,0.00326,FALSE,FALSE,0.01
"CA-BC Okanagan Basin Agreement 1974, Tech. Supplement V",C-1,Okanagan Lake,1,OCTOBER,,50,SiO2,4.7,mg/L,,FALSE,FALSE,4.7
"CA-BC Okanagan Basin Agreement 1974, Tech. Supplement V",C-1,Okanagan Lake,1,OCTOBER,,80,NO3,0.02,mg/L,,FALSE,FALSE,0.02
"CA-BC Okanagan Basin Agreement 1974, Tech. Supplement V",C-1,Okanagan Lake,1,OCTOBER,,80,TKN,0.01,mg/L,,TRUE,FALSE,<0.01
"CA-BC Okanagan Basin Agreement 1974, Tech. Supplement V",C-1,Okanagan Lake,1,OCTOBER,,80,o-PO4,0.005,mg/L as PO4,0.00163,TRUE,FALSE,<0.005
"CA-BC Okanagan Basin Agreement 1974, Tech. Supplement V",C-1,Okanagan Lake,1,OCTOBER,,80,t-PO4,0.02,mg/L as PO4,0.00652,FALSE,FALSE,0.02
"CA-BC Okanagan Basin Agreement 1974, Tech. Supplement V",C-1,Okanagan Lake,1,OCTOBER,,80,SiO2,5.2,mg/L,,FALSE,FALSE,5.2
"CA-BC Okanagan Basin Agreement 1974, Tech. Supplement V",C-1,Okanagan Lake,4,APRIL,,1,NO3,0.01,mg/L,,FALSE,FALSE,0.01
"CA-BC Okanagan Basin Agreement 1974, Tech. Supplement V",C-1,Okanagan Lake,4,APRIL,,1,TKN,0.21,mg/L,,FALSE,FALSE,0.21
"CA-BC Okanagan Basin Agreement 1974, Tech. Supplement V",C-1,Okanagan Lake,4,APRIL,,1,o-PO4,0.01,mg/L as PO4,0.00326,FALSE,FALSE,0.01
"CA-BC Okanagan Basin Agreement 1974, Tech. Supplement V",C-1,Okanagan Lake,4,APRIL,,1,t-PO4,0.21,mg/L as PO4,0.06849,FALSE,FALSE,0.21
"CA-BC Okanagan Basin Agreement 1974, Tech. Supplement V",C-1,Okanagan Lake,4,APRIL,,1,SiO2,4.9,mg/L,,FALSE,FALSE,4.9
"CA-BC Okanagan Basin Agreement 1974, Tech. Supplement V",C-1,Okanagan Lake,4,APRIL,,5,NO3,0.01,mg/L,,TRUE,FALSE,<0.01
"CA-BC Okanagan Basin Agreement 1974, Tech. Supplement V",C-1,Okanagan Lake,4,APRIL,,5,TKN,0.13,mg/L,,FALSE,FALSE,0.13
"CA-BC Okanagan Basin Agreement 1974, Tech. Supplement V",C-1,Okanagan Lake,4,APRIL,,5,o-PO4,0.01,mg/L as PO4,0.00326,TRUE,FALSE,<0.01
"CA-BC Okanagan Basin Agreement 1974, Tech. Supplement V",C-1,Okanagan Lake,4,APRIL,,5,t-PO4,0.03,mg/L as PO4,0.00978,FALSE,FALSE,0.03
"CA-BC Okanagan Basin Agreement 1974, Tech. Supplement V",C-1,Okanagan Lake,4,APRIL,,5,SiO2,4.3,mg/L,,FALSE,FALSE,4.3
"CA-BC Okanagan Basin Agreement 1974, Tech. Supplement V",C-1,Okanagan Lake,4,APRIL,,10,NO3,0.01,mg/L,,TRUE,FALSE,<0.01
"CA-BC Okanagan Basin Agreement 1974, Tech. Supplement V",C-1,Okanagan Lake,4,APRIL,,10,TKN,0.2,mg/L,,FALSE,FALSE,0.20
"CA-BC Okanagan Basin Agreement 1974, Tech. Supplement V",C-1,Okanagan Lake,4,APRIL,,10,o-PO4,0.01,mg/L as PO4,0.00326,TRUE,FALSE,<0.01
"CA-BC Okanagan Basin Agreement 1974, Tech. Supplement V",C-1,Okanagan Lake,4,APRIL,,10,t-PO4,0.03,mg/L as PO4,0.00978,FALSE,FALSE,0.03
"CA-BC Okanagan Basin Agreement 1974, Tech. Supplement V",C-1,Okanagan Lake,4,APRIL,,10,SiO2,4.3,mg/L,,FALSE,FALSE,4.3
"CA-BC Okanagan Basin Agreement 1974, Tech. Supplement V",C-1,Okanagan Lake,4,APRIL,,25,NO3,0.01,mg/L,,TRUE,FALSE,<0.01
"CA-BC Okanagan Basin Agreement 1974, Tech. Supplement V",C-1,Okanagan Lake,4,APRIL,,25,TKN,0.16,mg/L,,FALSE,FALSE,0.16
"CA-BC Okanagan Basin Agreement 1974, Tech. Supplement V",C-1,Okanagan Lake,4,APRIL,,25,o-PO4,0.01,mg/L as PO4,0.00326,TRUE,FALSE,<0.01
"CA-BC Okanagan Basin Agreement 1974, Tech. Supplement V",C-1,Okanagan Lake,4,APRIL,,25,t-PO4,0.03,mg/L as PO4,0.00978,FALSE,FALSE,0.03
"CA-BC Okanagan Basin Agreement 1974, Tech. Supplement V",C-1,Okanagan Lake,4,APRIL,,25,SiO2,4.3,mg/L,,FALSE,FALSE,4.3
"CA-BC Okanagan Basin Agreement 1974, Tech. Supplement V",C-1,Okanagan Lake,4,APRIL,,50,NO3,0.01,mg/L,,TRUE,FALSE,<0.01
"CA-BC Okanagan Basin Agreement 1974, Tech. Supplement V",C-1,Okanagan Lake,4,APRIL,,50,TKN,0.69,mg/L,,FALSE,FALSE,0.69
"CA-BC Okanagan Basin Agreement 1974, Tech. Supplement V",C-1,Okanagan Lake,4,APRIL,,50,o-PO4,0.01,mg/L as PO4,0.00326,TRUE,FALSE,<0.01
"CA-BC Okanagan Basin Agreement 1974, Tech. Supplement V",C-1,Okanagan Lake,4,APRIL,,50,t-PO4,0.03,mg/L as PO4,0.00978,FALSE,FALSE,0.03
"CA-BC Okanagan Basin Agreement 1974, Tech. Supplement V",C-1,Okanagan Lake,4,APRIL,,50,SiO2,4.1,mg/L,,FALSE,FALSE,4.1
"CA-BC Okanagan Basin Agreement 1974, Tech. Supplement V",C-1,Okanagan Lake,4,APRIL,,100,NO3,0.01,mg/L,,FALSE,FALSE,0.01
"CA-BC Okanagan Basin Agreement 1974, Tech. Supplement V",C-1,Okanagan Lake,4,APRIL,,100,TKN,0.16,mg/L,,FALSE,FALSE,0.16
"CA-BC Okanagan Basin Agreement 1974, Tech. Supplement V",C-1,Okanagan Lake,4,APRIL,,100,o-PO4,0.01,mg/L as PO4,0.00326,FALSE,FALSE,0.01
"CA-BC Okanagan Basin Agreement 1974, Tech. Supplement V",C-1,Okanagan Lake,4,APRIL,,100,t-PO4,0.03,mg/L as PO4,0.00978,FALSE,FALSE,0.03
"CA-BC Okanagan Basin Agreement 1974, Tech. Supplement V",C-1,Okanagan Lake,4,APRIL,,100,SiO2,4.4,mg/L,,FALSE,FALSE,4.4
"CA-BC Okanagan Basin Agreement 1974, Tech. Supplement V",C-1,Okanagan Lake,4,APRIL,,123,NO3,0.01,mg/L,,FALSE,FALSE,0.01
"CA-BC Okanagan Basin Agreement 1974, Tech. Supplement V",C-1,Okanagan Lake,4,APRIL,,123,TKN,0.28,mg/L,,FALSE,FALSE,0.28
"CA-BC Okanagan Basin Agreement 1974, Tech. Supplement V",C-1,Okanagan Lake,4,APRIL,,123,o-PO4,0.01,mg/L as PO4,0.00326,FALSE,FALSE,0.01
"CA-BC Okanagan Basin Agreement 1974, Tech. Supplement V",C-1,Okanagan Lake,4,APRIL,,123,t-PO4,0.05,mg/L as PO4,0.01631,FALSE,FALSE,0.05
"CA-BC Okanagan Basin Agreement 1974, Tech. Supplement V",C-1,Okanagan Lake,4,APRIL,,123,SiO2,4.5,mg/L,,FALSE,FALSE,4.5
"CA-BC Okanagan Basin Agreement 1974, Tech. Supplement V",C-1,Okanagan Lake,4,JUNE,,1,NO3,0.01,mg/L,,FALSE,FALSE,0.01
"CA-BC Okanagan Basin Agreement 1974, Tech. Supplement V",C-1,Okanagan Lake,4,JUNE,,1,TKN,0.3,mg/L,,FALSE,FALSE,0.30
"CA-BC Okanagan Basin Agreement 1974, Tech. Supplement V",C-1,Okanagan Lake,4,JUNE,,1,o-PO4,0.11,mg/L as PO4,0.03588,FALSE,FALSE,0.11
"CA-BC Okanagan Basin Agreement 1974, Tech. Supplement V",C-1,Okanagan Lake,4,JUNE,,1,t-PO4,0.13,mg/L as PO4,0.0424,FALSE,FALSE,0.13
"CA-BC Okanagan Basin Agreement 1974, Tech. Supplement V",C-1,Okanagan Lake,4,JUNE,,1,SiO2,4.0,mg/L,,FALSE,FALSE,4.0
"CA-BC Okanagan Basin Agreement 1974, Tech. Supplement V",C-1,Okanagan Lake,4,JUNE,,5,NO3,0.01,mg/L,,TRUE,FALSE,<0.01
"CA-BC Okanagan Basin Agreement 1974, Tech. Supplement V",C-1,Okanagan Lake,4,JUNE,,5,TKN,0.23,mg/L,,FALSE,FALSE,0.23
"CA-BC Okanagan Basin Agreement 1974, Tech. Supplement V",C-1,Okanagan Lake,4,JUNE,,5,o-PO4,0.01,mg/L as PO4,0.00326,FALSE,FALSE,0.01
"CA-BC Okanagan Basin Agreement 1974, Tech. Supplement V",C-1,Okanagan Lake,4,JUNE,,5,t-PO4,0.02,mg/L as PO4,0.00652,FALSE,FALSE,0.02
"CA-BC Okanagan Basin Agreement 1974, Tech. Supplement V",C-1,Okanagan Lake,4,JUNE,,5,SiO2,4.1,mg/L,,FALSE,FALSE,4.1
"CA-BC Okanagan Basin Agreement 1974, Tech. Supplement V",C-1,Okanagan Lake,4,JUNE,,10,NO3,0.01,mg/L,,TRUE,FALSE,<0.01
"CA-BC Okanagan Basin Agreement 1974, Tech. Supplement V",C-1,Okanagan Lake,4,JUNE,,10,TKN,0.3,mg/L,,FALSE,FALSE,0.30
"CA-BC Okanagan Basin Agreement 1974, Tech. Supplement V",C-1,Okanagan Lake,4,JUNE,,10,o-PO4,0.01,mg/L as PO4,0.00326,FALSE,FALSE,0.01
"CA-BC Okanagan Basin Agreement 1974, Tech. Supplement V",C-1,Okanagan Lake,4,JUNE,,10,t-PO4,0.02,mg/L as PO4,0.00652,FALSE,FALSE,0.02
"CA-BC Okanagan Basin Agreement 1974, Tech. Supplement V",C-1,Okanagan Lake,4,JUNE,,10,SiO2,4.0,mg/L,,FALSE,FALSE,4.0
"CA-BC Okanagan Basin Agreement 1974, Tech. Supplement V",C-1,Okanagan Lake,4,JUNE,,25,NO3,0.01,mg/L,,FALSE,FALSE,0.01
"CA-BC Okanagan Basin Agreement 1974, Tech. Supplement V",C-1,Okanagan Lake,4,JUNE,,25,TKN,0.41,mg/L,,FALSE,FALSE,0.41
"CA-BC Okanagan Basin Agreement 1974, Tech. Supplement V",C-1,Okanagan Lake,4,JUNE,,25,o-PO4,0.01,mg/L as PO4,0.00326,FALSE,FALSE,0.01
"CA-BC Okanagan Basin Agreement 1974, Tech. Supplement V",C-1,Okanagan Lake,4,JUNE,,25,t-PO4,0.02,mg/L as PO4,0.00652,FALSE,FALSE,0.02
"CA-BC Okanagan Basin Agreement 1974, Tech. Supplement V",C-1,Okanagan Lake,4,JUNE,,25,SiO2,4.0,mg/L,,FALSE,FALSE,4.0
"CA-BC Okanagan Basin Agreement 1974, Tech. Supplement V",C-1,Okanagan Lake,4,JUNE,,50,NO3,0.01,mg/L,,FALSE,FALSE,0.01
"CA-BC Okanagan Basin Agreement 1974, Tech. Supplement V",C-1,Okanagan Lake,4,JUNE,,50,TKN,0.2,mg/L,,FALSE,FALSE,0.20
"CA-BC Okanagan Basin Agreement 1974, Tech. Supplement V",C-1,Okanagan Lake,4,JUNE,,50,o-PO4,0.03,mg/L as PO4,0.00978,FALSE,FALSE,0.03
"CA-BC Okanagan Basin Agreement 1974, Tech. Supplement V",C-1,Okanagan Lake,4,JUNE,,50,t-PO4,0.02,mg/L as PO4,0.00652,FALSE,FALSE,0.02
"CA-BC Okanagan Basin Agreement 1974, Tech. Supplement V",C-1,Okanagan Lake,4,JUNE,,50,SiO2,4.2,mg/L,,FALSE,FALSE,4.2
"CA-BC Okanagan Basin Agreement 1974, Tech. Supplement V",C-1,Okanagan Lake,4,JUNE,,100,NO3,0.02,mg/L,,FALSE,FALSE,0.02
"CA-BC Okanagan Basin Agreement 1974, Tech. Supplement V",C-1,Okanagan Lake,4,JUNE,,100,TKN,0.34,mg/L,,FALSE,FALSE,0.34
"CA-BC Okanagan Basin Agreement 1974, Tech. Supplement V",C-1,Okanagan Lake,4,JUNE,,100,o-PO4,0.01,mg/L as PO4,0.00326,TRUE,FALSE,<0.01
"CA-BC Okanagan Basin Agreement 1974, Tech. Supplement V",C-1,Okanagan Lake,4,JUNE,,100,t-PO4,0.02,mg/L as PO4,0.00652,FALSE,FALSE,0.02
"CA-BC Okanagan Basin Agreement 1974, Tech. Supplement V",C-1,Okanagan Lake,4,JUNE,,100,SiO2,4.2,mg/L,,FALSE,FALSE,4.2
"CA-BC Okanagan Basin Agreement 1974, Tech. Supplement V",C-1,Okanagan Lake,4,JUNE,,124,NO3,0.02,mg/L,,FALSE,FALSE,0.02
"CA-BC Okanagan Basin Agreement 1974, Tech. Supplement V",C-1,Okanagan Lake,4,JUNE,,124,TKN,0.11,mg/L,,FALSE,FALSE,0.11
"CA-BC Okanagan Basin Agreement 1974, Tech. Supplement V",C-1,Okanagan Lake,4,JUNE,,124,o-PO4,0.08,mg/L as PO4,0.02609,FALSE,FALSE,0.08
"CA-BC Okanagan Basin Agreement 1974, Tech. Supplement V",C-1,Okanagan Lake,4,JUNE,,124,t-PO4,0.02,mg/L as PO4,0.00652,FALSE,FALSE,0.02
"CA-BC Okanagan Basin Agreement 1974, Tech. Supplement V",C-1,Okanagan Lake,4,JUNE,,124,SiO2,4.4,mg/L,,FALSE,FALSE,4.4
"CA-BC Okanagan Basin Agreement 1974, Tech. Supplement V",C-1,Okanagan Lake,4,AUGUST,,1,NO3,0.01,mg/L,,TRUE,FALSE,<0.01
"CA-BC Okanagan Basin Agreement 1974, Tech. Supplement V",C-1,Okanagan Lake,4,AUGUST,,1,TKN,0.1,mg/L,,FALSE,FALSE,0.10
"CA-BC Okanagan Basin Agreement 1974, Tech. Supplement V",C-1,Okanagan Lake,4,AUGUST,,1,o-PO4,0.01,mg/L as PO4,0.00326,TRUE,FALSE,<0.01
"CA-BC Okanagan Basin Agreement 1974, Tech. Supplement V",C-1,Okanagan Lake,4,AUGUST,,1,t-PO4,0.01,mg/L as PO4,0.00326,FALSE,FALSE,0.01
"CA-BC Okanagan Basin Agreement 1974, Tech. Supplement V",C-1,Okanagan Lake,4,AUGUST,,1,SiO2,4.2,mg/L,,FALSE,FALSE,4.2
"CA-BC Okanagan Basin Agreement 1974, Tech. Supplement V",C-1,Okanagan Lake,4,AUGUST,,5,NO3,0.01,mg/L,,TRUE,FALSE,<0.01
"CA-BC Okanagan Basin Agreement 1974, Tech. Supplement V",C-1,Okanagan Lake,4,AUGUST,,5,TKN,0.0,mg/L,,FALSE,FALSE,0.0
"CA-BC Okanagan Basin Agreement 1974, Tech. Supplement V",C-1,Okanagan Lake,4,AUGUST,,5,o-PO4,0.01,mg/L as PO4,0.00326,TRUE,FALSE,<0.01
"CA-BC Okanagan Basin Agreement 1974, Tech. Supplement V",C-1,Okanagan Lake,4,AUGUST,,5,t-PO4,0.01,mg/L as PO4,0.00326,FALSE,FALSE,0.01
"CA-BC Okanagan Basin Agreement 1974, Tech. Supplement V",C-1,Okanagan Lake,4,AUGUST,,5,SiO2,4.2,mg/L,,FALSE,FALSE,4.2
"CA-BC Okanagan Basin Agreement 1974, Tech. Supplement V",C-1,Okanagan Lake,4,AUGUST,,10,NO3,0.01,mg/L,,TRUE,FALSE,<0.01
"CA-BC Okanagan Basin Agreement 1974, Tech. Supplement V",C-1,Okanagan Lake,4,AUGUST,,10,TKN,0.02,mg/L,,FALSE,FALSE,0.02
"CA-BC Okanagan Basin Agreement 1974, Tech. Supplement V",C-1,Okanagan Lake,4,AUGUST,,10,o-PO4,0.01,mg/L as PO4,0.00326,TRUE,FALSE,<0.01
"CA-BC Okanagan Basin Agreement 1974, Tech. Supplement V",C-1,Okanagan Lake,4,AUGUST,,10,t-PO4,0.01,mg/L as PO4,0.00326,FALSE,FALSE,0.01
"CA-BC Okanagan Basin Agreement 1974, Tech. Supplement V",C-1,Okanagan Lake,4,AUGUST,,10,SiO2,4.2,mg/L,,FALSE,FALSE,4.2
"CA-BC Okanagan Basin Agreement 1974, Tech. Supplement V",C-1,Okanagan Lake,4,AUGUST,,25,NO3,0.01,mg/L,,TRUE,FALSE,<0.01
"CA-BC Okanagan Basin Agreement 1974, Tech. Supplement V",C-1,Okanagan Lake,4,AUGUST,,25,TKN,0.11,mg/L,,FALSE,FALSE,0.11
"CA-BC Okanagan Basin Agreement 1974, Tech. Supplement V",C-1,Okanagan Lake,4,AUGUST,,25,o-PO4,0.01,mg/L as PO4,0.00326,TRUE,FALSE,<0.01
"CA-BC Okanagan Basin Agreement 1974, Tech. Supplement V",C-1,Okanagan Lake,4,AUGUST,,25,t-PO4,0.02,mg/L as PO4,0.00652,FALSE,FALSE,0.02
"CA-BC Okanagan Basin Agreement 1974, Tech. Supplement V",C-1,Okanagan Lake,4,AUGUST,,25,SiO2,4.4,mg/L,,FALSE,FALSE,4.4
"CA-BC Okanagan Basin Agreement 1974, Tech. Supplement V",C-1,Okanagan Lake,4,AUGUST,,50,NO3,0.02,mg/L,,FALSE,FALSE,0.02
"CA-BC Okanagan Basin Agreement 1974, Tech. Supplement V",C-1,Okanagan Lake,4,AUGUST,,50,TKN,0.46,mg/L,,FALSE,FALSE,0.46
"CA-BC Okanagan Basin Agreement 1974, Tech. Supplement V",C-1,Okanagan Lake,4,AUGUST,,50,o-PO4,0.01,mg/L as PO4,0.00326,TRUE,FALSE,<0.01
"CA-BC Okanagan Basin Agreement 1974, Tech. Supplement V",C-1,Okanagan Lake,4,AUGUST,,50,t-PO4,0.01,mg/L as PO4,0.00326,FALSE,FALSE,0.01
"CA-BC Okanagan Basin Agreement 1974, Tech. Supplement V",C-1,Okanagan Lake,4,AUGUST,,50,SiO2,4.6,mg/L,,FALSE,FALSE,4.6
"CA-BC Okanagan Basin Agreement 1974, Tech. Supplement V",C-1,Okanagan Lake,4,AUGUST,,100,NO3,0.04,mg/L,,FALSE,FALSE,0.04
"CA-BC Okanagan Basin Agreement 1974, Tech. Supplement V",C-1,Okanagan Lake,4,AUGUST,,100,TKN,0.3,mg/L,,FALSE,FALSE,0.30
"CA-BC Okanagan Basin Agreement 1974, Tech. Supplement V",C-1,Okanagan Lake,4,AUGUST,,100,o-PO4,0.01,mg/L as PO4,0.00326,TRUE,FALSE,<0.01
"CA-BC Okanagan Basin Agreement 1974, Tech. Supplement V",C-1,Okanagan Lake,4,AUGUST,,100,t-PO4,0.01,mg/L as PO4,0.00326,FALSE,FALSE,0.01
"CA-BC Okanagan Basin Agreement 1974, Tech. Supplement V",C-1,Okanagan Lake,4,AUGUST,,100,SiO2,4.7,mg/L,,FALSE,FALSE,4.7
"CA-BC Okanagan Basin Agreement 1974, Tech. Supplement V",C-1,Okanagan Lake,4,AUGUST,,133,NO3,0.06,mg/L,,FALSE,FALSE,0.06
"CA-BC Okanagan Basin Agreement 1974, Tech. Supplement V",C-1,Okanagan Lake,4,AUGUST,,133,TKN,0.36,mg/L,,FALSE,FALSE,0.36
"CA-BC Okanagan Basin Agreement 1974, Tech. Supplement V",C-1,Okanagan Lake,4,AUGUST,,133,o-PO4,0.01,mg/L as PO4,0.00326,TRUE,FALSE,<0.01
"CA-BC Okanagan Basin Agreement 1974, Tech. Supplement V",C-1,Okanagan Lake,4,AUGUST,,133,t-PO4,0.05,mg/L as PO4,0.01631,FALSE,FALSE,0.05
"CA-BC Okanagan Basin Agreement 1974, Tech. Supplement V",C-1,Okanagan Lake,4,AUGUST,,133,SiO2,7.0,mg/L,,FALSE,FALSE,7.0
"CA-BC Okanagan Basin Agreement 1974, Tech. Supplement V",C-1,Okanagan Lake,4,OCTOBER,,1,NO3,0.01,mg/L,,TRUE,FALSE,<0.01
"CA-BC Okanagan Basin Agreement 1974, Tech. Supplement V",C-1,Okanagan Lake,4,OCTOBER,,1,TKN,0.01,mg/L,,TRUE,FALSE,<0.01
"CA-BC Okanagan Basin Agreement 1974, Tech. Supplement V",C-1,Okanagan Lake,4,OCTOBER,,1,o-PO4,0.005,mg/L as PO4,0.00163,TRUE,FALSE,<0.005
"CA-BC Okanagan Basin Agreement 1974, Tech. Supplement V",C-1,Okanagan Lake,4,OCTOBER,,1,t-PO4,0.01,mg/L as PO4,0.00326,FALSE,FALSE,0.01
"CA-BC Okanagan Basin Agreement 1974, Tech. Supplement V",C-1,Okanagan Lake,4,OCTOBER,,1,SiO2,4.4,mg/L,,FALSE,FALSE,4.4
"CA-BC Okanagan Basin Agreement 1974, Tech. Supplement V",C-1,Okanagan Lake,4,OCTOBER,,5,NO3,0.01,mg/L,,FALSE,FALSE,0.01
"CA-BC Okanagan Basin Agreement 1974, Tech. Supplement V",C-1,Okanagan Lake,4,OCTOBER,,5,TKN,0.01,mg/L,,TRUE,FALSE,<0.01
"CA-BC Okanagan Basin Agreement 1974, Tech. Supplement V",C-1,Okanagan Lake,4,OCTOBER,,5,o-PO4,0.005,mg/L as PO4,0.00163,TRUE,FALSE,<0.005
"CA-BC Okanagan Basin Agreement 1974, Tech. Supplement V",C-1,Okanagan Lake,4,OCTOBER,,5,t-PO4,0.01,mg/L as PO4,0.00326,FALSE,FALSE,0.01
"CA-BC Okanagan Basin Agreement 1974, Tech. Supplement V",C-1,Okanagan Lake,4,OCTOBER,,5,SiO2,4.9,mg/L,,FALSE,FALSE,4.9
"CA-BC Okanagan Basin Agreement 1974, Tech. Supplement V",C-1,Okanagan Lake,4,OCTOBER,,10,NO3,0.01,mg/L,,TRUE,FALSE,<0.01
"CA-BC Okanagan Basin Agreement 1974, Tech. Supplement V",C-1,Okanagan Lake,4,OCTOBER,,10,TKN,0.46,mg/L,,FALSE,FALSE,0.46
"CA-BC Okanagan Basin Agreement 1974, Tech. Supplement V",C-1,Okanagan Lake,4,OCTOBER,,10,o-PO4,0.005,mg/L as PO4,0.00163,TRUE,FALSE,<0.005
"CA-BC Okanagan Basin Agreement 1974, Tech. Supplement V",C-1,Okanagan Lake,4,OCTOBER,,10,t-PO4,0.02,mg/L as PO4,0.00652,FALSE,FALSE,0.02
"CA-BC Okanagan Basin Agreement 1974, Tech. Supplement V",C-1,Okanagan Lake,4,OCTOBER,,10,SiO2,4.4,mg/L,,FALSE,FALSE,4.4
"CA-BC Okanagan Basin Agreement 1974, Tech. Supplement V",C-1,Okanagan Lake,4,OCTOBER,,25,NO3,0.01,mg/L,,FALSE,FALSE,0.01
"CA-BC Okanagan Basin Agreement 1974, Tech. Supplement V",C-1,Okanagan Lake,4,OCTOBER,,25,TKN,0.01,mg/L,,TRUE,FALSE,<0.01
"CA-BC Okanagan Basin Agreement 1974, Tech. Supplement V",C-1,Okanagan Lake,4,OCTOBER,,25,o-PO4,0.005,mg/L as PO4,0.00163,TRUE,FALSE,<0.005
"CA-BC Okanagan Basin Agreement 1974, Tech. Supplement V",C-1,Okanagan Lake,4,OCTOBER,,25,t-PO4,0.01,mg/L as PO4,0.00326,FALSE,FALSE,0.01
"CA-BC Okanagan Basin Agreement 1974, Tech. Supplement V",C-1,Okanagan Lake,4,OCTOBER,,25,SiO2,4.7,mg/L,,FALSE,FALSE,4.7
"CA-BC Okanagan Basin Agreement 1974, Tech. Supplement V",C-1,Okanagan Lake,4,OCTOBER,,50,NO3,0.02,mg/L,,FALSE,FALSE,0.02
"CA-BC Okanagan Basin Agreement 1974, Tech. Supplement V",C-1,Okanagan Lake,4,OCTOBER,,50,TKN,0.01,mg/L,,TRUE,FALSE,<0.01
"CA-BC Okanagan Basin Agreement 1974, Tech. Supplement V",C-1,Okanagan Lake,4,OCTOBER,,50,o-PO4,0.005,mg/L as PO4,0.00163,TRUE,FALSE,<0.005
"CA-BC Okanagan Basin Agreement 1974, Tech. Supplement V",C-1,Okanagan Lake,4,OCTOBER,,50,t-PO4,0.02,mg/L as PO4,0.00652,FALSE,FALSE,0.02
"CA-BC Okanagan Basin Agreement 1974, Tech. Supplement V",C-1,Okanagan Lake,4,OCTOBER,,50,SiO2,4.9,mg/L,,FALSE,FALSE,4.9
"CA-BC Okanagan Basin Agreement 1974, Tech. Supplement V",C-1,Okanagan Lake,4,OCTOBER,,100,NO3,0.02,mg/L,,FALSE,FALSE,0.02
"CA-BC Okanagan Basin Agreement 1974, Tech. Supplement V",C-1,Okanagan Lake,4,OCTOBER,,100,TKN,0.01,mg/L,,TRUE,FALSE,<0.01
"CA-BC Okanagan Basin Agreement 1974, Tech. Supplement V",C-1,Okanagan Lake,4,OCTOBER,,100,o-PO4,0.005,mg/L as PO4,0.00163,TRUE,FALSE,<0.005
"CA-BC Okanagan Basin Agreement 1974, Tech. Supplement V",C-1,Okanagan Lake,4,OCTOBER,,100,t-PO4,0.02,mg/L as PO4,0.00652,FALSE,FALSE,0.02
"CA-BC Okanagan Basin Agreement 1974, Tech. Supplement V",C-1,Okanagan Lake,4,OCTOBER,,100,SiO2,4.9,mg/L,,FALSE,FALSE,4.9
"CA-BC Okanagan Basin Agreement 1974, Tech. Supplement V",C-1,Okanagan Lake,4,OCTOBER,,133,NO3,0.02,mg/L,,FALSE,FALSE,0.02
"CA-BC Okanagan Basin Agreement 1974, Tech. Supplement V",C-1,Okanagan Lake,4,OCTOBER,,133,TKN,0.01,mg/L,,TRUE,FALSE,<0.01
"CA-BC Okanagan Basin Agreement 1974, Tech. Supplement V",C-1,Okanagan Lake,4,OCTOBER,,133,o-PO4,0.005,mg/L as PO4,0.00163,TRUE,FALSE,<0.005
"CA-BC Okanagan Basin Agreement 1974, Tech. Supplement V",C-1,Okanagan Lake,4,OCTOBER,,133,t-PO4,0.02,mg/L as PO4,0.00652,FALSE,FALSE,0.02
"CA-BC Okanagan Basin Agreement 1974, Tech. Supplement V",C-1,Okanagan Lake,4,OCTOBER,,133,SiO2,4.9,mg/L,,FALSE,FALSE,4.9
"CA-BC Okanagan Basin Agreement 1974, Tech. Supplement V",C-1,Okanagan Lake,8,APRIL,,1,NO3,0.01,mg/L,,FALSE,FALSE,0.01
"CA-BC Okanagan Basin Agreement 1974, Tech. Supplement V",C-1,Okanagan Lake,8,APRIL,,1,TKN,0.2,mg/L,,FALSE,FALSE,0.20
"CA-BC Okanagan Basin Agreement 1974, Tech. Supplement V",C-1,Okanagan Lake,8,APRIL,,1,o-PO4,0.01,mg/L as PO4,0.00326,TRUE,FALSE,<0.01
"CA-BC Okanagan Basin Agreement 1974, Tech. Supplement V",C-1,Okanagan Lake,8,APRIL,,1,t-PO4,0.03,mg/L as PO4,0.00978,FALSE,FALSE,0.03
"CA-BC Okanagan Basin Agreement 1974, Tech. Supplement V",C-1,Okanagan Lake,8,APRIL,,1,SiO2,4.3,mg/L,,FALSE,FALSE,4.3
"CA-BC Okanagan Basin Agreement 1974, Tech. Supplement V",C-1,Okanagan Lake,8,APRIL,,5,NO3,0.01,mg/L,,TRUE,FALSE,<0.01
"CA-BC Okanagan Basin Agreement 1974, Tech. Supplement V",C-1,Okanagan Lake,8,APRIL,,5,TKN,0.21,mg/L,,FALSE,FALSE,0.21
"CA-BC Okanagan Basin Agreement 1974, Tech. Supplement V",C-1,Okanagan Lake,8,APRIL,,5,o-PO4,0.01,mg/L as PO4,0.00326,TRUE,FALSE,<0.01
"CA-BC Okanagan Basin Agreement 1974, Tech. Supplement V",C-1,Okanagan Lake,8,APRIL,,5,t-PO4,0.04,mg/L as PO4,0.01305,FALSE,FALSE,0.04
"CA-BC Okanagan Basin Agreement 1974, Tech. Supplement V",C-1,Okanagan Lake,8,APRIL,,5,SiO2,4.2,mg/L,,FALSE,FALSE,4.2
"CA-BC Okanagan Basin Agreement 1974, Tech. Supplement V",C-1,Okanagan Lake,8,APRIL,,10,NO3,0.01,mg/L,,TRUE,FALSE,<0.01
"CA-BC Okanagan Basin Agreement 1974, Tech. Supplement V",C-1,Okanagan Lake,8,APRIL,,10,TKN,0.15,mg/L,,FALSE,FALSE,0.15
"CA-BC Okanagan Basin Agreement 1974, Tech. Supplement V",C-1,Okanagan Lake,8,APRIL,,10,o-PO4,0.01,mg/L as PO4,0.00326,TRUE,FALSE,<0.01
"CA-BC Okanagan Basin Agreement 1974, Tech. Supplement V",C-1,Okanagan Lake,8,APRIL,,10,t-PO4,0.03,mg/L as PO4,0.00978,FALSE,FALSE,0.03
"CA-BC Okanagan Basin Agreement 1974, Tech. Supplement V",C-1,Okanagan Lake,8,APRIL,,10,SiO2,4.3,mg/L,,FALSE,FALSE,4.3
"CA-BC Okanagan Basin Agreement 1974, Tech. Supplement V",C-1,Okanagan Lake,8,APRIL,,25,NO3,0.01,mg/L,,TRUE,FALSE,<0.01
"CA-BC Okanagan Basin Agreement 1974, Tech. Supplement V",C-1,Okanagan Lake,8,APRIL,,25,TKN,0.28,mg/L,,FALSE,FALSE,0.28
"CA-BC Okanagan Basin Agreement 1974, Tech. Supplement V",C-1,Okanagan Lake,8,APRIL,,25,o-PO4,0.01,mg/L as PO4,0.00326,TRUE,FALSE,<0.01
"CA-BC Okanagan Basin Agreement 1974, Tech. Supplement V",C-1,Okanagan Lake,8,APRIL,,25,t-PO4,0.03,mg/L as PO4,0.00978,FALSE,FALSE,0.03
"CA-BC Okanagan Basin Agreement 1974, Tech. Supplement V",C-1,Okanagan Lake,8,APRIL,,25,SiO2,4.3,mg/L,,FALSE,FALSE,4.3
"CA-BC Okanagan Basin Agreement 1974, Tech. Supplement V",C-1,Okanagan Lake,8,APRIL,,50,NO3,0.01,mg/L,,FALSE,FALSE,0.01
"CA-BC Okanagan Basin Agreement 1974, Tech. Supplement V",C-1,Okanagan Lake,8,APRIL,,50,TKN,0.18,mg/L,,FALSE,FALSE,0.18
"CA-BC Okanagan Basin Agreement 1974, Tech. Supplement V",C-1,Okanagan Lake,8,APRIL,,50,o-PO4,0.01,mg/L as PO4,0.00326,TRUE,FALSE,<0.01
"CA-BC Okanagan Basin Agreement 1974, Tech. Supplement V",C-1,Okanagan Lake,8,APRIL,,50,t-PO4,0.03,mg/L as PO4,0.00978,FALSE,FALSE,0.03
"CA-BC Okanagan Basin Agreement 1974, Tech. Supplement V",C-1,Okanagan Lake,8,APRIL,,50,SiO2,4.4,mg/L,,FALSE,FALSE,4.4
"CA-BC Okanagan Basin Agreement 1974, Tech. Supplement V",C-1,Okanagan Lake,8,JUNE,,1,NO3,0.01,mg/L,,FALSE,FALSE,0.01
"CA-BC Okanagan Basin Agreement 1974, Tech. Supplement V",C-1,Okanagan Lake,8,JUNE,,1,TKN,0.08,mg/L,,FALSE,FALSE,0.08
"CA-BC Okanagan Basin Agreement 1974, Tech. Supplement V",C-1,Okanagan Lake,8,JUNE,,1,o-PO4,0.1,mg/L as PO4,0.03262,FALSE,FALSE,0.10
"CA-BC Okanagan Basin Agreement 1974, Tech. Supplement V",C-1,Okanagan Lake,8,JUNE,,1,t-PO4,0.1,mg/L as PO4,0.03262,FALSE,FALSE,0.10
"CA-BC Okanagan Basin Agreement 1974, Tech. Supplement V",C-1,Okanagan Lake,8,JUNE,,1,SiO2,4.0,mg/L,,FALSE,FALSE,4.0
"CA-BC Okanagan Basin Agreement 1974, Tech. Supplement V",C-1,Okanagan Lake,8,JUNE,,5,NO3,0.01,mg/L,,TRUE,FALSE,<0.01
"CA-BC Okanagan Basin Agreement 1974, Tech. Supplement V",C-1,Okanagan Lake,8,JUNE,,5,TKN,0.28,mg/L,,FALSE,FALSE,0.28
"CA-BC Okanagan Basin Agreement 1974, Tech. Supplement V",C-1,Okanagan Lake,8,JUNE,,5,o-PO4,0.09,mg/L as PO4,0.02935,FALSE,FALSE,0.09
"CA-BC Okanagan Basin Agreement 1974, Tech. Supplement V",C-1,Okanagan Lake,8,JUNE,,5,t-PO4,0.1,mg/L as PO4,0.03262,FALSE,FALSE,0.10
"CA-BC Okanagan Basin Agreement 1974, Tech. Supplement V",C-1,Okanagan Lake,8,JUNE,,5,SiO2,4.0,mg/L,,FALSE,FALSE,4.0
"CA-BC Okanagan Basin Agreement 1974, Tech. Supplement V",C-1,Okanagan Lake,8,JUNE,,10,NO3,0.01,mg/L,,TRUE,FALSE,<0.01
"CA-BC Okanagan Basin Agreement 1974, Tech. Supplement V",C-1,Okanagan Lake,8,JUNE,,10,TKN,0.08,mg/L,,FALSE,FALSE,0.08
"CA-BC Okanagan Basin Agreement 1974, Tech. Supplement V",C-1,Okanagan Lake,8,JUNE,,10,o-PO4,0.01,mg/L as PO4,0.00326,TRUE,FALSE,<0.01
"CA-BC Okanagan Basin Agreement 1974, Tech. Supplement V",C-1,Okanagan Lake,8,JUNE,,10,t-PO4,0.03,mg/L as PO4,0.00978,FALSE,FALSE,0.03
"CA-BC Okanagan Basin Agreement 1974, Tech. Supplement V",C-1,Okanagan Lake,8,JUNE,,10,SiO2,4.0,mg/L,,FALSE,FALSE,4.0
"CA-BC Okanagan Basin Agreement 1974, Tech. Supplement V",C-1,Okanagan Lake,8,JUNE,,25,NO3,0.01,mg/L,,FALSE,FALSE,0.01
"CA-BC Okanagan Basin Agreement 1974, Tech. Supplement V",C-1,Okanagan Lake,8,JUNE,,25,TKN,0.0,mg/L,,FALSE,FALSE,0.0
"CA-BC Okanagan Basin Agreement 1974, Tech. Supplement V",C-1,Okanagan Lake,8,JUNE,,25,o-PO4,0.14,mg/L as PO4,0.04566,FALSE,FALSE,0.14
"CA-BC Okanagan Basin Agreement 1974, Tech. Supplement V",C-1,Okanagan Lake,8,JUNE,,25,t-PO4,0.19,mg/L as PO4,0.06197,FALSE,FALSE,0.19
"CA-BC Okanagan Basin Agreement 1974, Tech. Supplement V",C-1,Okanagan Lake,8,JUNE,,25,SiO2,4.3,mg/L,,FALSE,FALSE,4.3
"CA-BC Okanagan Basin Agreement 1974, Tech. Supplement V",C-1,Okanagan Lake,8,JUNE,,50,NO3,0.01,mg/L,,FALSE,FALSE,0.01
"CA-BC Okanagan Basin Agreement 1974, Tech. Supplement V",C-1,Okanagan Lake,8,JUNE,,50,TKN,0.08,mg/L,,FALSE,FALSE,0.08
"CA-BC Okanagan Basin Agreement 1974, Tech. Supplement V",C-1,Okanagan Lake,8,JUNE,,50,o-PO4,0.01,mg/L as PO4,0.00326,TRUE,FALSE,<0.01
"CA-BC Okanagan Basin Agreement 1974, Tech. Supplement V",C-1,Okanagan Lake,8,JUNE,,50,t-PO4,0.02,mg/L as PO4,0.00652,FALSE,FALSE,0.02
"CA-BC Okanagan Basin Agreement 1974, Tech. Supplement V",C-1,Okanagan Lake,8,JUNE,,50,SiO2,4.2,mg/L,,FALSE,FALSE,4.2
"CA-BC Okanagan Basin Agreement 1974, Tech. Supplement V",C-1,Okanagan Lake,8,JUNE,,68,NO3,0.01,mg/L,,FALSE,FALSE,0.01
"CA-BC Okanagan Basin Agreement 1974, Tech. Supplement V",C-1,Okanagan Lake,8,JUNE,,68,TKN,0.25,mg/L,,FALSE,FALSE,0.25
"CA-BC Okanagan Basin Agreement 1974, Tech. Supplement V",C-1,Okanagan Lake,8,JUNE,,68,o-PO4,0.01,mg/L as PO4,0.00326,TRUE,FALSE,<0.01
"CA-BC Okanagan Basin Agreement 1974, Tech. Supplement V",C-1,Okanagan Lake,8,JUNE,,68,t-PO4,0.02,mg/L as PO4,0.00652,FALSE,FALSE,0.02
"CA-BC Okanagan Basin Agreement 1974, Tech. Supplement V",C-1,Okanagan Lake,8,JUNE,,68,SiO2,4.2,mg/L,,FALSE,FALSE,4.2
"CA-BC Okanagan Basin Agreement 1974, Tech. Supplement V",C-1,Okanagan Lake,8,AUGUST,,1,NO3,0.01,mg/L,,TRUE,FALSE,<0.01
"CA-BC Okanagan Basin Agreement 1974, Tech. Supplement V",C-1,Okanagan Lake,8,AUGUST,,1,TKN,0.29,mg/L,,FALSE,FALSE,0.29
"CA-BC Okanagan Basin Agreement 1974, Tech. Supplement V",C-1,Okanagan Lake,8,AUGUST,,1,o-PO4,0.01,mg/L as PO4,0.00326,TRUE,FALSE,<0.01
"CA-BC Okanagan Basin Agreement 1974, Tech. Supplement V",C-1,Okanagan Lake,8,AUGUST,,1,t-PO4,0.01,mg/L as PO4,0.00326,FALSE,FALSE,0.01
"CA-BC Okanagan Basin Agreement 1974, Tech. Supplement V",C-1,Okanagan Lake,8,AUGUST,,1,SiO2,4.1,mg/L,,FALSE,FALSE,4.1
"CA-BC Okanagan Basin Agreement 1974, Tech. Supplement V",C-1,Okanagan Lake,8,AUGUST,,5,NO3,0.01,mg/L,,TRUE,FALSE,<0.01
"CA-BC Okanagan Basin Agreement 1974, Tech. Supplement V",C-1,Okanagan Lake,8,AUGUST,,5,TKN,0.16,mg/L,,FALSE,FALSE,0.16
"CA-BC Okanagan Basin Agreement 1974, Tech. Supplement V",C-1,Okanagan Lake,8,AUGUST,,5,o-PO4,0.01,mg/L as PO4,0.00326,TRUE,FALSE,<0.01
"CA-BC Okanagan Basin Agreement 1974, Tech. Supplement V",C-1,Okanagan Lake,8,AUGUST,,5,t-PO4,0.02,mg/L as PO4,0.00652,FALSE,FALSE,0.02
"CA-BC Okanagan Basin Agreement 1974, Tech. Supplement V",C-1,Okanagan Lake,8,AUGUST,,5,SiO2,4.1,mg/L,,FALSE,FALSE,4.1
"CA-BC Okanagan Basin Agreement 1974, Tech. Supplement V",C-1,Okanagan Lake,8,AUGUST,,10,NO3,0.01,mg/L,,TRUE,FALSE,<0.01
"CA-BC Okanagan Basin Agreement 1974, Tech. Supplement V",C-1,Okanagan Lake,8,AUGUST,,10,TKN,0.25,mg/L,,FALSE,FALSE,0.25
"CA-BC Okanagan Basin Agreement 1974, Tech. Supplement V",C-1,Okanagan Lake,8,AUGUST,,10,o-PO4,0.01,mg/L as PO4,0.00326,TRUE,FALSE,<0.01
"CA-BC Okanagan Basin Agreement 1974, Tech. Supplement V",C-1,Okanagan Lake,8,AUGUST,,10,t-PO4,0.02,mg/L as PO4,0.00652,FALSE,FALSE,0.02
"CA-BC Okanagan Basin Agreement 1974, Tech. Supplement V",C-1,Okanagan Lake,8,AUGUST,,10,SiO2,4.2,mg/L,,FALSE,FALSE,4.2
"CA-BC Okanagan Basin Agreement 1974, Tech. Supplement V",C-1,Okanagan Lake,8,AUGUST,,25,NO3,0.01,mg/L,,TRUE,FALSE,<0.01
"CA-BC Okanagan Basin Agreement 1974, Tech. Supplement V",C-1,Okanagan Lake,8,AUGUST,,25,TKN,0.25,mg/L,,FALSE,FALSE,0.25
"CA-BC Okanagan Basin Agreement 1974, Tech. Supplement V",C-1,Okanagan Lake,8,AUGUST,,25,o-PO4,0.01,mg/L as PO4,0.00326,TRUE,FALSE,<0.01
"CA-BC Okanagan Basin Agreement 1974, Tech. Supplement V",C-1,Okanagan Lake,8,AUGUST,,25,t-PO4,0.02,mg/L as PO4,0.00652,FALSE,FALSE,0.02
"CA-BC Okanagan Basin Agreement 1974, Tech. Supplement V",C-1,Okanagan Lake,8,AUGUST,,25,SiO2,4.4,mg/L,,FALSE,FALSE,4.4
"CA-BC Okanagan Basin Agreement 1974, Tech. Supplement V",C-1,Okanagan Lake,8,AUGUST,,50,NO3,0.02,mg/L,,FALSE,FALSE,0.02
"CA-BC Okanagan Basin Agreement 1974, Tech. Supplement V",C-1,Okanagan Lake,8,AUGUST,,50,TKN,0.23,mg/L,,FALSE,FALSE,0.23
"CA-BC Okanagan Basin Agreement 1974, Tech. Supplement V",C-1,Okanagan Lake,8,AUGUST,,50,o-PO4,0.01,mg/L as PO4,0.00326,TRUE,FALSE,<0.01
"CA-BC Okanagan Basin Agreement 1974, Tech. Supplement V",C-1,Okanagan Lake,8,AUGUST,,50,t-PO4,0.01,mg/L as PO4,0.00326,FALSE,FALSE,0.01
"CA-BC Okanagan Basin Agreement 1974, Tech. Supplement V",C-1,Okanagan Lake,8,AUGUST,,50,SiO2,4.5,mg/L,,FALSE,FALSE,4.5
"CA-BC Okanagan Basin Agreement 1974, Tech. Supplement V",C-1,Okanagan Lake,8,AUGUST,,75,NO3,0.04,mg/L,,FALSE,FALSE,0.04
"CA-BC Okanagan Basin Agreement 1974, Tech. Supplement V",C-1,Okanagan Lake,8,AUGUST,,75,TKN,0.43,mg/L,,FALSE,FALSE,0.43
"CA-BC Okanagan Basin Agreement 1974, Tech. Supplement V",C-1,Okanagan Lake,8,AUGUST,,75,o-PO4,0.01,mg/L as PO4,0.00326,TRUE,FALSE,<0.01
"CA-BC Okanagan Basin Agreement 1974, Tech. Supplement V",C-1,Okanagan Lake,8,AUGUST,,75,t-PO4,0.02,mg/L as PO4,0.00652,FALSE,FALSE,0.02
"CA-BC Okanagan Basin Agreement 1974, Tech. Supplement V",C-1,Okanagan Lake,8,AUGUST,,75,SiO2,4.6,mg/L,,FALSE,FALSE,4.6
"CA-BC Okanagan Basin Agreement 1974, Tech. Supplement V",C-1,Okanagan Lake,8,OCTOBER,,1,NO3,0.01,mg/L,,TRUE,FALSE,<0.01
"CA-BC Okanagan Basin Agreement 1974, Tech. Supplement V",C-1,Okanagan Lake,8,OCTOBER,,1,TKN,0.01,mg/L,,TRUE,FALSE,<0.01
"CA-BC Okanagan Basin Agreement 1974, Tech. Supplement V",C-1,Okanagan Lake,8,OCTOBER,,1,o-PO4,0.005,mg/L as PO4,0.00163,TRUE,FALSE,<0.005
"CA-BC Okanagan Basin Agreement 1974, Tech. Supplement V",C-1,Okanagan Lake,8,OCTOBER,,1,t-PO4,0.02,mg/L as PO4,0.00652,FALSE,FALSE,0.02
"CA-BC Okanagan Basin Agreement 1974, Tech. Supplement V",C-1,Okanagan Lake,8,OCTOBER,,1,SiO2,4.2,mg/L,,FALSE,FALSE,4.2
"CA-BC Okanagan Basin Agreement 1974, Tech. Supplement V",C-1,Okanagan Lake,8,OCTOBER,,5,NO3,0.01,mg/L,,TRUE,FALSE,<0.01
"CA-BC Okanagan Basin Agreement 1974, Tech. Supplement V",C-1,Okanagan Lake,8,OCTOBER,,5,TKN,0.01,mg/L,,TRUE,FALSE,<0.01
"CA-BC Okanagan Basin Agreement 1974, Tech. Supplement V",C-1,Okanagan Lake,8,OCTOBER,,5,o-PO4,0.005,mg/L as PO4,0.00163,TRUE,FALSE,<0.005
"CA-BC Okanagan Basin Agreement 1974, Tech. Supplement V",C-1,Okanagan Lake,8,OCTOBER,,5,t-PO4,0.02,mg/L as PO4,0.00652,FALSE,FALSE,0.02
"CA-BC Okanagan Basin Agreement 1974, Tech. Supplement V",C-1,Okanagan Lake,8,OCTOBER,,5,SiO2,4.2,mg/L,,FALSE,FALSE,4.2
"CA-BC Okanagan Basin Agreement 1974, Tech. Supplement V",C-1,Okanagan Lake,8,OCTOBER,,10,NO3,0.01,mg/L,,TRUE,FALSE,<0.01
"CA-BC Okanagan Basin Agreement 1974, Tech. Supplement V",C-1,Okanagan Lake,8,OCTOBER,,10,TKN,0.07,mg/L,,FALSE,FALSE,0.07
"CA-BC Okanagan Basin Agreement 1974, Tech. Supplement V",C-1,Okanagan Lake,8,OCTOBER,,10,o-PO4,0.005,mg/L as PO4,0.00163,TRUE,FALSE,<0.005
"CA-BC Okanagan Basin Agreement 1974, Tech. Supplement V",C-1,Okanagan Lake,8,OCTOBER,,10,t-PO4,0.02,mg/L as PO4,0.00652,FALSE,FALSE,0.02
"CA-BC Okanagan Basin Agreement 1974, Tech. Supplement V",C-1,Okanagan Lake,8,OCTOBER,,10,SiO2,4.2,mg/L,,FALSE,FALSE,4.2
"CA-BC Okanagan Basin Agreement 1974, Tech. Supplement V",C-1,Okanagan Lake,8,OCTOBER,,20,NO3,0.01,mg/L,,TRUE,FALSE,<0.01
"CA-BC Okanagan Basin Agreement 1974, Tech. Supplement V",C-1,Okanagan Lake,8,OCTOBER,,20,TKN,0.13,mg/L,,FALSE,FALSE,0.13
"CA-BC Okanagan Basin Agreement 1974, Tech. Supplement V",C-1,Okanagan Lake,8,OCTOBER,,20,o-PO4,0.005,mg/L as PO4,0.00163,TRUE,FALSE,<0.005
"CA-BC Okanagan Basin Agreement 1974, Tech. Supplement V",C-1,Okanagan Lake,8,OCTOBER,,20,t-PO4,0.02,mg/L as PO4,0.00652,FALSE,FALSE,0.02
"CA-BC Okanagan Basin Agreement 1974, Tech. Supplement V",C-1,Okanagan Lake,8,OCTOBER,,20,SiO2,4.3,mg/L,,FALSE,FALSE,4.3
"CA-BC Okanagan Basin Agreement 1974, Tech. Supplement V",C-1,Okanagan Lake,8,OCTOBER,,25,NO3,0.01,mg/L,,TRUE,FALSE,<0.01
"CA-BC Okanagan Basin Agreement 1974, Tech. Supplement V",C-1,Okanagan Lake,8,OCTOBER,,25,TKN,0.13,mg/L,,FALSE,FALSE,0.13
"CA-BC Okanagan Basin Agreement 1974, Tech. Supplement V",C-1,Okanagan Lake,8,OCTOBER,,25,o-PO4,0.005,mg/L as PO4,0.00163,TRUE,FALSE,<0.005
"CA-BC Okanagan Basin Agreement 1974, Tech. Supplement V",C-1,Okanagan Lake,8,OCTOBER,,25,t-PO4,0.02,mg/L as PO4,0.00652,FALSE,FALSE,0.02
"CA-BC Okanagan Basin Agreement 1974, Tech. Supplement V",C-1,Okanagan Lake,8,OCTOBER,,25,SiO2,4.4,mg/L,,FALSE,FALSE,4.4
"CA-BC Okanagan Basin Agreement 1974, Tech. Supplement V",C-1,Okanagan Lake,8,OCTOBER,,48,NO3,0.02,mg/L,,FALSE,FALSE,0.02
"CA-BC Okanagan Basin Agreement 1974, Tech. Supplement V",C-1,Okanagan Lake,8,OCTOBER,,48,TKN,0.03,mg/L,,FALSE,FALSE,0.03
"CA-BC Okanagan Basin Agreement 1974, Tech. Supplement V",C-1,Okanagan Lake,8,OCTOBER,,48,o-PO4,0.005,mg/L as PO4,0.00163,TRUE,FALSE,<0.005
"CA-BC Okanagan Basin Agreement 1974, Tech. Supplement V",C-1,Okanagan Lake,8,OCTOBER,,48,t-PO4,0.02,mg/L as PO4,0.00652,FALSE,FALSE,0.02
"CA-BC Okanagan Basin Agreement 1974, Tech. Supplement V",C-1,Okanagan Lake,8,OCTOBER,,48,SiO2,4.9,mg/L,,FALSE,FALSE,4.9
"CA-BC Okanagan Basin Agreement 1974, Tech. Supplement V",C-1,Kalamalka Lake,2,APRIL,1971-04-18,1,NO3,0.03,mg/L,,FALSE,FALSE,0.03
"CA-BC Okanagan Basin Agreement 1974, Tech. Supplement V",C-1,Kalamalka Lake,2,APRIL,1971-04-18,1,TKN,0.11,mg/L,,FALSE,FALSE,0.11
"CA-BC Okanagan Basin Agreement 1974, Tech. Supplement V",C-1,Kalamalka Lake,2,APRIL,1971-04-18,1,o-PO4,0.01,mg/L as PO4,0.00326,FALSE,FALSE,0.01
"CA-BC Okanagan Basin Agreement 1974, Tech. Supplement V",C-1,Kalamalka Lake,2,APRIL,1971-04-18,1,t-PO4,0.04,mg/L as PO4,0.01305,FALSE,FALSE,0.04
"CA-BC Okanagan Basin Agreement 1974, Tech. Supplement V",C-1,Kalamalka Lake,2,APRIL,1971-04-18,1,SiO2,10.6,mg/L,,FALSE,FALSE,10.6
"CA-BC Okanagan Basin Agreement 1974, Tech. Supplement V",C-1,Kalamalka Lake,2,APRIL,1971-04-18,5,NO3,0.03,mg/L,,FALSE,FALSE,0.03
"CA-BC Okanagan Basin Agreement 1974, Tech. Supplement V",C-1,Kalamalka Lake,2,APRIL,1971-04-18,5,TKN,0.11,mg/L,,FALSE,FALSE,0.11
"CA-BC Okanagan Basin Agreement 1974, Tech. Supplement V",C-1,Kalamalka Lake,2,APRIL,1971-04-18,5,o-PO4,0.01,mg/L as PO4,0.00326,FALSE,FALSE,0.01
"CA-BC Okanagan Basin Agreement 1974, Tech. Supplement V",C-1,Kalamalka Lake,2,APRIL,1971-04-18,5,t-PO4,0.03,mg/L as PO4,0.00978,FALSE,FALSE,0.03
"CA-BC Okanagan Basin Agreement 1974, Tech. Supplement V",C-1,Kalamalka Lake,2,APRIL,1971-04-18,5,SiO2,10.7,mg/L,,FALSE,FALSE,10.7
"CA-BC Okanagan Basin Agreement 1974, Tech. Supplement V",C-1,Kalamalka Lake,2,APRIL,1971-04-18,10,NO3,0.02,mg/L,,FALSE,FALSE,0.02
"CA-BC Okanagan Basin Agreement 1974, Tech. Supplement V",C-1,Kalamalka Lake,2,APRIL,1971-04-18,10,TKN,0.18,mg/L,,FALSE,FALSE,0.18
"CA-BC Okanagan Basin Agreement 1974, Tech. Supplement V",C-1,Kalamalka Lake,2,APRIL,1971-04-18,10,o-PO4,0.01,mg/L as PO4,0.00326,FALSE,FALSE,0.01
"CA-BC Okanagan Basin Agreement 1974, Tech. Supplement V",C-1,Kalamalka Lake,2,APRIL,1971-04-18,10,t-PO4,0.03,mg/L as PO4,0.00978,FALSE,FALSE,0.03
"CA-BC Okanagan Basin Agreement 1974, Tech. Supplement V",C-1,Kalamalka Lake,2,APRIL,1971-04-18,10,SiO2,10.6,mg/L,,FALSE,FALSE,10.6
"CA-BC Okanagan Basin Agreement 1974, Tech. Supplement V",C-1,Kalamalka Lake,2,APRIL,1971-04-18,25,NO3,0.03,mg/L,,FALSE,FALSE,0.03
"CA-BC Okanagan Basin Agreement 1974, Tech. Supplement V",C-1,Kalamalka Lake,2,APRIL,1971-04-18,25,TKN,0.18,mg/L,,FALSE,FALSE,0.18
"CA-BC Okanagan Basin Agreement 1974, Tech. Supplement V",C-1,Kalamalka Lake,2,APRIL,1971-04-18,25,o-PO4,0.01,mg/L as PO4,0.00326,FALSE,FALSE,0.01
"CA-BC Okanagan Basin Agreement 1974, Tech. Supplement V",C-1,Kalamalka Lake,2,APRIL,1971-04-18,25,t-PO4,0.03,mg/L as PO4,0.00978,FALSE,FALSE,0.03
"CA-BC Okanagan Basin Agreement 1974, Tech. Supplement V",C-1,Kalamalka Lake,2,APRIL,1971-04-18,25,SiO2,10.5,mg/L,,FALSE,FALSE,10.5
"CA-BC Okanagan Basin Agreement 1974, Tech. Supplement V",C-1,Kalamalka Lake,2,APRIL,1971-04-18,46,NO3,0.01,mg/L,,FALSE,FALSE,0.01
"CA-BC Okanagan Basin Agreement 1974, Tech. Supplement V",C-1,Kalamalka Lake,2,APRIL,1971-04-18,46,TKN,0.31,mg/L,,FALSE,FALSE,0.31
"CA-BC Okanagan Basin Agreement 1974, Tech. Supplement V",C-1,Kalamalka Lake,2,APRIL,1971-04-18,46,o-PO4,0.02,mg/L as PO4,0.00652,FALSE,FALSE,0.02
"CA-BC Okanagan Basin Agreement 1974, Tech. Supplement V",C-1,Kalamalka Lake,2,APRIL,1971-04-18,46,t-PO4,0.03,mg/L as PO4,0.00978,FALSE,FALSE,0.03
"CA-BC Okanagan Basin Agreement 1974, Tech. Supplement V",C-1,Kalamalka Lake,2,APRIL,1971-04-18,46,SiO2,10.6,mg/L,,FALSE,FALSE,10.6
"CA-BC Okanagan Basin Agreement 1974, Tech. Supplement V",C-1,Kalamalka Lake,2,JUNE,1971-06-19,1,NO3,0.01,mg/L,,TRUE,FALSE,<0.01
"CA-BC Okanagan Basin Agreement 1974, Tech. Supplement V",C-1,Kalamalka Lake,2,JUNE,1971-06-19,1,TKN,0.95,mg/L,,FALSE,FALSE,0.95
"CA-BC Okanagan Basin Agreement 1974, Tech. Supplement V",C-1,Kalamalka Lake,2,JUNE,1971-06-19,1,o-PO4,0.09,mg/L as PO4,0.02935,FALSE,FALSE,0.09
"CA-BC Okanagan Basin Agreement 1974, Tech. Supplement V",C-1,Kalamalka Lake,2,JUNE,1971-06-19,1,t-PO4,0.11,mg/L as PO4,0.03588,FALSE,FALSE,0.11
"CA-BC Okanagan Basin Agreement 1974, Tech. Supplement V",C-1,Kalamalka Lake,2,JUNE,1971-06-19,1,SiO2,9.9,mg/L,,FALSE,FALSE,9.9
"CA-BC Okanagan Basin Agreement 1974, Tech. Supplement V",C-1,Kalamalka Lake,2,JUNE,1971-06-19,5,NO3,0.01,mg/L,,TRUE,FALSE,<0.01
"CA-BC Okanagan Basin Agreement 1974, Tech. Supplement V",C-1,Kalamalka Lake,2,JUNE,1971-06-19,5,TKN,0.64,mg/L,,FALSE,FALSE,0.64
"CA-BC Okanagan Basin Agreement 1974, Tech. Supplement V",C-1,Kalamalka Lake,2,JUNE,1971-06-19,5,o-PO4,0.01,mg/L as PO4,0.00326,TRUE,FALSE,<0.01
"CA-BC Okanagan Basin Agreement 1974, Tech. Supplement V",C-1,Kalamalka Lake,2,JUNE,1971-06-19,5,t-PO4,0.01,mg/L as PO4,0.00326,FALSE,FALSE,0.01
"CA-BC Okanagan Basin Agreement 1974, Tech. Supplement V",C-1,Kalamalka Lake,2,JUNE,1971-06-19,5,SiO2,9.9,mg/L,,FALSE,FALSE,9.9
"CA-BC Okanagan Basin Agreement 1974, Tech. Supplement V",C-1,Kalamalka Lake,2,JUNE,1971-06-19,10,NO3,0.01,mg/L,,FALSE,FALSE,0.01
"CA-BC Okanagan Basin Agreement 1974, Tech. Supplement V",C-1,Kalamalka Lake,2,JUNE,1971-06-19,10,TKN,0.59,mg/L,,FALSE,FALSE,0.59
"CA-BC Okanagan Basin Agreement 1974, Tech. Supplement V",C-1,Kalamalka Lake,2,JUNE,1971-06-19,10,o-PO4,0.01,mg/L as PO4,0.00326,FALSE,FALSE,0.01
"CA-BC Okanagan Basin Agreement 1974, Tech. Supplement V",C-1,Kalamalka Lake,2,JUNE,1971-06-19,10,t-PO4,0.01,mg/L as PO4,0.00326,FALSE,FALSE,0.01
"CA-BC Okanagan Basin Agreement 1974, Tech. Supplement V",C-1,Kalamalka Lake,2,JUNE,1971-06-19,10,SiO2,9.9,mg/L,,FALSE,FALSE,9.9
"CA-BC Okanagan Basin Agreement 1974, Tech. Supplement V",C-1,Kalamalka Lake,2,JUNE,1971-06-19,25,NO3,0.01,mg/L,,TRUE,FALSE,<0.01
"CA-BC Okanagan Basin Agreement 1974, Tech. Supplement V",C-1,Kalamalka Lake,2,JUNE,1971-06-19,25,TKN,0.82,mg/L,,FALSE,FALSE,0.82
"CA-BC Okanagan Basin Agreement 1974, Tech. Supplement V",C-1,Kalamalka Lake,2,JUNE,1971-06-19,25,o-PO4,0.01,mg/L as PO4,0.00326,TRUE,FALSE,<0.01
"CA-BC Okanagan Basin Agreement 1974, Tech. Supplement V",C-1,Kalamalka Lake,2,JUNE,1971-06-19,25,t-PO4,0.02,mg/L as PO4,0.00652,FALSE,FALSE,0.02
"CA-BC Okanagan Basin Agreement 1974, Tech. Supplement V",C-1,Kalamalka Lake,2,JUNE,1971-06-19,25,SiO2,10.3,mg/L,,FALSE,FALSE,10.3
"CA-BC Okanagan Basin Agreement 1974, Tech. Supplement V",C-1,Kalamalka Lake,2,JUNE,1971-06-19,50,NO3,0.02,mg/L,,FALSE,FALSE,0.02
"CA-BC Okanagan Basin Agreement 1974, Tech. Supplement V",C-1,Kalamalka Lake,2,JUNE,1971-06-19,50,TKN,0.16,mg/L,,FALSE,FALSE,0.16
"CA-BC Okanagan Basin Agreement 1974, Tech. Supplement V",C-1,Kalamalka Lake,2,JUNE,1971-06-19,50,o-PO4,0.01,mg/L as PO4,0.00326,FALSE,FALSE,0.01
"CA-BC Okanagan Basin Agreement 1974, Tech. Supplement V",C-1,Kalamalka Lake,2,JUNE,1971-06-19,50,t-PO4,0.01,mg/L as PO4,0.00326,FALSE,FALSE,0.01
"CA-BC Okanagan Basin Agreement 1974, Tech. Supplement V",C-1,Kalamalka Lake,2,JUNE,1971-06-19,50,SiO2,10.7,mg/L,,FALSE,FALSE,10.7
"CA-BC Okanagan Basin Agreement 1974, Tech. Supplement V",C-1,Kalamalka Lake,2,JUNE,1971-06-19,60,NO3,0.02,mg/L,,FALSE,FALSE,0.02
"CA-BC Okanagan Basin Agreement 1974, Tech. Supplement V",C-1,Kalamalka Lake,2,JUNE,1971-06-19,60,TKN,0.11,mg/L,,FALSE,FALSE,0.11
"CA-BC Okanagan Basin Agreement 1974, Tech. Supplement V",C-1,Kalamalka Lake,2,JUNE,1971-06-19,60,o-PO4,0.01,mg/L as PO4,0.00326,TRUE,FALSE,<0.01
"CA-BC Okanagan Basin Agreement 1974, Tech. Supplement V",C-1,Kalamalka Lake,2,JUNE,1971-06-19,60,t-PO4,0.01,mg/L as PO4,0.00326,FALSE,FALSE,0.01
"CA-BC Okanagan Basin Agreement 1974, Tech. Supplement V",C-1,Kalamalka Lake,2,JUNE,1971-06-19,60,SiO2,10.7,mg/L,,FALSE,FALSE,10.7
"CA-BC Okanagan Basin Agreement 1974, Tech. Supplement V",C-1,Kalamalka Lake,2,AUGUST,1971-08-19,1,NO3,0.01,mg/L,,TRUE,FALSE,<0.01
"CA-BC Okanagan Basin Agreement 1974, Tech. Supplement V",C-1,Kalamalka Lake,2,AUGUST,1971-08-19,1,TKN,0.01,mg/L,,TRUE,FALSE,<0.01
"CA-BC Okanagan Basin Agreement 1974, Tech. Supplement V",C-1,Kalamalka Lake,2,AUGUST,1971-08-19,1,o-PO4,0.01,mg/L as PO4,0.00326,TRUE,FALSE,<0.01
"CA-BC Okanagan Basin Agreement 1974, Tech. Supplement V",C-1,Kalamalka Lake,2,AUGUST,1971-08-19,1,t-PO4,0.01,mg/L as PO4,0.00326,FALSE,FALSE,0.01
"CA-BC Okanagan Basin Agreement 1974, Tech. Supplement V",C-1,Kalamalka Lake,2,AUGUST,1971-08-19,1,SiO2,10.0,mg/L,,FALSE,FALSE,10.0
"CA-BC Okanagan Basin Agreement 1974, Tech. Supplement V",C-1,Kalamalka Lake,2,AUGUST,1971-08-19,5,NO3,0.01,mg/L,,TRUE,FALSE,<0.01
"CA-BC Okanagan Basin Agreement 1974, Tech. Supplement V",C-1,Kalamalka Lake,2,AUGUST,1971-08-19,5,TKN,0.08,mg/L,,FALSE,FALSE,0.08
"CA-BC Okanagan Basin Agreement 1974, Tech. Supplement V",C-1,Kalamalka Lake,2,AUGUST,1971-08-19,5,o-PO4,0.01,mg/L as PO4,0.00326,TRUE,FALSE,<0.01
"CA-BC Okanagan Basin Agreement 1974, Tech. Supplement V",C-1,Kalamalka Lake,2,AUGUST,1971-08-19,5,t-PO4,0.01,mg/L as PO4,0.00326,FALSE,FALSE,0.01
"CA-BC Okanagan Basin Agreement 1974, Tech. Supplement V",C-1,Kalamalka Lake,2,AUGUST,1971-08-19,5,SiO2,10.0,mg/L,,FALSE,FALSE,10.0
"CA-BC Okanagan Basin Agreement 1974, Tech. Supplement V",C-1,Kalamalka Lake,2,AUGUST,1971-08-19,15,NO3,0.01,mg/L,,TRUE,FALSE,<0.01
"CA-BC Okanagan Basin Agreement 1974, Tech. Supplement V",C-1,Kalamalka Lake,2,AUGUST,1971-08-19,15,TKN,0.1,mg/L,,FALSE,FALSE,0.10
"CA-BC Okanagan Basin Agreement 1974, Tech. Supplement V",C-1,Kalamalka Lake,2,AUGUST,1971-08-19,15,o-PO4,0.01,mg/L as PO4,0.00326,TRUE,FALSE,<0.01
"CA-BC Okanagan Basin Agreement 1974, Tech. Supplement V",C-1,Kalamalka Lake,2,AUGUST,1971-08-19,15,t-PO4,0.02,mg/L as PO4,0.00652,FALSE,FALSE,0.02
"CA-BC Okanagan Basin Agreement 1974, Tech. Supplement V",C-1,Kalamalka Lake,2,AUGUST,1971-08-19,15,SiO2,9.9,mg/L,,FALSE,FALSE,9.9
"CA-BC Okanagan Basin Agreement 1974, Tech. Supplement V",C-1,Kalamalka Lake,2,AUGUST,1971-08-19,20,NO3,0.01,mg/L,,FALSE,FALSE,0.01
"CA-BC Okanagan Basin Agreement 1974, Tech. Supplement V",C-1,Kalamalka Lake,2,AUGUST,1971-08-19,20,TKN,0.02,mg/L,,FALSE,FALSE,0.02
"CA-BC Okanagan Basin Agreement 1974, Tech. Supplement V",C-1,Kalamalka Lake,2,AUGUST,1971-08-19,20,o-PO4,0.01,mg/L as PO4,0.00326,TRUE,FALSE,<0.01
"CA-BC Okanagan Basin Agreement 1974, Tech. Supplement V",C-1,Kalamalka Lake,2,AUGUST,1971-08-19,20,t-PO4,0.03,mg/L as PO4,0.00978,FALSE,FALSE,0.03
"CA-BC Okanagan Basin Agreement 1974, Tech. Supplement V",C-1,Kalamalka Lake,2,AUGUST,1971-08-19,20,SiO2,10.1,mg/L,,FALSE,FALSE,10.1
"CA-BC Okanagan Basin Agreement 1974, Tech. Supplement V",C-1,Kalamalka Lake,2,AUGUST,1971-08-19,40,NO3,0.02,mg/L,,FALSE,FALSE,0.02
"CA-BC Okanagan Basin Agreement 1974, Tech. Supplement V",C-1,Kalamalka Lake,2,AUGUST,1971-08-19,40,TKN,0.01,mg/L,,TRUE,FALSE,<0.01
"CA-BC Okanagan Basin Agreement 1974, Tech. Supplement V",C-1,Kalamalka Lake,2,AUGUST,1971-08-19,40,o-PO4,0.01,mg/L as PO4,0.00326,TRUE,FALSE,<0.01
"CA-BC Okanagan Basin Agreement 1974, Tech. Supplement V",C-1,Kalamalka Lake,2,AUGUST,1971-08-19,40,t-PO4,,mg/L as PO4,,FALSE,TRUE,ND
"CA-BC Okanagan Basin Agreement 1974, Tech. Supplement V",C-1,Kalamalka Lake,2,AUGUST,1971-08-19,40,SiO2,10.4,mg/L,,FALSE,FALSE,10.4
"CA-BC Okanagan Basin Agreement 1974, Tech. Supplement V",C-1,Kalamalka Lake,2,AUGUST,1971-08-19,50,NO3,0.03,mg/L,,FALSE,FALSE,0.03
"CA-BC Okanagan Basin Agreement 1974, Tech. Supplement V",C-1,Kalamalka Lake,2,AUGUST,1971-08-19,50,TKN,0.01,mg/L,,TRUE,FALSE,<0.01
"CA-BC Okanagan Basin Agreement 1974, Tech. Supplement V",C-1,Kalamalka Lake,2,AUGUST,1971-08-19,50,o-PO4,0.01,mg/L as PO4,0.00326,TRUE,FALSE,<0.01
"CA-BC Okanagan Basin Agreement 1974, Tech. Supplement V",C-1,Kalamalka Lake,2,AUGUST,1971-08-19,50,t-PO4,,mg/L as PO4,,FALSE,TRUE,ND
"CA-BC Okanagan Basin Agreement 1974, Tech. Supplement V",C-1,Kalamalka Lake,2,AUGUST,1971-08-19,50,SiO2,10.7,mg/L,,FALSE,FALSE,10.7
"CA-BC Okanagan Basin Agreement 1974, Tech. Supplement V",C-1,Kalamalka Lake,2,OCTOBER,1971-10-19,1,NO3,0.01,mg/L,,TRUE,FALSE,<0.01
"CA-BC Okanagan Basin Agreement 1974, Tech. Supplement V",C-1,Kalamalka Lake,2,OCTOBER,1971-10-19,1,TKN,0.01,mg/L,,TRUE,FALSE,<0.01
"CA-BC Okanagan Basin Agreement 1974, Tech. Supplement V",C-1,Kalamalka Lake,2,OCTOBER,1971-10-19,1,o-PO4,0.005,mg/L as PO4,0.00163,TRUE,FALSE,<0.005
"CA-BC Okanagan Basin Agreement 1974, Tech. Supplement V",C-1,Kalamalka Lake,2,OCTOBER,1971-10-19,1,t-PO4,0.005,mg/L as PO4,0.00163,FALSE,FALSE,0.005
"CA-BC Okanagan Basin Agreement 1974, Tech. Supplement V",C-1,Kalamalka Lake,2,OCTOBER,1971-10-19,1,SiO2,10.3,mg/L,,FALSE,FALSE,10.3
"CA-BC Okanagan Basin Agreement 1974, Tech. Supplement V",C-1,Kalamalka Lake,2,OCTOBER,1971-10-19,15,NO3,0.01,mg/L,,TRUE,FALSE,<0.01
"CA-BC Okanagan Basin Agreement 1974, Tech. Supplement V",C-1,Kalamalka Lake,2,OCTOBER,1971-10-19,15,TKN,0.1,mg/L,,FALSE,FALSE,0.10
"CA-BC Okanagan Basin Agreement 1974, Tech. Supplement V",C-1,Kalamalka Lake,2,OCTOBER,1971-10-19,15,o-PO4,0.005,mg/L as PO4,0.00163,TRUE,FALSE,<0.005
"CA-BC Okanagan Basin Agreement 1974, Tech. Supplement V",C-1,Kalamalka Lake,2,OCTOBER,1971-10-19,15,t-PO4,0.005,mg/L as PO4,0.00163,FALSE,FALSE,0.005
"CA-BC Okanagan Basin Agreement 1974, Tech. Supplement V",C-1,Kalamalka Lake,2,OCTOBER,1971-10-19,15,SiO2,10.3,mg/L,,FALSE,FALSE,10.3
"CA-BC Okanagan Basin Agreement 1974, Tech. Supplement V",C-1,Kalamalka Lake,2,OCTOBER,1971-10-19,20,NO3,0.01,mg/L,,TRUE,FALSE,<0.01
"CA-BC Okanagan Basin Agreement 1974, Tech. Supplement V",C-1,Kalamalka Lake,2,OCTOBER,1971-10-19,20,TKN,0.23,mg/L,,FALSE,FALSE,0.23
"CA-BC Okanagan Basin Agreement 1974, Tech. Supplement V",C-1,Kalamalka Lake,2,OCTOBER,1971-10-19,20,o-PO4,0.005,mg/L as PO4,0.00163,TRUE,FALSE,<0.005
"CA-BC Okanagan Basin Agreement 1974, Tech. Supplement V",C-1,Kalamalka Lake,2,OCTOBER,1971-10-19,20,t-PO4,0.005,mg/L as PO4,0.00163,FALSE,FALSE,0.005
"CA-BC Okanagan Basin Agreement 1974, Tech. Supplement V",C-1,Kalamalka Lake,2,OCTOBER,1971-10-19,20,SiO2,10.3,mg/L,,FALSE,FALSE,10.3
"CA-BC Okanagan Basin Agreement 1974, Tech. Supplement V",C-1,Kalamalka Lake,2,OCTOBER,1971-10-19,30,NO3,0.03,mg/L,,FALSE,FALSE,0.03
"CA-BC Okanagan Basin Agreement 1974, Tech. Supplement V",C-1,Kalamalka Lake,2,OCTOBER,1971-10-19,30,TKN,0.16,mg/L,,FALSE,FALSE,0.16
"CA-BC Okanagan Basin Agreement 1974, Tech. Supplement V",C-1,Kalamalka Lake,2,OCTOBER,1971-10-19,30,o-PO4,0.005,mg/L as PO4,0.00163,TRUE,FALSE,<0.005
"CA-BC Okanagan Basin Agreement 1974, Tech. Supplement V",C-1,Kalamalka Lake,2,OCTOBER,1971-10-19,30,t-PO4,0.009,mg/L as PO4,0.00294,FALSE,FALSE,0.009
"CA-BC Okanagan Basin Agreement 1974, Tech. Supplement V",C-1,Kalamalka Lake,2,OCTOBER,1971-10-19,30,SiO2,10.8,mg/L,,FALSE,FALSE,10.8
"CA-BC Okanagan Basin Agreement 1974, Tech. Supplement V",C-1,Kalamalka Lake,2,OCTOBER,1971-10-19,50,NO3,0.02,mg/L,,FALSE,FALSE,0.02
"CA-BC Okanagan Basin Agreement 1974, Tech. Supplement V",C-1,Kalamalka Lake,2,OCTOBER,1971-10-19,50,TKN,0.15,mg/L,,FALSE,FALSE,0.15
"CA-BC Okanagan Basin Agreement 1974, Tech. Supplement V",C-1,Kalamalka Lake,2,OCTOBER,1971-10-19,50,o-PO4,0.005,mg/L as PO4,0.00163,TRUE,FALSE,<0.005
"CA-BC Okanagan Basin Agreement 1974, Tech. Supplement V",C-1,Kalamalka Lake,2,OCTOBER,1971-10-19,50,t-PO4,0.006,mg/L as PO4,0.00196,FALSE,FALSE,0.006
"CA-BC Okanagan Basin Agreement 1974, Tech. Supplement V",C-1,Kalamalka Lake,2,OCTOBER,1971-10-19,50,SiO2,10.8,mg/L,,FALSE,FALSE,10.8
"CA-BC Okanagan Basin Agreement 1974, Tech. Supplement V",C-1,Kalamalka Lake,4,APRIL,1971-04-18,1,NO3,0.02,mg/L,,FALSE,FALSE,0.02
"CA-BC Okanagan Basin Agreement 1974, Tech. Supplement V",C-1,Kalamalka Lake,4,APRIL,1971-04-18,1,TKN,0.28,mg/L,,FALSE,FALSE,0.28
"CA-BC Okanagan Basin Agreement 1974, Tech. Supplement V",C-1,Kalamalka Lake,4,APRIL,1971-04-18,1,o-PO4,0.33,mg/L as PO4,0.10763,FALSE,FALSE,0.33
"CA-BC Okanagan Basin Agreement 1974, Tech. Supplement V",C-1,Kalamalka Lake,4,APRIL,1971-04-18,1,t-PO4,0.37,mg/L as PO4,0.12068,FALSE,FALSE,0.37
"CA-BC Okanagan Basin Agreement 1974, Tech. Supplement V",C-1,Kalamalka Lake,4,APRIL,1971-04-18,1,SiO2,10.8,mg/L,,FALSE,FALSE,10.8
"CA-BC Okanagan Basin Agreement 1974, Tech. Supplement V",C-1,Kalamalka Lake,4,APRIL,1971-04-18,5,NO3,0.02,mg/L,,FALSE,FALSE,0.02
"CA-BC Okanagan Basin Agreement 1974, Tech. Supplement V",C-1,Kalamalka Lake,4,APRIL,1971-04-18,5,TKN,0.33,mg/L,,FALSE,FALSE,0.33
"CA-BC Okanagan Basin Agreement 1974, Tech. Supplement V",C-1,Kalamalka Lake,4,APRIL,1971-04-18,5,o-PO4,0.03,mg/L as PO4,0.00978,FALSE,FALSE,0.03
"CA-BC Okanagan Basin Agreement 1974, Tech. Supplement V",C-1,Kalamalka Lake,4,APRIL,1971-04-18,5,t-PO4,0.04,mg/L as PO4,0.01305,FALSE,FALSE,0.04
"CA-BC Okanagan Basin Agreement 1974, Tech. Supplement V",C-1,Kalamalka Lake,4,APRIL,1971-04-18,5,SiO2,10.4,mg/L,,FALSE,FALSE,10.4
"CA-BC Okanagan Basin Agreement 1974, Tech. Supplement V",C-1,Kalamalka Lake,4,APRIL,1971-04-18,10,NO3,0.02,mg/L,,FALSE,FALSE,0.02
"CA-BC Okanagan Basin Agreement 1974, Tech. Supplement V",C-1,Kalamalka Lake,4,APRIL,1971-04-18,10,TKN,0.01,mg/L,,TRUE,FALSE,<0.01
"CA-BC Okanagan Basin Agreement 1974, Tech. Supplement V",C-1,Kalamalka Lake,4,APRIL,1971-04-18,10,o-PO4,0.01,mg/L as PO4,0.00326,FALSE,FALSE,0.01
"CA-BC Okanagan Basin Agreement 1974, Tech. Supplement V",C-1,Kalamalka Lake,4,APRIL,1971-04-18,10,t-PO4,0.01,mg/L as PO4,0.00326,FALSE,FALSE,0.01
"CA-BC Okanagan Basin Agreement 1974, Tech. Supplement V",C-1,Kalamalka Lake,4,APRIL,1971-04-18,10,SiO2,10.4,mg/L,,FALSE,FALSE,10.4
"CA-BC Okanagan Basin Agreement 1974, Tech. Supplement V",C-1,Kalamalka Lake,4,APRIL,1971-04-18,25,NO3,0.02,mg/L,,FALSE,FALSE,0.02
"CA-BC Okanagan Basin Agreement 1974, Tech. Supplement V",C-1,Kalamalka Lake,4,APRIL,1971-04-18,25,TKN,0.23,mg/L,,FALSE,FALSE,0.23
"CA-BC Okanagan Basin Agreement 1974, Tech. Supplement V",C-1,Kalamalka Lake,4,APRIL,1971-04-18,25,o-PO4,0.02,mg/L as PO4,0.00652,FALSE,FALSE,0.02
"CA-BC Okanagan Basin Agreement 1974, Tech. Supplement V",C-1,Kalamalka Lake,4,APRIL,1971-04-18,25,t-PO4,0.03,mg/L as PO4,0.00978,FALSE,FALSE,0.03
"CA-BC Okanagan Basin Agreement 1974, Tech. Supplement V",C-1,Kalamalka Lake,4,APRIL,1971-04-18,25,SiO2,10.5,mg/L,,FALSE,FALSE,10.5
"CA-BC Okanagan Basin Agreement 1974, Tech. Supplement V",C-1,Kalamalka Lake,4,APRIL,1971-04-18,50,NO3,0.02,mg/L,,FALSE,FALSE,0.02
"CA-BC Okanagan Basin Agreement 1974, Tech. Supplement V",C-1,Kalamalka Lake,4,APRIL,1971-04-18,50,TKN,0.25,mg/L,,FALSE,FALSE,0.25
"CA-BC Okanagan Basin Agreement 1974, Tech. Supplement V",C-1,Kalamalka Lake,4,APRIL,1971-04-18,50,o-PO4,0.01,mg/L as PO4,0.00326,FALSE,FALSE,0.01
"CA-BC Okanagan Basin Agreement 1974, Tech. Supplement V",C-1,Kalamalka Lake,4,APRIL,1971-04-18,50,t-PO4,0.03,mg/L as PO4,0.00978,FALSE,FALSE,0.03
"CA-BC Okanagan Basin Agreement 1974, Tech. Supplement V",C-1,Kalamalka Lake,4,APRIL,1971-04-18,50,SiO2,10.4,mg/L,,FALSE,FALSE,10.4
"CA-BC Okanagan Basin Agreement 1974, Tech. Supplement V",C-1,Kalamalka Lake,4,APRIL,1971-04-18,78,NO3,0.03,mg/L,,FALSE,FALSE,0.03
"CA-BC Okanagan Basin Agreement 1974, Tech. Supplement V",C-1,Kalamalka Lake,4,APRIL,1971-04-18,78,TKN,0.2,mg/L,,FALSE,FALSE,0.20
"CA-BC Okanagan Basin Agreement 1974, Tech. Supplement V",C-1,Kalamalka Lake,4,APRIL,1971-04-18,78,o-PO4,0.01,mg/L as PO4,0.00326,FALSE,FALSE,0.01
"CA-BC Okanagan Basin Agreement 1974, Tech. Supplement V",C-1,Kalamalka Lake,4,APRIL,1971-04-18,78,t-PO4,0.03,mg/L as PO4,0.00978,FALSE,FALSE,0.03
"CA-BC Okanagan Basin Agreement 1974, Tech. Supplement V",C-1,Kalamalka Lake,4,APRIL,1971-04-18,78,SiO2,10.6,mg/L,,FALSE,FALSE,10.6
"CA-BC Okanagan Basin Agreement 1974, Tech. Supplement V",C-1,Kalamalka Lake,4,JUNE,1971-06-19,1,NO3,0.01,mg/L,,TRUE,FALSE,<0.01
"CA-BC Okanagan Basin Agreement 1974, Tech. Supplement V",C-1,Kalamalka Lake,4,JUNE,1971-06-19,1,TKN,0.18,mg/L,,FALSE,FALSE,0.18
"CA-BC Okanagan Basin Agreement 1974, Tech. Supplement V",C-1,Kalamalka Lake,4,JUNE,1971-06-19,1,o-PO4,0.09,mg/L as PO4,0.02935,FALSE,FALSE,0.09
"CA-BC Okanagan Basin Agreement 1974, Tech. Supplement V",C-1,Kalamalka Lake,4,JUNE,1971-06-19,1,t-PO4,0.1,mg/L as PO4,0.03262,FALSE,FALSE,0.10
"CA-BC Okanagan Basin Agreement 1974, Tech. Supplement V",C-1,Kalamalka Lake,4,JUNE,1971-06-19,1,SiO2,10.7,mg/L,,FALSE,FALSE,10.7
"CA-BC Okanagan Basin Agreement 1974, Tech. Supplement V",C-1,Kalamalka Lake,4,JUNE,1971-06-19,5,NO3,0.01,mg/L,,TRUE,FALSE,<0.01
"CA-BC Okanagan Basin Agreement 1974, Tech. Supplement V",C-1,Kalamalka Lake,4,JUNE,1971-06-19,5,TKN,0.18,mg/L,,FALSE,FALSE,0.18
"CA-BC Okanagan Basin Agreement 1974, Tech. Supplement V",C-1,Kalamalka Lake,4,JUNE,1971-06-19,5,o-PO4,0.01,mg/L as PO4,0.00326,FALSE,FALSE,0.01
"CA-BC Okanagan Basin Agreement 1974, Tech. Supplement V",C-1,Kalamalka Lake,4,JUNE,1971-06-19,5,t-PO4,0.04,mg/L as PO4,0.01305,FALSE,FALSE,0.04
"CA-BC Okanagan Basin Agreement 1974, Tech. Supplement V",C-1,Kalamalka Lake,4,JUNE,1971-06-19,5,SiO2,10.0,mg/L,,FALSE,FALSE,10.0
"CA-BC Okanagan Basin Agreement 1974, Tech. Supplement V",C-1,Kalamalka Lake,4,JUNE,1971-06-19,10,NO3,0.01,mg/L,,TRUE,FALSE,<0.01
"CA-BC Okanagan Basin Agreement 1974, Tech. Supplement V",C-1,Kalamalka Lake,4,JUNE,1971-06-19,10,TKN,0.18,mg/L,,FALSE,FALSE,0.18
"CA-BC Okanagan Basin Agreement 1974, Tech. Supplement V",C-1,Kalamalka Lake,4,JUNE,1971-06-19,10,o-PO4,0.01,mg/L as PO4,0.00326,FALSE,FALSE,0.01
"CA-BC Okanagan Basin Agreement 1974, Tech. Supplement V",C-1,Kalamalka Lake,4,JUNE,1971-06-19,10,t-PO4,0.02,mg/L as PO4,0.00652,FALSE,FALSE,0.02
"CA-BC Okanagan Basin Agreement 1974, Tech. Supplement V",C-1,Kalamalka Lake,4,JUNE,1971-06-19,10,SiO2,10.0,mg/L,,FALSE,FALSE,10.0
"CA-BC Okanagan Basin Agreement 1974, Tech. Supplement V",C-1,Kalamalka Lake,4,JUNE,1971-06-19,25,NO3,0.01,mg/L,,TRUE,FALSE,<0.01
"CA-BC Okanagan Basin Agreement 1974, Tech. Supplement V",C-1,Kalamalka Lake,4,JUNE,1971-06-19,25,TKN,0.07,mg/L,,FALSE,FALSE,0.07
"CA-BC Okanagan Basin Agreement 1974, Tech. Supplement V",C-1,Kalamalka Lake,4,JUNE,1971-06-19,25,o-PO4,0.01,mg/L as PO4,0.00326,TRUE,FALSE,<0.01
"CA-BC Okanagan Basin Agreement 1974, Tech. Supplement V",C-1,Kalamalka Lake,4,JUNE,1971-06-19,25,t-PO4,0.02,mg/L as PO4,0.00652,FALSE,FALSE,0.02
"CA-BC Okanagan Basin Agreement 1974, Tech. Supplement V",C-1,Kalamalka Lake,4,JUNE,1971-06-19,25,SiO2,10.3,mg/L,,FALSE,FALSE,10.3
"CA-BC Okanagan Basin Agreement 1974, Tech. Supplement V",C-1,Kalamalka Lake,4,JUNE,1971-06-19,50,NO3,0.01,mg/L,,FALSE,FALSE,0.01
"CA-BC Okanagan Basin Agreement 1974, Tech. Supplement V",C-1,Kalamalka Lake,4,JUNE,1971-06-19,50,TKN,0.16,mg/L,,FALSE,FALSE,0.16
"CA-BC Okanagan Basin Agreement 1974, Tech. Supplement V",C-1,Kalamalka Lake,4,JUNE,1971-06-19,50,o-PO4,0.01,mg/L as PO4,0.00326,TRUE,FALSE,<0.01
"CA-BC Okanagan Basin Agreement 1974, Tech. Supplement V",C-1,Kalamalka Lake,4,JUNE,1971-06-19,50,t-PO4,0.01,mg/L as PO4,0.00326,FALSE,FALSE,0.01
"CA-BC Okanagan Basin Agreement 1974, Tech. Supplement V",C-1,Kalamalka Lake,4,JUNE,1971-06-19,50,SiO2,10.6,mg/L,,FALSE,FALSE,10.6
"CA-BC Okanagan Basin Agreement 1974, Tech. Supplement V",C-1,Kalamalka Lake,4,JUNE,1971-06-19,100,NO3,0.02,mg/L,,FALSE,FALSE,0.02
"CA-BC Okanagan Basin Agreement 1974, Tech. Supplement V",C-1,Kalamalka Lake,4,JUNE,1971-06-19,100,TKN,0.23,mg/L,,FALSE,FALSE,0.23
"CA-BC Okanagan Basin Agreement 1974, Tech. Supplement V",C-1,Kalamalka Lake,4,JUNE,1971-06-19,100,o-PO4,0.01,mg/L as PO4,0.00326,TRUE,FALSE,<0.01
"CA-BC Okanagan Basin Agreement 1974, Tech. Supplement V",C-1,Kalamalka Lake,4,JUNE,1971-06-19,100,t-PO4,0.01,mg/L as PO4,0.00326,FALSE,FALSE,0.01
"CA-BC Okanagan Basin Agreement 1974, Tech. Supplement V",C-1,Kalamalka Lake,4,JUNE,1971-06-19,100,SiO2,10.7,mg/L,,FALSE,FALSE,10.7
"CA-BC Okanagan Basin Agreement 1974, Tech. Supplement V",C-1,Kalamalka Lake,4,AUGUST,1971-08-19,1,NO3,0.01,mg/L,,TRUE,FALSE,<0.01
"CA-BC Okanagan Basin Agreement 1974, Tech. Supplement V",C-1,Kalamalka Lake,4,AUGUST,1971-08-19,1,TKN,0.01,mg/L,,TRUE,FALSE,<0.01
"CA-BC Okanagan Basin Agreement 1974, Tech. Supplement V",C-1,Kalamalka Lake,4,AUGUST,1971-08-19,1,o-PO4,0.01,mg/L as PO4,0.00326,TRUE,FALSE,<0.01
"CA-BC Okanagan Basin Agreement 1974, Tech. Supplement V",C-1,Kalamalka Lake,4,AUGUST,1971-08-19,1,t-PO4,0.01,mg/L as PO4,0.00326,FALSE,FALSE,0.01
"CA-BC Okanagan Basin Agreement 1974, Tech. Supplement V",C-1,Kalamalka Lake,4,AUGUST,1971-08-19,1,SiO2,9.9,mg/L,,FALSE,FALSE,9.9
"CA-BC Okanagan Basin Agreement 1974, Tech. Supplement V",C-1,Kalamalka Lake,4,AUGUST,1971-08-19,5,NO3,0.02,mg/L,,FALSE,FALSE,0.02
"CA-BC Okanagan Basin Agreement 1974, Tech. Supplement V",C-1,Kalamalka Lake,4,AUGUST,1971-08-19,5,TKN,0.01,mg/L,,TRUE,FALSE,<0.01
"CA-BC Okanagan Basin Agreement 1974, Tech. Supplement V",C-1,Kalamalka Lake,4,AUGUST,1971-08-19,5,o-PO4,0.01,mg/L as PO4,0.00326,TRUE,FALSE,<0.01
"CA-BC Okanagan Basin Agreement 1974, Tech. Supplement V",C-1,Kalamalka Lake,4,AUGUST,1971-08-19,5,t-PO4,0.01,mg/L as PO4,0.00326,FALSE,FALSE,0.01
"CA-BC Okanagan Basin Agreement 1974, Tech. Supplement V",C-1,Kalamalka Lake,4,AUGUST,1971-08-19,5,SiO2,10.0,mg/L,,FALSE,FALSE,10.0
"CA-BC Okanagan Basin Agreement 1974, Tech. Supplement V",C-1,Kalamalka Lake,4,AUGUST,1971-08-19,10,NO3,0.01,mg/L,,FALSE,FALSE,0.01
"CA-BC Okanagan Basin Agreement 1974, Tech. Supplement V",C-1,Kalamalka Lake,4,AUGUST,1971-08-19,10,TKN,0.15,mg/L,,FALSE,FALSE,0.15
"CA-BC Okanagan Basin Agreement 1974, Tech. Supplement V",C-1,Kalamalka Lake,4,AUGUST,1971-08-19,10,o-PO4,0.01,mg/L as PO4,0.00326,TRUE,FALSE,<0.01
"CA-BC Okanagan Basin Agreement 1974, Tech. Supplement V",C-1,Kalamalka Lake,4,AUGUST,1971-08-19,10,t-PO4,0.01,mg/L as PO4,0.00326,FALSE,FALSE,0.01
"CA-BC Okanagan Basin Agreement 1974, Tech. Supplement V",C-1,Kalamalka Lake,4,AUGUST,1971-08-19,10,SiO2,10.0,mg/L,,FALSE,FALSE,10.0
"CA-BC Okanagan Basin Agreement 1974, Tech. Supplement V",C-1,Kalamalka Lake,4,AUGUST,1971-08-19,25,NO3,0.01,mg/L,,TRUE,FALSE,<0.01
"CA-BC Okanagan Basin Agreement 1974, Tech. Supplement V",C-1,Kalamalka Lake,4,AUGUST,1971-08-19,25,TKN,0.01,mg/L,,TRUE,FALSE,<0.01
"CA-BC Okanagan Basin Agreement 1974, Tech. Supplement V",C-1,Kalamalka Lake,4,AUGUST,1971-08-19,25,o-PO4,0.01,mg/L as PO4,0.00326,TRUE,FALSE,<0.01
"CA-BC Okanagan Basin Agreement 1974, Tech. Supplement V",C-1,Kalamalka Lake,4,AUGUST,1971-08-19,25,t-PO4,0.03,mg/L as PO4,0.00978,FALSE,FALSE,0.03
"CA-BC Okanagan Basin Agreement 1974, Tech. Supplement V",C-1,Kalamalka Lake,4,AUGUST,1971-08-19,25,SiO2,10.1,mg/L,,FALSE,FALSE,10.1
"CA-BC Okanagan Basin Agreement 1974, Tech. Supplement V",C-1,Kalamalka Lake,4,AUGUST,1971-08-19,50,NO3,0.02,mg/L,,FALSE,FALSE,0.02
"CA-BC Okanagan Basin Agreement 1974, Tech. Supplement V",C-1,Kalamalka Lake,4,AUGUST,1971-08-19,50,TKN,0.01,mg/L,,TRUE,FALSE,<0.01
"CA-BC Okanagan Basin Agreement 1974, Tech. Supplement V",C-1,Kalamalka Lake,4,AUGUST,1971-08-19,50,o-PO4,0.01,mg/L as PO4,0.00326,TRUE,FALSE,<0.01
"CA-BC Okanagan Basin Agreement 1974, Tech. Supplement V",C-1,Kalamalka Lake,4,AUGUST,1971-08-19,50,t-PO4,0.01,mg/L as PO4,0.00326,FALSE,FALSE,0.01
"CA-BC Okanagan Basin Agreement 1974, Tech. Supplement V",C-1,Kalamalka Lake,4,AUGUST,1971-08-19,50,SiO2,,mg/L,,FALSE,FALSE,.0.4
"CA-BC Okanagan Basin Agreement 1974, Tech. Supplement V",C-1,Kalamalka Lake,4,AUGUST,1971-08-19,90,NO3,0.04,mg/L,,FALSE,FALSE,0.04
"CA-BC Okanagan Basin Agreement 1974, Tech. Supplement V",C-1,Kalamalka Lake,4,AUGUST,1971-08-19,90,TKN,0.01,mg/L,,TRUE,FALSE,<0.01
"CA-BC Okanagan Basin Agreement 1974, Tech. Supplement V",C-1,Kalamalka Lake,4,AUGUST,1971-08-19,90,o-PO4,0.01,mg/L as PO4,0.00326,TRUE,FALSE,<0.01
"CA-BC Okanagan Basin Agreement 1974, Tech. Supplement V",C-1,Kalamalka Lake,4,AUGUST,1971-08-19,90,t-PO4,0.01,mg/L as PO4,0.00326,FALSE,FALSE,0.01
"CA-BC Okanagan Basin Agreement 1974, Tech. Supplement V",C-1,Kalamalka Lake,4,AUGUST,1971-08-19,90,SiO2,10.8,mg/L,,FALSE,FALSE,10.8
"CA-BC Okanagan Basin Agreement 1974, Tech. Supplement V",C-1,Kalamalka Lake,4,OCTOBER,1971-10-19,1,NO3,0.01,mg/L,,TRUE,FALSE,<0.01
"CA-BC Okanagan Basin Agreement 1974, Tech. Supplement V",C-1,Kalamalka Lake,4,OCTOBER,1971-10-19,1,TKN,0.1,mg/L,,FALSE,FALSE,0.10
"CA-BC Okanagan Basin Agreement 1974, Tech. Supplement V",C-1,Kalamalka Lake,4,OCTOBER,1971-10-19,1,o-PO4,0.005,mg/L as PO4,0.00163,TRUE,FALSE,<0.005
"CA-BC Okanagan Basin Agreement 1974, Tech. Supplement V",C-1,Kalamalka Lake,4,OCTOBER,1971-10-19,1,t-PO4,0.008,mg/L as PO4,0.00261,FALSE,FALSE,0.008
"CA-BC Okanagan Basin Agreement 1974, Tech. Supplement V",C-1,Kalamalka Lake,4,OCTOBER,1971-10-19,1,SiO2,10.6,mg/L,,FALSE,FALSE,10.6
"CA-BC Okanagan Basin Agreement 1974, Tech. Supplement V",C-1,Kalamalka Lake,4,OCTOBER,1971-10-19,5,NO3,0.01,mg/L,,TRUE,FALSE,<0.01
"CA-BC Okanagan Basin Agreement 1974, Tech. Supplement V",C-1,Kalamalka Lake,4,OCTOBER,1971-10-19,5,TKN,0.02,mg/L,,FALSE,FALSE,0.02
"CA-BC Okanagan Basin Agreement 1974, Tech. Supplement V",C-1,Kalamalka Lake,4,OCTOBER,1971-10-19,5,o-PO4,0.005,mg/L as PO4,0.00163,TRUE,FALSE,<0.005
"CA-BC Okanagan Basin Agreement 1974, Tech. Supplement V",C-1,Kalamalka Lake,4,OCTOBER,1971-10-19,5,t-PO4,0.01,mg/L as PO4,0.00326,FALSE,FALSE,0.01
"CA-BC Okanagan Basin Agreement 1974, Tech. Supplement V",C-1,Kalamalka Lake,4,OCTOBER,1971-10-19,5,SiO2,10.0,mg/L,,FALSE,FALSE,10.0
"CA-BC Okanagan Basin Agreement 1974, Tech. Supplement V",C-1,Kalamalka Lake,4,OCTOBER,1971-10-19,10,NO3,0.01,mg/L,,TRUE,FALSE,<0.01
"CA-BC Okanagan Basin Agreement 1974, Tech. Supplement V",C-1,Kalamalka Lake,4,OCTOBER,1971-10-19,10,TKN,0.13,mg/L,,FALSE,FALSE,0.13
"CA-BC Okanagan Basin Agreement 1974, Tech. Supplement V",C-1,Kalamalka Lake,4,OCTOBER,1971-10-19,10,o-PO4,0.005,mg/L as PO4,0.00163,TRUE,FALSE,<0.005
"CA-BC Okanagan Basin Agreement 1974, Tech. Supplement V",C-1,Kalamalka Lake,4,OCTOBER,1971-10-19,10,t-PO4,0.005,mg/L as PO4,0.00163,TRUE,FALSE,<0.005
"CA-BC Okanagan Basin Agreement 1974, Tech. Supplement V",C-1,Kalamalka Lake,4,OCTOBER,1971-10-19,10,SiO2,10.1,mg/L,,FALSE,FALSE,10.1
"CA-BC Okanagan Basin Agreement 1974, Tech. Supplement V",C-1,Kalamalka Lake,4,OCTOBER,1971-10-19,25,NO3,0.01,mg/L,,TRUE,FALSE,<0.01
"CA-BC Okanagan Basin Agreement 1974, Tech. Supplement V",C-1,Kalamalka Lake,4,OCTOBER,1971-10-19,25,TKN,0.05,mg/L,,FALSE,FALSE,0.05
"CA-BC Okanagan Basin Agreement 1974, Tech. Supplement V",C-1,Kalamalka Lake,4,OCTOBER,1971-10-19,25,o-PO4,0.005,mg/L as PO4,0.00163,TRUE,FALSE,<0.005
"CA-BC Okanagan Basin Agreement 1974, Tech. Supplement V",C-1,Kalamalka Lake,4,OCTOBER,1971-10-19,25,t-PO4,0.01,mg/L as PO4,0.00326,FALSE,FALSE,0.01
"CA-BC Okanagan Basin Agreement 1974, Tech. Supplement V",C-1,Kalamalka Lake,4,OCTOBER,1971-10-19,25,SiO2,10.1,mg/L,,FALSE,FALSE,10.1
"CA-BC Okanagan Basin Agreement 1974, Tech. Supplement V",C-1,Kalamalka Lake,4,OCTOBER,1971-10-19,50,NO3,0.02,mg/L,,FALSE,FALSE,0.02
"CA-BC Okanagan Basin Agreement 1974, Tech. Supplement V",C-1,Kalamalka Lake,4,OCTOBER,1971-10-19,50,TKN,9.11,mg/L,,FALSE,FALSE,9.11
"CA-BC Okanagan Basin Agreement 1974, Tech. Supplement V",C-1,Kalamalka Lake,4,OCTOBER,1971-10-19,50,o-PO4,0.005,mg/L as PO4,0.00163,TRUE,FALSE,<0.005
"CA-BC Okanagan Basin Agreement 1974, Tech. Supplement V",C-1,Kalamalka Lake,4,OCTOBER,1971-10-19,50,t-PO4,0.01,mg/L as PO4,0.00326,FALSE,FALSE,0.01
"CA-BC Okanagan Basin Agreement 1974, Tech. Supplement V",C-1,Kalamalka Lake,4,OCTOBER,1971-10-19,50,SiO2,10.6,mg/L,,FALSE,FALSE,10.6
"CA-BC Okanagan Basin Agreement 1974, Tech. Supplement V",C-1,Kalamalka Lake,4,OCTOBER,1971-10-19,100,NO3,0.05,mg/L,,FALSE,FALSE,0.05
"CA-BC Okanagan Basin Agreement 1974, Tech. Supplement V",C-1,Kalamalka Lake,4,OCTOBER,1971-10-19,100,TKN,0.23,mg/L,,FALSE,FALSE,0.23
"CA-BC Okanagan Basin Agreement 1974, Tech. Supplement V",C-1,Kalamalka Lake,4,OCTOBER,1971-10-19,100,o-PO4,0.005,mg/L as PO4,0.00163,TRUE,FALSE,<0.005
"CA-BC Okanagan Basin Agreement 1974, Tech. Supplement V",C-1,Kalamalka Lake,4,OCTOBER,1971-10-19,100,t-PO4,0.01,mg/L as PO4,0.00326,FALSE,FALSE,0.01
"CA-BC Okanagan Basin Agreement 1974, Tech. Supplement V",C-1,Kalamalka Lake,4,OCTOBER,1971-10-19,100,SiO2,10.8,mg/L,,FALSE,FALSE,10.8
"CA-BC Okanagan Basin Agreement 1974, Tech. Supplement V",C-1,Osoyoos Lake,1,APRIL,,1,NO3,0.01,mg/L,,FALSE,FALSE,0.01
"CA-BC Okanagan Basin Agreement 1974, Tech. Supplement V",C-1,Osoyoos Lake,1,APRIL,,1,TKN,0.24,mg/L,,FALSE,FALSE,0.24
"CA-BC Okanagan Basin Agreement 1974, Tech. Supplement V",C-1,Osoyoos Lake,1,APRIL,,1,o-PO4,0.01,mg/L as PO4,0.00326,FALSE,FALSE,0.01
"CA-BC Okanagan Basin Agreement 1974, Tech. Supplement V",C-1,Osoyoos Lake,1,APRIL,,1,t-PO4,0.05,mg/L as PO4,0.01631,FALSE,FALSE,0.05
"CA-BC Okanagan Basin Agreement 1974, Tech. Supplement V",C-1,Osoyoos Lake,1,APRIL,,1,SiO2,2.2,mg/L,,FALSE,FALSE,2.2
"CA-BC Okanagan Basin Agreement 1974, Tech. Supplement V",C-1,Osoyoos Lake,1,APRIL,,5,NO3,0.01,mg/L,,TRUE,FALSE,<0.01
"CA-BC Okanagan Basin Agreement 1974, Tech. Supplement V",C-1,Osoyoos Lake,1,APRIL,,5,TKN,0.24,mg/L,,FALSE,FALSE,0.24
"CA-BC Okanagan Basin Agreement 1974, Tech. Supplement V",C-1,Osoyoos Lake,1,APRIL,,5,o-PO4,0.01,mg/L as PO4,0.00326,FALSE,FALSE,0.01
"CA-BC Okanagan Basin Agreement 1974, Tech. Supplement V",C-1,Osoyoos Lake,1,APRIL,,5,t-PO4,0.06,mg/L as PO4,0.01957,FALSE,FALSE,0.06
"CA-BC Okanagan Basin Agreement 1974, Tech. Supplement V",C-1,Osoyoos Lake,1,APRIL,,5,SiO2,2.0,mg/L,,FALSE,FALSE,2.0
"CA-BC Okanagan Basin Agreement 1974, Tech. Supplement V",C-1,Osoyoos Lake,1,APRIL,,10,NO3,0.01,mg/L,,FALSE,FALSE,0.01
"CA-BC Okanagan Basin Agreement 1974, Tech. Supplement V",C-1,Osoyoos Lake,1,APRIL,,10,TKN,0.23,mg/L,,FALSE,FALSE,0.23
"CA-BC Okanagan Basin Agreement 1974, Tech. Supplement V",C-1,Osoyoos Lake,1,APRIL,,10,o-PO4,0.02,mg/L as PO4,0.00652,FALSE,FALSE,0.02
"CA-BC Okanagan Basin Agreement 1974, Tech. Supplement V",C-1,Osoyoos Lake,1,APRIL,,10,t-PO4,0.05,mg/L as PO4,0.01631,FALSE,FALSE,0.05
"CA-BC Okanagan Basin Agreement 1974, Tech. Supplement V",C-1,Osoyoos Lake,1,APRIL,,10,SiO2,2.1,mg/L,,FALSE,FALSE,2.1
"CA-BC Okanagan Basin Agreement 1974, Tech. Supplement V",C-1,Osoyoos Lake,1,APRIL,,25,NO3,0.03,mg/L,,FALSE,FALSE,0.03
"CA-BC Okanagan Basin Agreement 1974, Tech. Supplement V",C-1,Osoyoos Lake,1,APRIL,,25,TKN,0.28,mg/L,,FALSE,FALSE,0.28
"CA-BC Okanagan Basin Agreement 1974, Tech. Supplement V",C-1,Osoyoos Lake,1,APRIL,,25,o-PO4,0.02,mg/L as PO4,0.00652,FALSE,FALSE,0.02
"CA-BC Okanagan Basin Agreement 1974, Tech. Supplement V",C-1,Osoyoos Lake,1,APRIL,,25,t-PO4,0.05,mg/L as PO4,0.01631,FALSE,FALSE,0.05
"CA-BC Okanagan Basin Agreement 1974, Tech. Supplement V",C-1,Osoyoos Lake,1,APRIL,,25,SiO2,2.3,mg/L,,FALSE,FALSE,2.3
"CA-BC Okanagan Basin Agreement 1974, Tech. Supplement V",C-1,Osoyoos Lake,1,APRIL,,35,NO3,0.03,mg/L,,FALSE,FALSE,0.03
"CA-BC Okanagan Basin Agreement 1974, Tech. Supplement V",C-1,Osoyoos Lake,1,APRIL,,35,TKN,0.29,mg/L,,FALSE,FALSE,0.29
"CA-BC Okanagan Basin Agreement 1974, Tech. Supplement V",C-1,Osoyoos Lake,1,APRIL,,35,o-PO4,0.02,mg/L as PO4,0.00652,FALSE,FALSE,0.02
"CA-BC Okanagan Basin Agreement 1974, Tech. Supplement V",C-1,Osoyoos Lake,1,APRIL,,35,t-PO4,0.06,mg/L as PO4,0.01957,FALSE,FALSE,0.06
"CA-BC Okanagan Basin Agreement 1974, Tech. Supplement V",C-1,Osoyoos Lake,1,APRIL,,35,SiO2,2.6,mg/L,,FALSE,FALSE,2.6
"CA-BC Okanagan Basin Agreement 1974, Tech. Supplement V",C-1,Osoyoos Lake,1,JUNE,,1,NO3,0.01,mg/L,,TRUE,FALSE,<0.01
"CA-BC Okanagan Basin Agreement 1974, Tech. Supplement V",C-1,Osoyoos Lake,1,JUNE,,1,TKN,0.59,mg/L,,FALSE,FALSE,0.59
"CA-BC Okanagan Basin Agreement 1974, Tech. Supplement V",C-1,Osoyoos Lake,1,JUNE,,1,o-PO4,0.01,mg/L as PO4,0.00326,FALSE,FALSE,0.01
"CA-BC Okanagan Basin Agreement 1974, Tech. Supplement V",C-1,Osoyoos Lake,1,JUNE,,1,t-PO4,0.06,mg/L as PO4,0.01957,FALSE,FALSE,0.06
"CA-BC Okanagan Basin Agreement 1974, Tech. Supplement V",C-1,Osoyoos Lake,1,JUNE,,1,SiO2,3.1,mg/L,,FALSE,FALSE,3.1
"CA-BC Okanagan Basin Agreement 1974, Tech. Supplement V",C-1,Osoyoos Lake,1,JUNE,,5,NO3,0.01,mg/L,,TRUE,FALSE,<0.01
"CA-BC Okanagan Basin Agreement 1974, Tech. Supplement V",C-1,Osoyoos Lake,1,JUNE,,5,TKN,0.41,mg/L,,FALSE,FALSE,0.41
"CA-BC Okanagan Basin Agreement 1974, Tech. Supplement V",C-1,Osoyoos Lake,1,JUNE,,5,o-PO4,0.01,mg/L as PO4,0.00326,FALSE,FALSE,0.01
"CA-BC Okanagan Basin Agreement 1974, Tech. Supplement V",C-1,Osoyoos Lake,1,JUNE,,5,t-PO4,0.05,mg/L as PO4,0.01631,FALSE,FALSE,0.05
"CA-BC Okanagan Basin Agreement 1974, Tech. Supplement V",C-1,Osoyoos Lake,1,JUNE,,5,SiO2,3.1,mg/L,,FALSE,FALSE,3.1
"CA-BC Okanagan Basin Agreement 1974, Tech. Supplement V",C-1,Osoyoos Lake,1,JUNE,,10,NO3,0.02,mg/L,,FALSE,FALSE,0.02
"CA-BC Okanagan Basin Agreement 1974, Tech. Supplement V",C-1,Osoyoos Lake,1,JUNE,,10,TKN,0.34,mg/L,,FALSE,FALSE,0.34
"CA-BC Okanagan Basin Agreement 1974, Tech. Supplement V",C-1,Osoyoos Lake,1,JUNE,,10,o-PO4,0.02,mg/L as PO4,0.00652,FALSE,FALSE,0.02
"CA-BC Okanagan Basin Agreement 1974, Tech. Supplement V",C-1,Osoyoos Lake,1,JUNE,,10,t-PO4,0.06,mg/L as PO4,0.01957,FALSE,FALSE,0.06
"CA-BC Okanagan Basin Agreement 1974, Tech. Supplement V",C-1,Osoyoos Lake,1,JUNE,,10,SiO2,3.4,mg/L,,FALSE,FALSE,3.4
"CA-BC Okanagan Basin Agreement 1974, Tech. Supplement V",C-1,Osoyoos Lake,1,JUNE,,15,NO3,0.02,mg/L,,FALSE,FALSE,0.02
"CA-BC Okanagan Basin Agreement 1974, Tech. Supplement V",C-1,Osoyoos Lake,1,JUNE,,15,TKN,0.33,mg/L,,FALSE,FALSE,0.33
"CA-BC Okanagan Basin Agreement 1974, Tech. Supplement V",C-1,Osoyoos Lake,1,JUNE,,15,o-PO4,0.02,mg/L as PO4,0.00652,FALSE,FALSE,0.02
"CA-BC Okanagan Basin Agreement 1974, Tech. Supplement V",C-1,Osoyoos Lake,1,JUNE,,15,t-PO4,0.06,mg/L as PO4,0.01957,FALSE,FALSE,0.06
"CA-BC Okanagan Basin Agreement 1974, Tech. Supplement V",C-1,Osoyoos Lake,1,JUNE,,15,SiO2,3.3,mg/L,,FALSE,FALSE,3.3
"CA-BC Okanagan Basin Agreement 1974, Tech. Supplement V",C-1,Osoyoos Lake,1,JUNE,,20,NO3,0.04,mg/L,,FALSE,FALSE,0.04
"CA-BC Okanagan Basin Agreement 1974, Tech. Supplement V",C-1,Osoyoos Lake,1,JUNE,,20,TKN,0.3,mg/L,,FALSE,FALSE,0.30
"CA-BC Okanagan Basin Agreement 1974, Tech. Supplement V",C-1,Osoyoos Lake,1,JUNE,,20,o-PO4,0.02,mg/L as PO4,0.00652,FALSE,FALSE,0.02
"CA-BC Okanagan Basin Agreement 1974, Tech. Supplement V",C-1,Osoyoos Lake,1,JUNE,,20,t-PO4,0.06,mg/L as PO4,0.01957,FALSE,FALSE,0.06
"CA-BC Okanagan Basin Agreement 1974, Tech. Supplement V",C-1,Osoyoos Lake,1,JUNE,,20,SiO2,3.1,mg/L,,FALSE,FALSE,3.1
"CA-BC Okanagan Basin Agreement 1974, Tech. Supplement V",C-1,Osoyoos Lake,1,JUNE,,25,NO3,0.06,mg/L,,FALSE,FALSE,0.06
"CA-BC Okanagan Basin Agreement 1974, Tech. Supplement V",C-1,Osoyoos Lake,1,JUNE,,25,TKN,0.13,mg/L,,FALSE,FALSE,0.13
"CA-BC Okanagan Basin Agreement 1974, Tech. Supplement V",C-1,Osoyoos Lake,1,JUNE,,25,o-PO4,0.03,mg/L as PO4,0.00978,FALSE,FALSE,0.03
"CA-BC Okanagan Basin Agreement 1974, Tech. Supplement V",C-1,Osoyoos Lake,1,JUNE,,25,t-PO4,0.06,mg/L as PO4,0.01957,FALSE,FALSE,0.06
"CA-BC Okanagan Basin Agreement 1974, Tech. Supplement V",C-1,Osoyoos Lake,1,JUNE,,25,SiO2,2.7,mg/L,,FALSE,FALSE,2.7
"CA-BC Okanagan Basin Agreement 1974, Tech. Supplement V",C-1,Osoyoos Lake,1,JUNE,,30,NO3,0.07,mg/L,,FALSE,FALSE,0.07
"CA-BC Okanagan Basin Agreement 1974, Tech. Supplement V",C-1,Osoyoos Lake,1,JUNE,,30,TKN,0.13,mg/L,,FALSE,FALSE,0.13
"CA-BC Okanagan Basin Agreement 1974, Tech. Supplement V",C-1,Osoyoos Lake,1,JUNE,,30,o-PO4,0.03,mg/L as PO4,0.00978,FALSE,FALSE,0.03
"CA-BC Okanagan Basin Agreement 1974, Tech. Supplement V",C-1,Osoyoos Lake,1,JUNE,,30,t-PO4,0.07,mg/L as PO4,0.02283,FALSE,FALSE,0.07
"CA-BC Okanagan Basin Agreement 1974, Tech. Supplement V",C-1,Osoyoos Lake,1,JUNE,,30,SiO2,2.7,mg/L,,FALSE,FALSE,2.7
"CA-BC Okanagan Basin Agreement 1974, Tech. Supplement V",C-1,Osoyoos Lake,1,JUNE,,36,NO3,0.01,mg/L,,FALSE,FALSE,0.01
"CA-BC Okanagan Basin Agreement 1974, Tech. Supplement V",C-1,Osoyoos Lake,1,JUNE,,36,TKN,0.25,mg/L,,FALSE,FALSE,0.25
"CA-BC Okanagan Basin Agreement 1974, Tech. Supplement V",C-1,Osoyoos Lake,1,JUNE,,36,o-PO4,0.01,mg/L as PO4,0.00326,FALSE,FALSE,0.01
"CA-BC Okanagan Basin Agreement 1974, Tech. Supplement V",C-1,Osoyoos Lake,1,JUNE,,36,t-PO4,0.06,mg/L as PO4,0.01957,FALSE,FALSE,0.06
"CA-BC Okanagan Basin Agreement 1974, Tech. Supplement V",C-1,Osoyoos Lake,1,JUNE,,36,SiO2,3.3,mg/L,,FALSE,FALSE,3.3
"CA-BC Okanagan Basin Agreement 1974, Tech. Supplement V",C-1,Osoyoos Lake,1,AUGUST,,1,NO3,0.01,mg/L,,FALSE,FALSE,0.01
"CA-BC Okanagan Basin Agreement 1974, Tech. Supplement V",C-1,Osoyoos Lake,1,AUGUST,,1,TKN,0.39,mg/L,,FALSE,FALSE,0.39
"CA-BC Okanagan Basin Agreement 1974, Tech. Supplement V",C-1,Osoyoos Lake,1,AUGUST,,1,o-PO4,0.24,mg/L as PO4,0.07828,FALSE,FALSE,0.24
"CA-BC Okanagan Basin Agreement 1974, Tech. Supplement V",C-1,Osoyoos Lake,1,AUGUST,,1,t-PO4,,mg/L as PO4,,FALSE,TRUE,ND
"CA-BC Okanagan Basin Agreement 1974, Tech. Supplement V",C-1,Osoyoos Lake,1,AUGUST,,1,SiO2,3.4,mg/L,,FALSE,FALSE,3.4
"CA-BC Okanagan Basin Agreement 1974, Tech. Supplement V",C-1,Osoyoos Lake,1,AUGUST,,5,NO3,0.01,mg/L,,FALSE,FALSE,0.01
"CA-BC Okanagan Basin Agreement 1974, Tech. Supplement V",C-1,Osoyoos Lake,1,AUGUST,,5,TKN,0.38,mg/L,,FALSE,FALSE,0.38
"CA-BC Okanagan Basin Agreement 1974, Tech. Supplement V",C-1,Osoyoos Lake,1,AUGUST,,5,o-PO4,0.01,mg/L as PO4,0.00326,TRUE,FALSE,<0.01
"CA-BC Okanagan Basin Agreement 1974, Tech. Supplement V",C-1,Osoyoos Lake,1,AUGUST,,5,t-PO4,,mg/L as PO4,,FALSE,TRUE,ND
"CA-BC Okanagan Basin Agreement 1974, Tech. Supplement V",C-1,Osoyoos Lake,1,AUGUST,,5,SiO2,,mg/L,,FALSE,TRUE,ND
"CA-BC Okanagan Basin Agreement 1974, Tech. Supplement V",C-1,Osoyoos Lake,1,AUGUST,,10,NO3,0.17,mg/L,,FALSE,FALSE,0.17
"CA-BC Okanagan Basin Agreement 1974, Tech. Supplement V",C-1,Osoyoos Lake,1,AUGUST,,10,TKN,0.38,mg/L,,FALSE,FALSE,0.38
"CA-BC Okanagan Basin Agreement 1974, Tech. Supplement V",C-1,Osoyoos Lake,1,AUGUST,,10,o-PO4,0.07,mg/L as PO4,0.02283,FALSE,FALSE,0.07
"CA-BC Okanagan Basin Agreement 1974, Tech. Supplement V",C-1,Osoyoos Lake,1,AUGUST,,10,t-PO4,,mg/L as PO4,,FALSE,TRUE,ND
"CA-BC Okanagan Basin Agreement 1974, Tech. Supplement V",C-1,Osoyoos Lake,1,AUGUST,,10,SiO2,4.8,mg/L,,FALSE,FALSE,4.8
"CA-BC Okanagan Basin Agreement 1974, Tech. Supplement V",C-1,Osoyoos Lake,1,AUGUST,,18,NO3,0.02,mg/L,,FALSE,FALSE,0.02
"CA-BC Okanagan Basin Agreement 1974, Tech. Supplement V",C-1,Osoyoos Lake,1,AUGUST,,18,TKN,0.38,mg/L,,FALSE,FALSE,0.38
"CA-BC Okanagan Basin Agreement 1974, Tech. Supplement V",C-1,Osoyoos Lake,1,AUGUST,,18,o-PO4,0.01,mg/L as PO4,0.00326,TRUE,FALSE,<0.01
"CA-BC Okanagan Basin Agreement 1974, Tech. Supplement V",C-1,Osoyoos Lake,1,AUGUST,,18,t-PO4,,mg/L as PO4,,FALSE,TRUE,ND
"CA-BC Okanagan Basin Agreement 1974, Tech. Supplement V",C-1,Osoyoos Lake,1,AUGUST,,18,SiO2,3.8,mg/L,,FALSE,FALSE,3.8
"CA-BC Okanagan Basin Agreement 1974, Tech. Supplement V",C-1,Osoyoos Lake,1,AUGUST,,30,NO3,0.23,mg/L,,FALSE,FALSE,0.23
"CA-BC Okanagan Basin Agreement 1974, Tech. Supplement V",C-1,Osoyoos Lake,1,AUGUST,,30,TKN,0.28,mg/L,,FALSE,FALSE,0.28
"CA-BC Okanagan Basin Agreement 1974, Tech. Supplement V",C-1,Osoyoos Lake,1,AUGUST,,30,o-PO4,0.2,mg/L as PO4,0.06523,FALSE,FALSE,0.20
"CA-BC Okanagan Basin Agreement 1974, Tech. Supplement V",C-1,Osoyoos Lake,1,AUGUST,,30,t-PO4,,mg/L as PO4,,FALSE,TRUE,ND
"CA-BC Okanagan Basin Agreement 1974, Tech. Supplement V",C-1,Osoyoos Lake,1,AUGUST,,30,SiO2,6.0,mg/L,,FALSE,FALSE,6.0
"CA-BC Okanagan Basin Agreement 1974, Tech. Supplement V",C-1,Osoyoos Lake,1,AUGUST,,35,NO3,0.23,mg/L,,FALSE,FALSE,0.23
"CA-BC Okanagan Basin Agreement 1974, Tech. Supplement V",C-1,Osoyoos Lake,1,AUGUST,,35,TKN,0.31,mg/L,,FALSE,FALSE,0.31
"CA-BC Okanagan Basin Agreement 1974, Tech. Supplement V",C-1,Osoyoos Lake,1,AUGUST,,35,o-PO4,0.24,mg/L as PO4,0.07828,FALSE,FALSE,0.24
"CA-BC Okanagan Basin Agreement 1974, Tech. Supplement V",C-1,Osoyoos Lake,1,AUGUST,,35,t-PO4,,mg/L as PO4,,FALSE,TRUE,ND
"CA-BC Okanagan Basin Agreement 1974, Tech. Supplement V",C-1,Osoyoos Lake,1,AUGUST,,35,SiO2,6.4,mg/L,,FALSE,FALSE,6.4
"CA-BC Okanagan Basin Agreement 1974, Tech. Supplement V",C-1,Osoyoos Lake,1,OCTOBER,,1,NO3,0.02,mg/L,,FALSE,FALSE,0.02
"CA-BC Okanagan Basin Agreement 1974, Tech. Supplement V",C-1,Osoyoos Lake,1,OCTOBER,,1,TKN,0.26,mg/L,,FALSE,FALSE,0.26
"CA-BC Okanagan Basin Agreement 1974, Tech. Supplement V",C-1,Osoyoos Lake,1,OCTOBER,,1,o-PO4,0.005,mg/L as PO4,0.00163,TRUE,FALSE,<0.005
"CA-BC Okanagan Basin Agreement 1974, Tech. Supplement V",C-1,Osoyoos Lake,1,OCTOBER,,1,t-PO4,0.05,mg/L as PO4,0.01631,FALSE,FALSE,0.05
"CA-BC Okanagan Basin Agreement 1974, Tech. Supplement V",C-1,Osoyoos Lake,1,OCTOBER,,1,SiO2,4.2,mg/L,,FALSE,FALSE,4.2
"CA-BC Okanagan Basin Agreement 1974, Tech. Supplement V",C-1,Osoyoos Lake,1,OCTOBER,,15,NO3,0.02,mg/L,,FALSE,FALSE,0.02
"CA-BC Okanagan Basin Agreement 1974, Tech. Supplement V",C-1,Osoyoos Lake,1,OCTOBER,,15,TKN,0.23,mg/L,,FALSE,FALSE,0.23
"CA-BC Okanagan Basin Agreement 1974, Tech. Supplement V",C-1,Osoyoos Lake,1,OCTOBER,,15,o-PO4,0.005,mg/L as PO4,0.00163,TRUE,FALSE,<0.005
"CA-BC Okanagan Basin Agreement 1974, Tech. Supplement V",C-1,Osoyoos Lake,1,OCTOBER,,15,t-PO4,0.05,mg/L as PO4,0.01631,FALSE,FALSE,0.05
"CA-BC Okanagan Basin Agreement 1974, Tech. Supplement V",C-1,Osoyoos Lake,1,OCTOBER,,15,SiO2,4.2,mg/L,,FALSE,FALSE,4.2
"CA-BC Okanagan Basin Agreement 1974, Tech. Supplement V",C-1,Osoyoos Lake,1,OCTOBER,,17,NO3,0.03,mg/L,,FALSE,FALSE,0.03
"CA-BC Okanagan Basin Agreement 1974, Tech. Supplement V",C-1,Osoyoos Lake,1,OCTOBER,,17,TKN,0.48,mg/L,,FALSE,FALSE,0.48
"CA-BC Okanagan Basin Agreement 1974, Tech. Supplement V",C-1,Osoyoos Lake,1,OCTOBER,,17,o-PO4,0.005,mg/L as PO4,0.00163,TRUE,FALSE,<0.005
"CA-BC Okanagan Basin Agreement 1974, Tech. Supplement V",C-1,Osoyoos Lake,1,OCTOBER,,17,t-PO4,0.05,mg/L as PO4,0.01631,FALSE,FALSE,0.05
"CA-BC Okanagan Basin Agreement 1974, Tech. Supplement V",C-1,Osoyoos Lake,1,OCTOBER,,17,SiO2,4.2,mg/L,,FALSE,FALSE,4.2
"CA-BC Okanagan Basin Agreement 1974, Tech. Supplement V",C-1,Osoyoos Lake,1,OCTOBER,,20,NO3,0.26,mg/L,,FALSE,FALSE,0.26
"CA-BC Okanagan Basin Agreement 1974, Tech. Supplement V",C-1,Osoyoos Lake,1,OCTOBER,,20,TKN,0.07,mg/L,,FALSE,FALSE,0.07
"CA-BC Okanagan Basin Agreement 1974, Tech. Supplement V",C-1,Osoyoos Lake,1,OCTOBER,,20,o-PO4,0.14,mg/L as PO4,0.04566,FALSE,FALSE,0.14
"CA-BC Okanagan Basin Agreement 1974, Tech. Supplement V",C-1,Osoyoos Lake,1,OCTOBER,,20,t-PO4,0.18,mg/L as PO4,0.05871,FALSE,FALSE,0.18
"CA-BC Okanagan Basin Agreement 1974, Tech. Supplement V",C-1,Osoyoos Lake,1,OCTOBER,,20,SiO2,7.5,mg/L,,FALSE,FALSE,7.5
"CA-BC Okanagan Basin Agreement 1974, Tech. Supplement V",C-1,Osoyoos Lake,1,OCTOBER,,25,NO3,0.17,mg/L,,FALSE,FALSE,0.17
"CA-BC Okanagan Basin Agreement 1974, Tech. Supplement V",C-1,Osoyoos Lake,1,OCTOBER,,25,TKN,0.23,mg/L,,FALSE,FALSE,0.23
"CA-BC Okanagan Basin Agreement 1974, Tech. Supplement V",C-1,Osoyoos Lake,1,OCTOBER,,25,o-PO4,0.15,mg/L as PO4,0.04892,FALSE,FALSE,0.15
"CA-BC Okanagan Basin Agreement 1974, Tech. Supplement V",C-1,Osoyoos Lake,1,OCTOBER,,25,t-PO4,0.2,mg/L as PO4,0.06523,FALSE,FALSE,0.20
"CA-BC Okanagan Basin Agreement 1974, Tech. Supplement V",C-1,Osoyoos Lake,1,OCTOBER,,25,SiO2,7.3,mg/L,,FALSE,FALSE,7.3
"CA-BC Okanagan Basin Agreement 1974, Tech. Supplement V",C-1,Osoyoos Lake,3,APRIL,,1,NO3,0.01,mg/L,,TRUE,FALSE,<0.01
"CA-BC Okanagan Basin Agreement 1974, Tech. Supplement V",C-1,Osoyoos Lake,3,APRIL,,1,TKN,0.28,mg/L,,FALSE,FALSE,0.28
"CA-BC Okanagan Basin Agreement 1974, Tech. Supplement V",C-1,Osoyoos Lake,3,APRIL,,1,o-PO4,0.01,mg/L as PO4,0.00326,FALSE,FALSE,0.01
"CA-BC Okanagan Basin Agreement 1974, Tech. Supplement V",C-1,Osoyoos Lake,3,APRIL,,1,t-PO4,0.06,mg/L as PO4,0.01957,FALSE,FALSE,0.06
"CA-BC Okanagan Basin Agreement 1974, Tech. Supplement V",C-1,Osoyoos Lake,3,APRIL,,1,SiO2,2.0,mg/L,,FALSE,FALSE,2.0
"CA-BC Okanagan Basin Agreement 1974, Tech. Supplement V",C-1,Osoyoos Lake,3,APRIL,,5,NO3,0.01,mg/L,,TRUE,FALSE,<0.01
"CA-BC Okanagan Basin Agreement 1974, Tech. Supplement V",C-1,Osoyoos Lake,3,APRIL,,5,TKN,0.23,mg/L,,FALSE,FALSE,0.23
"CA-BC Okanagan Basin Agreement 1974, Tech. Supplement V",C-1,Osoyoos Lake,3,APRIL,,5,o-PO4,0.01,mg/L as PO4,0.00326,FALSE,FALSE,0.01
"CA-BC Okanagan Basin Agreement 1974, Tech. Supplement V",C-1,Osoyoos Lake,3,APRIL,,5,t-PO4,0.07,mg/L as PO4,0.02283,FALSE,FALSE,0.07
"CA-BC Okanagan Basin Agreement 1974, Tech. Supplement V",C-1,Osoyoos Lake,3,APRIL,,5,SiO2,2.0,mg/L,,FALSE,FALSE,2.0
"CA-BC Okanagan Basin Agreement 1974, Tech. Supplement V",C-1,Osoyoos Lake,3,APRIL,,10,NO3,0.02,mg/L,,FALSE,FALSE,0.02
"CA-BC Okanagan Basin Agreement 1974, Tech. Supplement V",C-1,Osoyoos Lake,3,APRIL,,10,TKN,0.13,mg/L,,FALSE,FALSE,0.13
"CA-BC Okanagan Basin Agreement 1974, Tech. Supplement V",C-1,Osoyoos Lake,3,APRIL,,10,o-PO4,0.01,mg/L as PO4,0.00326,TRUE,FALSE,<0.01
"CA-BC Okanagan Basin Agreement 1974, Tech. Supplement V",C-1,Osoyoos Lake,3,APRIL,,10,t-PO4,0.08,mg/L as PO4,0.02609,FALSE,FALSE,0.08
"CA-BC Okanagan Basin Agreement 1974, Tech. Supplement V",C-1,Osoyoos Lake,3,APRIL,,10,SiO2,2.5,mg/L,,FALSE,FALSE,2.5
"CA-BC Okanagan Basin Agreement 1974, Tech. Supplement V",C-1,Osoyoos Lake,3,APRIL,,25,NO3,0.02,mg/L,,FALSE,FALSE,0.02
"CA-BC Okanagan Basin Agreement 1974, Tech. Supplement V",C-1,Osoyoos Lake,3,APRIL,,25,TKN,0.13,mg/L,,FALSE,FALSE,0.13
"CA-BC Okanagan Basin Agreement 1974, Tech. Supplement V",C-1,Osoyoos Lake,3,APRIL,,25,o-PO4,0.01,mg/L as PO4,0.00326,TRUE,FALSE,<0.01
"CA-BC Okanagan Basin Agreement 1974, Tech. Supplement V",C-1,Osoyoos Lake,3,APRIL,,25,t-PO4,0.11,mg/L as PO4,0.03588,FALSE,FALSE,0.11
"CA-BC Okanagan Basin Agreement 1974, Tech. Supplement V",C-1,Osoyoos Lake,3,APRIL,,25,SiO2,3.0,mg/L,,FALSE,FALSE,3.0
"CA-BC Okanagan Basin Agreement 1974, Tech. Supplement V",C-1,Osoyoos Lake,3,APRIL,,40,NO3,0.03,mg/L,,FALSE,FALSE,0.03
"CA-BC Okanagan Basin Agreement 1974, Tech. Supplement V",C-1,Osoyoos Lake,3,APRIL,,40,TKN,0.2,mg/L,,FALSE,FALSE,0.20
"CA-BC Okanagan Basin Agreement 1974, Tech. Supplement V",C-1,Osoyoos Lake,3,APRIL,,40,o-PO4,0.01,mg/L as PO4,0.00326,FALSE,FALSE,0.01
"CA-BC Okanagan Basin Agreement 1974, Tech. Supplement V",C-1,Osoyoos Lake,3,APRIL,,40,t-PO4,0.06,mg/L as PO4,0.01957,FALSE,FALSE,0.06
"CA-BC Okanagan Basin Agreement 1974, Tech. Supplement V",C-1,Osoyoos Lake,3,APRIL,,40,SiO2,3.0,mg/L,,FALSE,FALSE,3.0
"CA-BC Okanagan Basin Agreement 1974, Tech. Supplement V",C-1,Osoyoos Lake,3,JUNE,,1,NO3,0.01,mg/L,,TRUE,FALSE,<0.01
"CA-BC Okanagan Basin Agreement 1974, Tech. Supplement V",C-1,Osoyoos Lake,3,JUNE,,1,TKN,0.23,mg/L,,FALSE,FALSE,0.23
"CA-BC Okanagan Basin Agreement 1974, Tech. Supplement V",C-1,Osoyoos Lake,3,JUNE,,1,o-PO4,0.01,mg/L as PO4,0.00326,TRUE,FALSE,<0.01
"CA-BC Okanagan Basin Agreement 1974, Tech. Supplement V",C-1,Osoyoos Lake,3,JUNE,,1,t-PO4,0.05,mg/L as PO4,0.01631,FALSE,FALSE,0.05
"CA-BC Okanagan Basin Agreement 1974, Tech. Supplement V",C-1,Osoyoos Lake,3,JUNE,,1,SiO2,3.0,mg/L,,FALSE,FALSE,3.0
"CA-BC Okanagan Basin Agreement 1974, Tech. Supplement V",C-1,Osoyoos Lake,3,JUNE,,8,NO3,0.01,mg/L,,FALSE,FALSE,0.01
"CA-BC Okanagan Basin Agreement 1974, Tech. Supplement V",C-1,Osoyoos Lake,3,JUNE,,8,TKN,0.28,mg/L,,FALSE,FALSE,0.28
"CA-BC Okanagan Basin Agreement 1974, Tech. Supplement V",C-1,Osoyoos Lake,3,JUNE,,8,o-PO4,0.01,mg/L as PO4,0.00326,TRUE,FALSE,<0.01
"CA-BC Okanagan Basin Agreement 1974, Tech. Supplement V",C-1,Osoyoos Lake,3,JUNE,,8,t-PO4,0.05,mg/L as PO4,0.01631,FALSE,FALSE,0.05
"CA-BC Okanagan Basin Agreement 1974, Tech. Supplement V",C-1,Osoyoos Lake,3,JUNE,,8,SiO2,3.0,mg/L,,FALSE,FALSE,3.0
"CA-BC Okanagan Basin Agreement 1974, Tech. Supplement V",C-1,Osoyoos Lake,3,JUNE,,12,NO3,0.01,mg/L,,FALSE,FALSE,0.01
"CA-BC Okanagan Basin Agreement 1974, Tech. Supplement V",C-1,Osoyoos Lake,3,JUNE,,12,TKN,0.1,mg/L,,FALSE,FALSE,0.10
"CA-BC Okanagan Basin Agreement 1974, Tech. Supplement V",C-1,Osoyoos Lake,3,JUNE,,12,o-PO4,0.01,mg/L as PO4,0.00326,FALSE,FALSE,0.01
"CA-BC Okanagan Basin Agreement 1974, Tech. Supplement V",C-1,Osoyoos Lake,3,JUNE,,12,t-PO4,0.05,mg/L as PO4,0.01631,FALSE,FALSE,0.05
"CA-BC Okanagan Basin Agreement 1974, Tech. Supplement V",C-1,Osoyoos Lake,3,JUNE,,12,SiO2,3.4,mg/L,,FALSE,FALSE,3.4
"CA-BC Okanagan Basin Agreement 1974, Tech. Supplement V",C-1,Osoyoos Lake,3,JUNE,,20,NO3,0.05,mg/L,,FALSE,FALSE,0.05
"CA-BC Okanagan Basin Agreement 1974, Tech. Supplement V",C-1,Osoyoos Lake,3,JUNE,,20,TKN,0.38,mg/L,,FALSE,FALSE,0.38
"CA-BC Okanagan Basin Agreement 1974, Tech. Supplement V",C-1,Osoyoos Lake,3,JUNE,,20,o-PO4,0.03,mg/L as PO4,0.00978,FALSE,FALSE,0.03
"CA-BC Okanagan Basin Agreement 1974, Tech. Supplement V",C-1,Osoyoos Lake,3,JUNE,,20,t-PO4,0.06,mg/L as PO4,0.01957,FALSE,FALSE,0.06
"CA-BC Okanagan Basin Agreement 1974, Tech. Supplement V",C-1,Osoyoos Lake,3,JUNE,,20,SiO2,2.8,mg/L,,FALSE,FALSE,2.8
"CA-BC Okanagan Basin Agreement 1974, Tech. Supplement V",C-1,Osoyoos Lake,3,JUNE,,30,NO3,0.08,mg/L,,FALSE,FALSE,0.08
"CA-BC Okanagan Basin Agreement 1974, Tech. Supplement V",C-1,Osoyoos Lake,3,JUNE,,30,TKN,0.11,mg/L,,FALSE,FALSE,0.11
"CA-BC Okanagan Basin Agreement 1974, Tech. Supplement V",C-1,Osoyoos Lake,3,JUNE,,30,o-PO4,0.03,mg/L as PO4,0.00978,FALSE,FALSE,0.03
"CA-BC Okanagan Basin Agreement 1974, Tech. Supplement V",C-1,Osoyoos Lake,3,JUNE,,30,t-PO4,0.07,mg/L as PO4,0.02283,FALSE,FALSE,0.07
"CA-BC Okanagan Basin Agreement 1974, Tech. Supplement V",C-1,Osoyoos Lake,3,JUNE,,30,SiO2,2.9,mg/L,,FALSE,FALSE,2.9
"CA-BC Okanagan Basin Agreement 1974, Tech. Supplement V",C-1,Osoyoos Lake,3,JUNE,,40,NO3,0.09,mg/L,,FALSE,FALSE,0.09
"CA-BC Okanagan Basin Agreement 1974, Tech. Supplement V",C-1,Osoyoos Lake,3,JUNE,,40,TKN,0.46,mg/L,,FALSE,FALSE,0.46
"CA-BC Okanagan Basin Agreement 1974, Tech. Supplement V",C-1,Osoyoos Lake,3,JUNE,,40,o-PO4,0.05,mg/L as PO4,0.01631,FALSE,FALSE,0.05
"CA-BC Okanagan Basin Agreement 1974, Tech. Supplement V",C-1,Osoyoos Lake,3,JUNE,,40,t-PO4,0.1,mg/L as PO4,0.03262,FALSE,FALSE,0.10
"CA-BC Okanagan Basin Agreement 1974, Tech. Supplement V",C-1,Osoyoos Lake,3,JUNE,,40,SiO2,3.2,mg/L,,FALSE,FALSE,3.2
"CA-BC Okanagan Basin Agreement 1974, Tech. Supplement V",C-1,Osoyoos Lake,3,AUGUST,,1,NO3,0.04,mg/L,,FALSE,FALSE,0.04
"CA-BC Okanagan Basin Agreement 1974, Tech. Supplement V",C-1,Osoyoos Lake,3,AUGUST,,1,TKN,0.23,mg/L,,FALSE,FALSE,0.23
"CA-BC Okanagan Basin Agreement 1974, Tech. Supplement V",C-1,Osoyoos Lake,3,AUGUST,,1,o-PO4,0.21,mg/L as PO4,0.06849,FALSE,FALSE,0.21
"CA-BC Okanagan Basin Agreement 1974, Tech. Supplement V",C-1,Osoyoos Lake,3,AUGUST,,1,t-PO4,,mg/L as PO4,,FALSE,TRUE,ND
"CA-BC Okanagan Basin Agreement 1974, Tech. Supplement V",C-1,Osoyoos Lake,3,AUGUST,,1,SiO2,3.4,mg/L,,FALSE,FALSE,3.4
"CA-BC Okanagan Basin Agreement 1974, Tech. Supplement V",C-1,Osoyoos Lake,3,AUGUST,,5,NO3,0.01,mg/L,,TRUE,FALSE,<0.01
"CA-BC Okanagan Basin Agreement 1974, Tech. Supplement V",C-1,Osoyoos Lake,3,AUGUST,,5,TKN,0.21,mg/L,,FALSE,FALSE,0.21
"CA-BC Okanagan Basin Agreement 1974, Tech. Supplement V",C-1,Osoyoos Lake,3,AUGUST,,5,o-PO4,0.01,mg/L as PO4,0.00326,TRUE,FALSE,<0.01
"CA-BC Okanagan Basin Agreement 1974, Tech. Supplement V",C-1,Osoyoos Lake,3,AUGUST,,5,t-PO4,,mg/L as PO4,,FALSE,TRUE,ND
"CA-BC Okanagan Basin Agreement 1974, Tech. Supplement V",C-1,Osoyoos Lake,3,AUGUST,,5,SiO2,3.4,mg/L,,FALSE,FALSE,3.4
"CA-BC Okanagan Basin Agreement 1974, Tech. Supplement V",C-1,Osoyoos Lake,3,AUGUST,,15,NO3,0.05,mg/L,,FALSE,FALSE,0.05
"CA-BC Okanagan Basin Agreement 1974, Tech. Supplement V",C-1,Osoyoos Lake,3,AUGUST,,15,TKN,0.11,mg/L,,FALSE,FALSE,0.11
"CA-BC Okanagan Basin Agreement 1974, Tech. Supplement V",C-1,Osoyoos Lake,3,AUGUST,,15,o-PO4,0.01,mg/L as PO4,0.00326,TRUE,FALSE,<0.01
"CA-BC Okanagan Basin Agreement 1974, Tech. Supplement V",C-1,Osoyoos Lake,3,AUGUST,,15,t-PO4,,mg/L as PO4,,FALSE,TRUE,ND
"CA-BC Okanagan Basin Agreement 1974, Tech. Supplement V",C-1,Osoyoos Lake,3,AUGUST,,15,SiO2,4.5,mg/L,,FALSE,FALSE,4.5
"CA-BC Okanagan Basin Agreement 1974, Tech. Supplement V",C-1,Osoyoos Lake,3,AUGUST,,20,NO3,0.19,mg/L,,FALSE,FALSE,0.19
"CA-BC Okanagan Basin Agreement 1974, Tech. Supplement V",C-1,Osoyoos Lake,3,AUGUST,,20,TKN,0.03,mg/L,,FALSE,FALSE,0.03
"CA-BC Okanagan Basin Agreement 1974, Tech. Supplement V",C-1,Osoyoos Lake,3,AUGUST,,20,o-PO4,0.11,mg/L as PO4,0.03588,FALSE,FALSE,0.11
"CA-BC Okanagan Basin Agreement 1974, Tech. Supplement V",C-1,Osoyoos Lake,3,AUGUST,,20,t-PO4,,mg/L as PO4,,FALSE,TRUE,ND
"CA-BC Okanagan Basin Agreement 1974, Tech. Supplement V",C-1,Osoyoos Lake,3,AUGUST,,20,SiO2,6.1,mg/L,,FALSE,FALSE,6.1
"CA-BC Okanagan Basin Agreement 1974, Tech. Supplement V",C-1,Osoyoos Lake,3,AUGUST,,30,NO3,0.23,mg/L,,FALSE,FALSE,0.23
"CA-BC Okanagan Basin Agreement 1974, Tech. Supplement V",C-1,Osoyoos Lake,3,AUGUST,,30,TKN,0.16,mg/L,,FALSE,FALSE,0.16
"CA-BC Okanagan Basin Agreement 1974, Tech. Supplement V",C-1,Osoyoos Lake,3,AUGUST,,30,o-PO4,0.17,mg/L as PO4,0.05545,FALSE,FALSE,0.17
"CA-BC Okanagan Basin Agreement 1974, Tech. Supplement V",C-1,Osoyoos Lake,3,AUGUST,,30,t-PO4,,mg/L as PO4,,FALSE,TRUE,ND
"CA-BC Okanagan Basin Agreement 1974, Tech. Supplement V",C-1,Osoyoos Lake,3,AUGUST,,30,SiO2,6.0,mg/L,,FALSE,FALSE,6.0
"CA-BC Okanagan Basin Agreement 1974, Tech. Supplement V",C-1,Osoyoos Lake,3,AUGUST,,41,NO3,0.2,mg/L,,FALSE,FALSE,0.20
"CA-BC Okanagan Basin Agreement 1974, Tech. Supplement V",C-1,Osoyoos Lake,3,AUGUST,,41,TKN,0.16,mg/L,,FALSE,FALSE,0.16
"CA-BC Okanagan Basin Agreement 1974, Tech. Supplement V",C-1,Osoyoos Lake,3,AUGUST,,41,o-PO4,0.15,mg/L as PO4,0.04892,FALSE,FALSE,0.15
"CA-BC Okanagan Basin Agreement 1974, Tech. Supplement V",C-1,Osoyoos Lake,3,AUGUST,,41,t-PO4,,mg/L as PO4,,FALSE,TRUE,ND
"CA-BC Okanagan Basin Agreement 1974, Tech. Supplement V",C-1,Osoyoos Lake,3,AUGUST,,41,SiO2,6.0,mg/L,,FALSE,FALSE,6.0
"CA-BC Okanagan Basin Agreement 1974, Tech. Supplement V",C-1,Osoyoos Lake,3,OCTOBER,,1,NO3,0.02,mg/L,,FALSE,FALSE,0.02
"CA-BC Okanagan Basin Agreement 1974, Tech. Supplement V",C-1,Osoyoos Lake,3,OCTOBER,,1,TKN,0.02,mg/L,,FALSE,FALSE,0.02
"CA-BC Okanagan Basin Agreement 1974, Tech. Supplement V",C-1,Osoyoos Lake,3,OCTOBER,,1,o-PO4,0.005,mg/L as PO4,0.00163,TRUE,FALSE,<0.005
"CA-BC Okanagan Basin Agreement 1974, Tech. Supplement V",C-1,Osoyoos Lake,3,OCTOBER,,1,t-PO4,0.04,mg/L as PO4,0.01305,FALSE,FALSE,0.04
"CA-BC Okanagan Basin Agreement 1974, Tech. Supplement V",C-1,Osoyoos Lake,3,OCTOBER,,1,SiO2,4.3,mg/L,,FALSE,FALSE,4.3
"CA-BC Okanagan Basin Agreement 1974, Tech. Supplement V",C-1,Osoyoos Lake,3,OCTOBER,,15,NO3,0.02,mg/L,,FALSE,FALSE,0.02
"CA-BC Okanagan Basin Agreement 1974, Tech. Supplement V",C-1,Osoyoos Lake,3,OCTOBER,,15,TKN,0.01,mg/L,,TRUE,FALSE,<0.01
"CA-BC Okanagan Basin Agreement 1974, Tech. Supplement V",C-1,Osoyoos Lake,3,OCTOBER,,15,o-PO4,0.005,mg/L as PO4,0.00163,TRUE,FALSE,<0.005
"CA-BC Okanagan Basin Agreement 1974, Tech. Supplement V",C-1,Osoyoos Lake,3,OCTOBER,,15,t-PO4,0.04,mg/L as PO4,0.01305,FALSE,FALSE,0.04
"CA-BC Okanagan Basin Agreement 1974, Tech. Supplement V",C-1,Osoyoos Lake,3,OCTOBER,,15,SiO2,4.2,mg/L,,FALSE,FALSE,4.2
"CA-BC Okanagan Basin Agreement 1974, Tech. Supplement V",C-1,Osoyoos Lake,3,OCTOBER,,20,NO3,0.03,mg/L,,FALSE,FALSE,0.03
"CA-BC Okanagan Basin Agreement 1974, Tech. Supplement V",C-1,Osoyoos Lake,3,OCTOBER,,20,TKN,0.33,mg/L,,FALSE,FALSE,0.33
"CA-BC Okanagan Basin Agreement 1974, Tech. Supplement V",C-1,Osoyoos Lake,3,OCTOBER,,20,o-PO4,0.005,mg/L as PO4,0.00163,TRUE,FALSE,<0.005
"CA-BC Okanagan Basin Agreement 1974, Tech. Supplement V",C-1,Osoyoos Lake,3,OCTOBER,,20,t-PO4,0.04,mg/L as PO4,0.01305,FALSE,FALSE,0.04
"CA-BC Okanagan Basin Agreement 1974, Tech. Supplement V",C-1,Osoyoos Lake,3,OCTOBER,,20,SiO2,4.2,mg/L,,FALSE,FALSE,4.2
"CA-BC Okanagan Basin Agreement 1974, Tech. Supplement V",C-1,Osoyoos Lake,3,OCTOBER,,25,NO3,0.1,mg/L,,FALSE,FALSE,0.10
"CA-BC Okanagan Basin Agreement 1974, Tech. Supplement V",C-1,Osoyoos Lake,3,OCTOBER,,25,TKN,0.43,mg/L,,FALSE,FALSE,0.43
"CA-BC Okanagan Basin Agreement 1974, Tech. Supplement V",C-1,Osoyoos Lake,3,OCTOBER,,25,o-PO4,0.02,mg/L as PO4,0.00652,FALSE,FALSE,0.02
"CA-BC Okanagan Basin Agreement 1974, Tech. Supplement V",C-1,Osoyoos Lake,3,OCTOBER,,25,t-PO4,0.06,mg/L as PO4,0.01957,FALSE,FALSE,0.06
"CA-BC Okanagan Basin Agreement 1974, Tech. Supplement V",C-1,Osoyoos Lake,3,OCTOBER,,25,SiO2,5.8,mg/L,,FALSE,FALSE,5.8
"CA-BC Okanagan Basin Agreement 1974, Tech. Supplement V",C-1,Osoyoos Lake,3,OCTOBER,,37,NO3,0.14,mg/L,,FALSE,FALSE,0.14
"CA-BC Okanagan Basin Agreement 1974, Tech. Supplement V",C-1,Osoyoos Lake,3,OCTOBER,,37,TKN,0.01,mg/L,,TRUE,FALSE,<0.01
"CA-BC Okanagan Basin Agreement 1974, Tech. Supplement V",C-1,Osoyoos Lake,3,OCTOBER,,37,o-PO4,0.08,mg/L as PO4,0.02609,FALSE,FALSE,0.08
"CA-BC Okanagan Basin Agreement 1974, Tech. Supplement V",C-1,Osoyoos Lake,3,OCTOBER,,37,t-PO4,0.15,mg/L as PO4,0.04892,FALSE,FALSE,0.15
"CA-BC Okanagan Basin Agreement 1974, Tech. Supplement V",C-1,Osoyoos Lake,3,OCTOBER,,37,SiO2,6.5,mg/L,,FALSE,FALSE,6.5
"CA-BC Okanagan Basin Agreement 1974, Tech. Supplement V",C-1,Osoyoos Lake,5,APRIL,,1,NO3,0.01,mg/L,,TRUE,FALSE,<0.01
"CA-BC Okanagan Basin Agreement 1974, Tech. Supplement V",C-1,Osoyoos Lake,5,APRIL,,1,TKN,0.15,mg/L,,FALSE,FALSE,0.15
"CA-BC Okanagan Basin Agreement 1974, Tech. Supplement V",C-1,Osoyoos Lake,5,APRIL,,1,o-PO4,0.02,mg/L as PO4,0.00652,FALSE,FALSE,0.02
"CA-BC Okanagan Basin Agreement 1974, Tech. Supplement V",C-1,Osoyoos Lake,5,APRIL,,1,t-PO4,0.06,mg/L as PO4,0.01957,FALSE,FALSE,0.06
"CA-BC Okanagan Basin Agreement 1974, Tech. Supplement V",C-1,Osoyoos Lake,5,APRIL,,1,SiO2,2.2,mg/L,,FALSE,FALSE,2.2
"CA-BC Okanagan Basin Agreement 1974, Tech. Supplement V",C-1,Osoyoos Lake,5,APRIL,,5,NO3,0.01,mg/L,,TRUE,FALSE,<0.01
"CA-BC Okanagan Basin Agreement 1974, Tech. Supplement V",C-1,Osoyoos Lake,5,APRIL,,5,TKN,0.15,mg/L,,FALSE,FALSE,0.15
"CA-BC Okanagan Basin Agreement 1974, Tech. Supplement V",C-1,Osoyoos Lake,5,APRIL,,5,o-PO4,0.01,mg/L as PO4,0.00326,FALSE,FALSE,0.01
"CA-BC Okanagan Basin Agreement 1974, Tech. Supplement V",C-1,Osoyoos Lake,5,APRIL,,5,t-PO4,0.06,mg/L as PO4,0.01957,FALSE,FALSE,0.06
"CA-BC Okanagan Basin Agreement 1974, Tech. Supplement V",C-1,Osoyoos Lake,5,APRIL,,5,SiO2,2.0,mg/L,,FALSE,FALSE,2.0
"CA-BC Okanagan Basin Agreement 1974, Tech. Supplement V",C-1,Osoyoos Lake,5,APRIL,,12,NO3,0.01,mg/L,,TRUE,FALSE,<0.01
"CA-BC Okanagan Basin Agreement 1974, Tech. Supplement V",C-1,Osoyoos Lake,5,APRIL,,12,TKN,0.33,mg/L,,FALSE,FALSE,0.33
"CA-BC Okanagan Basin Agreement 1974, Tech. Supplement V",C-1,Osoyoos Lake,5,APRIL,,12,o-PO4,0.03,mg/L as PO4,0.00978,FALSE,FALSE,0.03
"CA-BC Okanagan Basin Agreement 1974, Tech. Supplement V",C-1,Osoyoos Lake,5,APRIL,,12,t-PO4,0.07,mg/L as PO4,0.02283,FALSE,FALSE,0.07
"CA-BC Okanagan Basin Agreement 1974, Tech. Supplement V",C-1,Osoyoos Lake,5,APRIL,,12,SiO2,2.1,mg/L,,FALSE,FALSE,2.1
"CA-BC Okanagan Basin Agreement 1974, Tech. Supplement V",C-1,Osoyoos Lake,5,JUNE,,1,NO3,0.01,mg/L,,TRUE,FALSE,<0.01
"CA-BC Okanagan Basin Agreement 1974, Tech. Supplement V",C-1,Osoyoos Lake,5,JUNE,,1,TKN,0.98,mg/L,,FALSE,FALSE,0.98
"CA-BC Okanagan Basin Agreement 1974, Tech. Supplement V",C-1,Osoyoos Lake,5,JUNE,,1,o-PO4,0.01,mg/L as PO4,0.00326,TRUE,FALSE,<0.01
"CA-BC Okanagan Basin Agreement 1974, Tech. Supplement V",C-1,Osoyoos Lake,5,JUNE,,1,t-PO4,0.05,mg/L as PO4,0.01631,FALSE,FALSE,0.05
"CA-BC Okanagan Basin Agreement 1974, Tech. Supplement V",C-1,Osoyoos Lake,5,JUNE,,1,SiO2,3.2,mg/L,,FALSE,FALSE,3.2
"CA-BC Okanagan Basin Agreement 1974, Tech. Supplement V",C-1,Osoyoos Lake,5,JUNE,,5,NO3,0.01,mg/L,,FALSE,FALSE,0.01
"CA-BC Okanagan Basin Agreement 1974, Tech. Supplement V",C-1,Osoyoos Lake,5,JUNE,,5,TKN,0.1,mg/L,,FALSE,FALSE,0.10
"CA-BC Okanagan Basin Agreement 1974, Tech. Supplement V",C-1,Osoyoos Lake,5,JUNE,,5,o-PO4,0.01,mg/L as PO4,0.00326,TRUE,FALSE,<0.01
"CA-BC Okanagan Basin Agreement 1974, Tech. Supplement V",C-1,Osoyoos Lake,5,JUNE,,5,t-PO4,0.05,mg/L as PO4,0.01631,FALSE,FALSE,0.05
"CA-BC Okanagan Basin Agreement 1974, Tech. Supplement V",C-1,Osoyoos Lake,5,JUNE,,5,SiO2,3.4,mg/L,,FALSE,FALSE,3.4
"CA-BC Okanagan Basin Agreement 1974, Tech. Supplement V",C-1,Osoyoos Lake,5,JUNE,,10,NO3,0.01,mg/L,,TRUE,FALSE,<0.01
"CA-BC Okanagan Basin Agreement 1974, Tech. Supplement V",C-1,Osoyoos Lake,5,JUNE,,10,TKN,0.28,mg/L,,FALSE,FALSE,0.28
"CA-BC Okanagan Basin Agreement 1974, Tech. Supplement V",C-1,Osoyoos Lake,5,JUNE,,10,o-PO4,0.01,mg/L as PO4,0.00326,TRUE,FALSE,<0.01
"CA-BC Okanagan Basin Agreement 1974, Tech. Supplement V",C-1,Osoyoos Lake,5,JUNE,,10,t-PO4,0.06,mg/L as PO4,0.01957,FALSE,FALSE,0.06
"CA-BC Okanagan Basin Agreement 1974, Tech. Supplement V",C-1,Osoyoos Lake,5,JUNE,,10,SiO2,3.6,mg/L,,FALSE,FALSE,3.6
"CA-BC Okanagan Basin Agreement 1974, Tech. Supplement V",C-1,Osoyoos Lake,5,JUNE,,13,NO3,0.01,mg/L,,TRUE,FALSE,<0.01
"CA-BC Okanagan Basin Agreement 1974, Tech. Supplement V",C-1,Osoyoos Lake,5,JUNE,,13,TKN,0.21,mg/L,,FALSE,FALSE,0.21
"CA-BC Okanagan Basin Agreement 1974, Tech. Supplement V",C-1,Osoyoos Lake,5,JUNE,,13,o-PO4,0.01,mg/L as PO4,0.00326,TRUE,FALSE,<0.01
"CA-BC Okanagan Basin Agreement 1974, Tech. Supplement V",C-1,Osoyoos Lake,5,JUNE,,13,t-PO4,0.06,mg/L as PO4,0.01957,FALSE,FALSE,0.06
"CA-BC Okanagan Basin Agreement 1974, Tech. Supplement V",C-1,Osoyoos Lake,5,JUNE,,13,SiO2,3.6,mg/L,,FALSE,FALSE,3.6
"CA-BC Okanagan Basin Agreement 1974, Tech. Supplement V",C-1,Osoyoos Lake,5,AUGUST,,1,NO3,0.03,mg/L,,FALSE,FALSE,0.03
"CA-BC Okanagan Basin Agreement 1974, Tech. Supplement V",C-1,Osoyoos Lake,5,AUGUST,,1,TKN,0.26,mg/L,,FALSE,FALSE,0.26
"CA-BC Okanagan Basin Agreement 1974, Tech. Supplement V",C-1,Osoyoos Lake,5,AUGUST,,1,o-PO4,0.12,mg/L as PO4,0.03914,FALSE,FALSE,0.12
"CA-BC Okanagan Basin Agreement 1974, Tech. Supplement V",C-1,Osoyoos Lake,5,AUGUST,,1,t-PO4,,mg/L as PO4,,FALSE,TRUE,ND
"CA-BC Okanagan Basin Agreement 1974, Tech. Supplement V",C-1,Osoyoos Lake,5,AUGUST,,1,SiO2,3.6,mg/L,,FALSE,FALSE,3.6
"CA-BC Okanagan Basin Agreement 1974, Tech. Supplement V",C-1,Osoyoos Lake,5,AUGUST,,7,NO3,0.01,mg/L,,TRUE,FALSE,<0.01
"CA-BC Okanagan Basin Agreement 1974, Tech. Supplement V",C-1,Osoyoos Lake,5,AUGUST,,7,TKN,0.38,mg/L,,FALSE,FALSE,0.38
"CA-BC Okanagan Basin Agreement 1974, Tech. Supplement V",C-1,Osoyoos Lake,5,AUGUST,,7,o-PO4,0.01,mg/L as PO4,0.00326,TRUE,FALSE,<0.01
"CA-BC Okanagan Basin Agreement 1974, Tech. Supplement V",C-1,Osoyoos Lake,5,AUGUST,,7,t-PO4,,mg/L as PO4,,FALSE,TRUE,ND
"CA-BC Okanagan Basin Agreement 1974, Tech. Supplement V",C-1,Osoyoos Lake,5,AUGUST,,7,SiO2,3.6,mg/L,,FALSE,FALSE,3.6
"CA-BC Okanagan Basin Agreement 1974, Tech. Supplement V",C-1,Osoyoos Lake,5,AUGUST,,11,NO3,0.01,mg/L,,TRUE,FALSE,<0.01
"CA-BC Okanagan Basin Agreement 1974, Tech. Supplement V",C-1,Osoyoos Lake,5,AUGUST,,11,TKN,0.08,mg/L,,FALSE,FALSE,0.08
"CA-BC Okanagan Basin Agreement 1974, Tech. Supplement V",C-1,Osoyoos Lake,5,AUGUST,,11,o-PO4,0.05,mg/L as PO4,0.01631,FALSE,FALSE,0.05
"CA-BC Okanagan Basin Agreement 1974, Tech. Supplement V",C-1,Osoyoos Lake,5,AUGUST,,11,t-PO4,,mg/L as PO4,,FALSE,TRUE,ND
"CA-BC Okanagan Basin Agreement 1974, Tech. Supplement V",C-1,Osoyoos Lake,5,AUGUST,,11,SiO2,7.7,mg/L,,FALSE,FALSE,7.7
"CA-BC Okanagan Basin Agreement 1974, Tech. Supplement V",C-1,Osoyoos Lake,5,OCTOBER,,1,NO3,0.01,mg/L,,FALSE,FALSE,0.01
"CA-BC Okanagan Basin Agreement 1974, Tech. Supplement V",C-1,Osoyoos Lake,5,OCTOBER,,1,TKN,0.38,mg/L,,FALSE,FALSE,0.38
"CA-BC Okanagan Basin Agreement 1974, Tech. Supplement V",C-1,Osoyoos Lake,5,OCTOBER,,1,o-PO4,0.005,mg/L as PO4,0.00163,TRUE,FALSE,<0.005
"CA-BC Okanagan Basin Agreement 1974, Tech. Supplement V",C-1,Osoyoos Lake,5,OCTOBER,,1,t-PO4,0.05,mg/L as PO4,0.01631,FALSE,FALSE,0.05
"CA-BC Okanagan Basin Agreement 1974, Tech. Supplement V",C-1,Osoyoos Lake,5,OCTOBER,,1,SiO2,4.2,mg/L,,FALSE,FALSE,4.2
"CA-BC Okanagan Basin Agreement 1974, Tech. Supplement V",C-1,Osoyoos Lake,5,OCTOBER,,5,NO3,0.03,mg/L,,FALSE,FALSE,0.03
"CA-BC Okanagan Basin Agreement 1974, Tech. Supplement V",C-1,Osoyoos Lake,5,OCTOBER,,5,TKN,0.18,mg/L,,FALSE,FALSE,0.18
"CA-BC Okanagan Basin Agreement 1974, Tech. Supplement V",C-1,Osoyoos Lake,5,OCTOBER,,5,o-PO4,0.005,mg/L as PO4,0.00163,TRUE,FALSE,<0.005
"CA-BC Okanagan Basin Agreement 1974, Tech. Supplement V",C-1,Osoyoos Lake,5,OCTOBER,,5,t-PO4,0.05,mg/L as PO4,0.01631,FALSE,FALSE,0.05
"CA-BC Okanagan Basin Agreement 1974, Tech. Supplement V",C-1,Osoyoos Lake,5,OCTOBER,,5,SiO2,4.2,mg/L,,FALSE,FALSE,4.2
"CA-BC Okanagan Basin Agreement 1974, Tech. Supplement V",C-1,Osoyoos Lake,5,OCTOBER,,11,NO3,0.01,mg/L,,FALSE,FALSE,0.01
"CA-BC Okanagan Basin Agreement 1974, Tech. Supplement V",C-1,Osoyoos Lake,5,OCTOBER,,11,TKN,0.15,mg/L,,FALSE,FALSE,0.15
"CA-BC Okanagan Basin Agreement 1974, Tech. Supplement V",C-1,Osoyoos Lake,5,OCTOBER,,11,o-PO4,0.005,mg/L as PO4,0.00163,TRUE,FALSE,<0.005
"CA-BC Okanagan Basin Agreement 1974, Tech. Supplement V",C-1,Osoyoos Lake,5,OCTOBER,,11,t-PO4,0.05,mg/L as PO4,0.01631,FALSE,FALSE,0.05
"CA-BC Okanagan Basin Agreement 1974, Tech. Supplement V",C-1,Osoyoos Lake,5,OCTOBER,,11,SiO2,4.6,mg/L,,FALSE,FALSE,4.6
"CA-BC Okanagan Basin Agreement 1974, Tech. Supplement V",C-1,Osoyoos Lake,6,APRIL,,1,NO3,0.01,mg/L,,TRUE,FALSE,<0.01
"CA-BC Okanagan Basin Agreement 1974, Tech. Supplement V",C-1,Osoyoos Lake,6,APRIL,,1,TKN,0.01,mg/L,,TRUE,FALSE,<0.01
"CA-BC Okanagan Basin Agreement 1974, Tech. Supplement V",C-1,Osoyoos Lake,6,APRIL,,1,o-PO4,0.01,mg/L as PO4,0.00326,FALSE,FALSE,0.01
"CA-BC Okanagan Basin Agreement 1974, Tech. Supplement V",C-1,Osoyoos Lake,6,APRIL,,1,t-PO4,0.05,mg/L as PO4,0.01631,FALSE,FALSE,0.05
"CA-BC Okanagan Basin Agreement 1974, Tech. Supplement V",C-1,Osoyoos Lake,6,APRIL,,1,SiO2,2.8,mg/L,,FALSE,FALSE,2.8
"CA-BC Okanagan Basin Agreement 1974, Tech. Supplement V",C-1,Osoyoos Lake,6,APRIL,,5,NO3,0.01,mg/L,,TRUE,FALSE,<0.01
"CA-BC Okanagan Basin Agreement 1974, Tech. Supplement V",C-1,Osoyoos Lake,6,APRIL,,5,TKN,0.55,mg/L,,FALSE,FALSE,0.55
"CA-BC Okanagan Basin Agreement 1974, Tech. Supplement V",C-1,Osoyoos Lake,6,APRIL,,5,o-PO4,0.02,mg/L as PO4,0.00652,FALSE,FALSE,0.02
"CA-BC Okanagan Basin Agreement 1974, Tech. Supplement V",C-1,Osoyoos Lake,6,APRIL,,5,t-PO4,0.05,mg/L as PO4,0.01631,FALSE,FALSE,0.05
"CA-BC Okanagan Basin Agreement 1974, Tech. Supplement V",C-1,Osoyoos Lake,6,APRIL,,5,SiO2,2.5,mg/L,,FALSE,FALSE,2.5
"CA-BC Okanagan Basin Agreement 1974, Tech. Supplement V",C-1,Osoyoos Lake,6,APRIL,,10,NO3,0.01,mg/L,,TRUE,FALSE,<0.01
"CA-BC Okanagan Basin Agreement 1974, Tech. Supplement V",C-1,Osoyoos Lake,6,APRIL,,10,TKN,0.2,mg/L,,FALSE,FALSE,0.20
"CA-BC Okanagan Basin Agreement 1974, Tech. Supplement V",C-1,Osoyoos Lake,6,APRIL,,10,o-PO4,0.01,mg/L as PO4,0.00326,FALSE,FALSE,0.01
"CA-BC Okanagan Basin Agreement 1974, Tech. Supplement V",C-1,Osoyoos Lake,6,APRIL,,10,t-PO4,0.07,mg/L as PO4,0.02283,FALSE,FALSE,0.07
"CA-BC Okanagan Basin Agreement 1974, Tech. Supplement V",C-1,Osoyoos Lake,6,APRIL,,10,SiO2,2.6,mg/L,,FALSE,FALSE,2.6
"CA-BC Okanagan Basin Agreement 1974, Tech. Supplement V",C-1,Osoyoos Lake,6,APRIL,,20,NO3,0.01,mg/L,,TRUE,FALSE,<0.01
"CA-BC Okanagan Basin Agreement 1974, Tech. Supplement V",C-1,Osoyoos Lake,6,APRIL,,20,TKN,0.36,mg/L,,FALSE,FALSE,0.36
"CA-BC Okanagan Basin Agreement 1974, Tech. Supplement V",C-1,Osoyoos Lake,6,APRIL,,20,o-PO4,0.01,mg/L as PO4,0.00326,FALSE,FALSE,0.01
"CA-BC Okanagan Basin Agreement 1974, Tech. Supplement V",C-1,Osoyoos Lake,6,APRIL,,20,t-PO4,0.05,mg/L as PO4,0.01631,FALSE,FALSE,0.05
"CA-BC Okanagan Basin Agreement 1974, Tech. Supplement V",C-1,Osoyoos Lake,6,APRIL,,20,SiO2,2.6,mg/L,,FALSE,FALSE,2.6
"CA-BC Okanagan Basin Agreement 1974, Tech. Supplement V",C-1,Osoyoos Lake,6,JUNE,,1,NO3,0.01,mg/L,,TRUE,FALSE,<0.01
"CA-BC Okanagan Basin Agreement 1974, Tech. Supplement V",C-1,Osoyoos Lake,6,JUNE,,1,TKN,0.18,mg/L,,FALSE,FALSE,0.18
"CA-BC Okanagan Basin Agreement 1974, Tech. Supplement V",C-1,Osoyoos Lake,6,JUNE,,1,o-PO4,0.01,mg/L as PO4,0.00326,TRUE,FALSE,<0.01
"CA-BC Okanagan Basin Agreement 1974, Tech. Supplement V",C-1,Osoyoos Lake,6,JUNE,,1,t-PO4,0.04,mg/L as PO4,0.01305,FALSE,FALSE,0.04
"CA-BC Okanagan Basin Agreement 1974, Tech. Supplement V",C-1,Osoyoos Lake,6,JUNE,,1,SiO2,2.6,mg/L,,FALSE,FALSE,2.6
"CA-BC Okanagan Basin Agreement 1974, Tech. Supplement V",C-1,Osoyoos Lake,6,JUNE,,5,NO3,0.01,mg/L,,TRUE,FALSE,<0.01
"CA-BC Okanagan Basin Agreement 1974, Tech. Supplement V",C-1,Osoyoos Lake,6,JUNE,,5,TKN,0.31,mg/L,,FALSE,FALSE,0.31
"CA-BC Okanagan Basin Agreement 1974, Tech. Supplement V",C-1,Osoyoos Lake,6,JUNE,,5,o-PO4,0.01,mg/L as PO4,0.00326,TRUE,FALSE,<0.01
"CA-BC Okanagan Basin Agreement 1974, Tech. Supplement V",C-1,Osoyoos Lake,6,JUNE,,5,t-PO4,0.06,mg/L as PO4,0.01957,FALSE,FALSE,0.06
"CA-BC Okanagan Basin Agreement 1974, Tech. Supplement V",C-1,Osoyoos Lake,6,JUNE,,5,SiO2,3.0,mg/L,,FALSE,FALSE,3.0
"CA-BC Okanagan Basin Agreement 1974, Tech. Supplement V",C-1,Osoyoos Lake,6,JUNE,,10,NO3,0.01,mg/L,,FALSE,FALSE,0.01
"CA-BC Okanagan Basin Agreement 1974, Tech. Supplement V",C-1,Osoyoos Lake,6,JUNE,,10,TKN,0.2,mg/L,,FALSE,FALSE,0.20
"CA-BC Okanagan Basin Agreement 1974, Tech. Supplement V",C-1,Osoyoos Lake,6,JUNE,,10,o-PO4,0.01,mg/L as PO4,0.00326,TRUE,FALSE,<0.01
"CA-BC Okanagan Basin Agreement 1974, Tech. Supplement V",C-1,Osoyoos Lake,6,JUNE,,10,t-PO4,0.05,mg/L as PO4,0.01631,FALSE,FALSE,0.05
"CA-BC Okanagan Basin Agreement 1974, Tech. Supplement V",C-1,Osoyoos Lake,6,JUNE,,10,SiO2,3.4,mg/L,,FALSE,FALSE,3.4
"CA-BC Okanagan Basin Agreement 1974, Tech. Supplement V",C-1,Osoyoos Lake,6,JUNE,,23,NO3,0.02,mg/L,,FALSE,FALSE,0.02
"CA-BC Okanagan Basin Agreement 1974, Tech. Supplement V",C-1,Osoyoos Lake,6,JUNE,,23,TKN,0.3,mg/L,,FALSE,FALSE,0.30
"CA-BC Okanagan Basin Agreement 1974, Tech. Supplement V",C-1,Osoyoos Lake,6,JUNE,,23,o-PO4,0.02,mg/L as PO4,0.00652,FALSE,FALSE,0.02
"CA-BC Okanagan Basin Agreement 1974, Tech. Supplement V",C-1,Osoyoos Lake,6,JUNE,,23,t-PO4,0.06,mg/L as PO4,0.01957,FALSE,FALSE,0.06
"CA-BC Okanagan Basin Agreement 1974, Tech. Supplement V",C-1,Osoyoos Lake,6,JUNE,,23,SiO2,6.2,mg/L,,FALSE,FALSE,6.2
"CA-BC Okanagan Basin Agreement 1974, Tech. Supplement V",C-1,Osoyoos Lake,6,AUGUST,,1,NO3,0.03,mg/L,,FALSE,FALSE,0.03
"CA-BC Okanagan Basin Agreement 1974, Tech. Supplement V",C-1,Osoyoos Lake,6,AUGUST,,1,TKN,0.34,mg/L,,FALSE,FALSE,0.34
"CA-BC Okanagan Basin Agreement 1974, Tech. Supplement V",C-1,Osoyoos Lake,6,AUGUST,,1,o-PO4,0.01,mg/L as PO4,0.00326,TRUE,FALSE,<0.01
"CA-BC Okanagan Basin Agreement 1974, Tech. Supplement V",C-1,Osoyoos Lake,6,AUGUST,,1,t-PO4,,mg/L as PO4,,FALSE,TRUE,ND
"CA-BC Okanagan Basin Agreement 1974, Tech. Supplement V",C-1,Osoyoos Lake,6,AUGUST,,1,SiO2,3.8,mg/L,,FALSE,FALSE,3.8
"CA-BC Okanagan Basin Agreement 1974, Tech. Supplement V",C-1,Osoyoos Lake,6,AUGUST,,5,NO3,0.01,mg/L,,TRUE,FALSE,<0.01
"CA-BC Okanagan Basin Agreement 1974, Tech. Supplement V",C-1,Osoyoos Lake,6,AUGUST,,5,TKN,0.33,mg/L,,FALSE,FALSE,0.33
"CA-BC Okanagan Basin Agreement 1974, Tech. Supplement V",C-1,Osoyoos Lake,6,AUGUST,,5,o-PO4,0.01,mg/L as PO4,0.00326,TRUE,FALSE,<0.01
"CA-BC Okanagan Basin Agreement 1974, Tech. Supplement V",C-1,Osoyoos Lake,6,AUGUST,,5,t-PO4,,mg/L as PO4,,FALSE,TRUE,ND
"CA-BC Okanagan Basin Agreement 1974, Tech. Supplement V",C-1,Osoyoos Lake,6,AUGUST,,5,SiO2,3.8,mg/L,,FALSE,FALSE,3.8
"CA-BC Okanagan Basin Agreement 1974, Tech. Supplement V",C-1,Osoyoos Lake,6,AUGUST,,10,NO3,0.03,mg/L,,FALSE,FALSE,0.03
"CA-BC Okanagan Basin Agreement 1974, Tech. Supplement V",C-1,Osoyoos Lake,6,AUGUST,,10,TKN,0.16,mg/L,,FALSE,FALSE,0.16
"CA-BC Okanagan Basin Agreement 1974, Tech. Supplement V",C-1,Osoyoos Lake,6,AUGUST,,10,o-PO4,0.01,mg/L as PO4,0.00326,TRUE,FALSE,<0.01
"CA-BC Okanagan Basin Agreement 1974, Tech. Supplement V",C-1,Osoyoos Lake,6,AUGUST,,10,t-PO4,,mg/L as PO4,,FALSE,TRUE,ND
"CA-BC Okanagan Basin Agreement 1974, Tech. Supplement V",C-1,Osoyoos Lake,6,AUGUST,,10,SiO2,4.6,mg/L,,FALSE,FALSE,4.6
"CA-BC Okanagan Basin Agreement 1974, Tech. Supplement V",C-1,Osoyoos Lake,6,AUGUST,,15,NO3,0.01,mg/L,,TRUE,FALSE,<0.01
"CA-BC Okanagan Basin Agreement 1974, Tech. Supplement V",C-1,Osoyoos Lake,6,AUGUST,,15,TKN,0.33,mg/L,,FALSE,FALSE,0.33
"CA-BC Okanagan Basin Agreement 1974, Tech. Supplement V",C-1,Osoyoos Lake,6,AUGUST,,15,o-PO4,0.01,mg/L as PO4,0.00326,TRUE,FALSE,<0.01
"CA-BC Okanagan Basin Agreement 1974, Tech. Supplement V",C-1,Osoyoos Lake,6,AUGUST,,15,t-PO4,,mg/L as PO4,,FALSE,TRUE,ND
"CA-BC Okanagan Basin Agreement 1974, Tech. Supplement V",C-1,Osoyoos Lake,6,AUGUST,,15,SiO2,8.1,mg/L,,FALSE,FALSE,8.1
"CA-BC Okanagan Basin Agreement 1974, Tech. Supplement V",C-1,Osoyoos Lake,6,AUGUST,,21,NO3,0.01,mg/L,,TRUE,FALSE,<0.01
"CA-BC Okanagan Basin Agreement 1974, Tech. Supplement V",C-1,Osoyoos Lake,6,AUGUST,,21,TKN,0.56,mg/L,,FALSE,FALSE,0.56
"CA-BC Okanagan Basin Agreement 1974, Tech. Supplement V",C-1,Osoyoos Lake,6,AUGUST,,21,o-PO4,0.03,mg/L as PO4,0.00978,FALSE,FALSE,0.03
"CA-BC Okanagan Basin Agreement 1974, Tech. Supplement V",C-1,Osoyoos Lake,6,AUGUST,,21,t-PO4,,mg/L as PO4,,FALSE,TRUE,ND
"CA-BC Okanagan Basin Agreement 1974, Tech. Supplement V",C-1,Osoyoos Lake,6,AUGUST,,21,SiO2,9.8,mg/L,,FALSE,FALSE,9.8
"CA-BC Okanagan Basin Agreement 1974, Tech. Supplement V",C-1,Osoyoos Lake,6,OCTOBER,,1,NO3,0.01,mg/L,,TRUE,FALSE,<0.01
"CA-BC Okanagan Basin Agreement 1974, Tech. Supplement V",C-1,Osoyoos Lake,6,OCTOBER,,1,TKN,0.31,mg/L,,FALSE,FALSE,0.31
"CA-BC Okanagan Basin Agreement 1974, Tech. Supplement V",C-1,Osoyoos Lake,6,OCTOBER,,1,o-PO4,0.005,mg/L as PO4,0.00163,TRUE,FALSE,<0.005
"CA-BC Okanagan Basin Agreement 1974, Tech. Supplement V",C-1,Osoyoos Lake,6,OCTOBER,,1,t-PO4,0.05,mg/L as PO4,0.01631,FALSE,FALSE,0.05
"CA-BC Okanagan Basin Agreement 1974, Tech. Supplement V",C-1,Osoyoos Lake,6,OCTOBER,,1,SiO2,4.4,mg/L,,FALSE,FALSE,4.4
"CA-BC Okanagan Basin Agreement 1974, Tech. Supplement V",C-1,Osoyoos Lake,6,OCTOBER,,5,NO3,0.02,mg/L,,FALSE,FALSE,0.02
"CA-BC Okanagan Basin Agreement 1974, Tech. Supplement V",C-1,Osoyoos Lake,6,OCTOBER,,5,TKN,0.02,mg/L,,FALSE,FALSE,0.02
"CA-BC Okanagan Basin Agreement 1974, Tech. Supplement V",C-1,Osoyoos Lake,6,OCTOBER,,5,o-PO4,0.005,mg/L as PO4,0.00163,TRUE,FALSE,<0.005
"CA-BC Okanagan Basin Agreement 1974, Tech. Supplement V",C-1,Osoyoos Lake,6,OCTOBER,,5,t-PO4,0.05,mg/L as PO4,0.01631,FALSE,FALSE,0.05
"CA-BC Okanagan Basin Agreement 1974, Tech. Supplement V",C-1,Osoyoos Lake,6,OCTOBER,,5,SiO2,4.4,mg/L,,FALSE,FALSE,4.4
"CA-BC Okanagan Basin Agreement 1974, Tech. Supplement V",C-1,Osoyoos Lake,6,OCTOBER,,10,NO3,0.01,mg/L,,FALSE,FALSE,0.01
"CA-BC Okanagan Basin Agreement 1974, Tech. Supplement V",C-1,Osoyoos Lake,6,OCTOBER,,10,TKN,0.2,mg/L,,FALSE,FALSE,0.20
"CA-BC Okanagan Basin Agreement 1974, Tech. Supplement V",C-1,Osoyoos Lake,6,OCTOBER,,10,o-PO4,0.005,mg/L as PO4,0.00163,TRUE,FALSE,<0.005
"CA-BC Okanagan Basin Agreement 1974, Tech. Supplement V",C-1,Osoyoos Lake,6,OCTOBER,,10,t-PO4,0.06,mg/L as PO4,0.01957,FALSE,FALSE,0.06
"CA-BC Okanagan Basin Agreement 1974, Tech. Supplement V",C-1,Osoyoos Lake,6,OCTOBER,,10,SiO2,4.4,mg/L,,FALSE,FALSE,4.4
"CA-BC Okanagan Basin Agreement 1974, Tech. Supplement V",C-1,Osoyoos Lake,6,OCTOBER,,22,NO3,0.01,mg/L,,TRUE,FALSE,<0.01
"CA-BC Okanagan Basin Agreement 1974, Tech. Supplement V",C-1,Osoyoos Lake,6,OCTOBER,,22,TKN,0.26,mg/L,,FALSE,FALSE,0.26
"CA-BC Okanagan Basin Agreement 1974, Tech. Supplement V",C-1,Osoyoos Lake,6,OCTOBER,,22,o-PO4,0.005,mg/L as PO4,0.00163,TRUE,FALSE,<0.005
"CA-BC Okanagan Basin Agreement 1974, Tech. Supplement V",C-1,Osoyoos Lake,6,OCTOBER,,22,t-PO4,0.09,mg/L as PO4,0.02935,FALSE,FALSE,0.09
"CA-BC Okanagan Basin Agreement 1974, Tech. Supplement V",C-1,Osoyoos Lake,6,OCTOBER,,22,SiO2,5.2,mg/L,,FALSE,FALSE,5.2
"CA-BC Okanagan Basin Agreement 1974, Tech. Supplement V",C-3,Kalamalka Lake,2,APRIL,1971-04-18,1,HCO3,185.4,mg/L,,FALSE,FALSE,185.4
"CA-BC Okanagan Basin Agreement 1974, Tech. Supplement V",C-3,Kalamalka Lake,2,APRIL,1971-04-18,1,SO4,56.5,mg/L,,FALSE,FALSE,56.5
"CA-BC Okanagan Basin Agreement 1974, Tech. Supplement V",C-3,Kalamalka Lake,2,APRIL,1971-04-18,1,Cl,1.5,mg/L,,FALSE,FALSE,1.5
"CA-BC Okanagan Basin Agreement 1974, Tech. Supplement V",C-3,Kalamalka Lake,2,APRIL,1971-04-18,1,F,0.3,mg/L,,FALSE,FALSE,0.30
"CA-BC Okanagan Basin Agreement 1974, Tech. Supplement V",C-3,Kalamalka Lake,2,APRIL,1971-04-18,5,HCO3,181.0,mg/L,,FALSE,FALSE,181
"CA-BC Okanagan Basin Agreement 1974, Tech. Supplement V",C-3,Kalamalka Lake,2,APRIL,1971-04-18,5,SO4,56.5,mg/L,,FALSE,FALSE,56.5
"CA-BC Okanagan Basin Agreement 1974, Tech. Supplement V",C-3,Kalamalka Lake,2,APRIL,1971-04-18,5,Cl,1.4,mg/L,,FALSE,FALSE,1.4
"CA-BC Okanagan Basin Agreement 1974, Tech. Supplement V",C-3,Kalamalka Lake,2,APRIL,1971-04-18,5,F,0.3,mg/L,,FALSE,FALSE,0.30
"CA-BC Okanagan Basin Agreement 1974, Tech. Supplement V",C-3,Kalamalka Lake,2,APRIL,1971-04-18,10,HCO3,181.0,mg/L,,FALSE,FALSE,181
"CA-BC Okanagan Basin Agreement 1974, Tech. Supplement V",C-3,Kalamalka Lake,2,APRIL,1971-04-18,10,SO4,55.5,mg/L,,FALSE,FALSE,55.5
"CA-BC Okanagan Basin Agreement 1974, Tech. Supplement V",C-3,Kalamalka Lake,2,APRIL,1971-04-18,10,Cl,1.3,mg/L,,FALSE,FALSE,1.3
"CA-BC Okanagan Basin Agreement 1974, Tech. Supplement V",C-3,Kalamalka Lake,2,APRIL,1971-04-18,10,F,0.29,mg/L,,FALSE,FALSE,0.29
"CA-BC Okanagan Basin Agreement 1974, Tech. Supplement V",C-3,Kalamalka Lake,2,APRIL,1971-04-18,25,HCO3,178.0,mg/L,,FALSE,FALSE,178
"CA-BC Okanagan Basin Agreement 1974, Tech. Supplement V",C-3,Kalamalka Lake,2,APRIL,1971-04-18,25,SO4,55.8,mg/L,,FALSE,FALSE,55.8
"CA-BC Okanagan Basin Agreement 1974, Tech. Supplement V",C-3,Kalamalka Lake,2,APRIL,1971-04-18,25,Cl,1.3,mg/L,,FALSE,FALSE,1.3
"CA-BC Okanagan Basin Agreement 1974, Tech. Supplement V",C-3,Kalamalka Lake,2,APRIL,1971-04-18,25,F,0.29,mg/L,,FALSE,FALSE,0.29
"CA-BC Okanagan Basin Agreement 1974, Tech. Supplement V",C-3,Kalamalka Lake,2,JUNE,1971-06-19,1,HCO3,178.0,mg/L,,FALSE,FALSE,178
"CA-BC Okanagan Basin Agreement 1974, Tech. Supplement V",C-3,Kalamalka Lake,2,JUNE,1971-06-19,1,SO4,54.9,mg/L,,FALSE,FALSE,54.9
"CA-BC Okanagan Basin Agreement 1974, Tech. Supplement V",C-3,Kalamalka Lake,2,JUNE,1971-06-19,1,Cl,1.1,mg/L,,FALSE,FALSE,1.1
"CA-BC Okanagan Basin Agreement 1974, Tech. Supplement V",C-3,Kalamalka Lake,2,JUNE,1971-06-19,1,F,0.27,mg/L,,FALSE,FALSE,0.27
"CA-BC Okanagan Basin Agreement 1974, Tech. Supplement V",C-3,Kalamalka Lake,2,JUNE,1971-06-19,5,HCO3,183.0,mg/L,,FALSE,FALSE,183
"CA-BC Okanagan Basin Agreement 1974, Tech. Supplement V",C-3,Kalamalka Lake,2,JUNE,1971-06-19,5,SO4,55.5,mg/L,,FALSE,FALSE,55.5
"CA-BC Okanagan Basin Agreement 1974, Tech. Supplement V",C-3,Kalamalka Lake,2,JUNE,1971-06-19,5,Cl,1.5,mg/L,,FALSE,FALSE,1.5
"CA-BC Okanagan Basin Agreement 1974, Tech. Supplement V",C-3,Kalamalka Lake,2,JUNE,1971-06-19,5,F,0.27,mg/L,,FALSE,FALSE,0.27
"CA-BC Okanagan Basin Agreement 1974, Tech. Supplement V",C-3,Kalamalka Lake,2,JUNE,1971-06-19,10,HCO3,181.0,mg/L,,FALSE,FALSE,181
"CA-BC Okanagan Basin Agreement 1974, Tech. Supplement V",C-3,Kalamalka Lake,2,JUNE,1971-06-19,10,SO4,55.2,mg/L,,FALSE,FALSE,55.2
"CA-BC Okanagan Basin Agreement 1974, Tech. Supplement V",C-3,Kalamalka Lake,2,JUNE,1971-06-19,10,Cl,1.0,mg/L,,FALSE,FALSE,1.0
"CA-BC Okanagan Basin Agreement 1974, Tech. Supplement V",C-3,Kalamalka Lake,2,JUNE,1971-06-19,10,F,0.27,mg/L,,FALSE,FALSE,0.27
"CA-BC Okanagan Basin Agreement 1974, Tech. Supplement V",C-3,Kalamalka Lake,2,JUNE,1971-06-19,25,HCO3,182.0,mg/L,,FALSE,FALSE,182
"CA-BC Okanagan Basin Agreement 1974, Tech. Supplement V",C-3,Kalamalka Lake,2,JUNE,1971-06-19,25,SO4,56.5,mg/L,,FALSE,FALSE,56.5
"CA-BC Okanagan Basin Agreement 1974, Tech. Supplement V",C-3,Kalamalka Lake,2,JUNE,1971-06-19,25,Cl,1.0,mg/L,,FALSE,FALSE,1.0
"CA-BC Okanagan Basin Agreement 1974, Tech. Supplement V",C-3,Kalamalka Lake,2,JUNE,1971-06-19,25,F,0.27,mg/L,,FALSE,FALSE,0.27
"CA-BC Okanagan Basin Agreement 1974, Tech. Supplement V",C-3,Kalamalka Lake,2,JUNE,1971-06-19,50,HCO3,182.0,mg/L,,FALSE,FALSE,182
"CA-BC Okanagan Basin Agreement 1974, Tech. Supplement V",C-3,Kalamalka Lake,2,JUNE,1971-06-19,50,SO4,56.4,mg/L,,FALSE,FALSE,56.4
"CA-BC Okanagan Basin Agreement 1974, Tech. Supplement V",C-3,Kalamalka Lake,2,JUNE,1971-06-19,50,Cl,1.0,mg/L,,FALSE,FALSE,1.0
"CA-BC Okanagan Basin Agreement 1974, Tech. Supplement V",C-3,Kalamalka Lake,2,JUNE,1971-06-19,50,F,0.28,mg/L,,FALSE,FALSE,0.28
"CA-BC Okanagan Basin Agreement 1974, Tech. Supplement V",C-3,Kalamalka Lake,2,JUNE,1971-06-19,60,HCO3,182.0,mg/L,,FALSE,FALSE,182
"CA-BC Okanagan Basin Agreement 1974, Tech. Supplement V",C-3,Kalamalka Lake,2,JUNE,1971-06-19,60,SO4,55.9,mg/L,,FALSE,FALSE,55.9
"CA-BC Okanagan Basin Agreement 1974, Tech. Supplement V",C-3,Kalamalka Lake,2,JUNE,1971-06-19,60,Cl,1.0,mg/L,,FALSE,FALSE,1.0
"CA-BC Okanagan Basin Agreement 1974, Tech. Supplement V",C-3,Kalamalka Lake,2,JUNE,1971-06-19,60,F,0.27,mg/L,,FALSE,FALSE,0.27
"CA-BC Okanagan Basin Agreement 1974, Tech. Supplement V",C-3,Kalamalka Lake,2,AUGUST,1971-08-19,1,HCO3,171.0,mg/L,,FALSE,FALSE,171
"CA-BC Okanagan Basin Agreement 1974, Tech. Supplement V",C-3,Kalamalka Lake,2,AUGUST,1971-08-19,1,SO4,55.6,mg/L,,FALSE,FALSE,55.6
"CA-BC Okanagan Basin Agreement 1974, Tech. Supplement V",C-3,Kalamalka Lake,2,AUGUST,1971-08-19,1,Cl,1.3,mg/L,,FALSE,FALSE,1.3
"CA-BC Okanagan Basin Agreement 1974, Tech. Supplement V",C-3,Kalamalka Lake,2,AUGUST,1971-08-19,1,F,0.33,mg/L,,FALSE,FALSE,0.33
"CA-BC Okanagan Basin Agreement 1974, Tech. Supplement V",C-3,Kalamalka Lake,2,AUGUST,1971-08-19,5,HCO3,173.0,mg/L,,FALSE,FALSE,173
"CA-BC Okanagan Basin Agreement 1974, Tech. Supplement V",C-3,Kalamalka Lake,2,AUGUST,1971-08-19,5,SO4,54.6,mg/L,,FALSE,FALSE,54.6
"CA-BC Okanagan Basin Agreement 1974, Tech. Supplement V",C-3,Kalamalka Lake,2,AUGUST,1971-08-19,5,Cl,1.3,mg/L,,FALSE,FALSE,1.3
"CA-BC Okanagan Basin Agreement 1974, Tech. Supplement V",C-3,Kalamalka Lake,2,AUGUST,1971-08-19,5,F,0.33,mg/L,,FALSE,FALSE,0.33
"CA-BC Okanagan Basin Agreement 1974, Tech. Supplement V",C-3,Kalamalka Lake,2,AUGUST,1971-08-19,15,HCO3,171.0,mg/L,,FALSE,FALSE,171
"CA-BC Okanagan Basin Agreement 1974, Tech. Supplement V",C-3,Kalamalka Lake,2,AUGUST,1971-08-19,15,SO4,55.4,mg/L,,FALSE,FALSE,55.4
"CA-BC Okanagan Basin Agreement 1974, Tech. Supplement V",C-3,Kalamalka Lake,2,AUGUST,1971-08-19,15,Cl,1.3,mg/L,,FALSE,FALSE,1.3
"CA-BC Okanagan Basin Agreement 1974, Tech. Supplement V",C-3,Kalamalka Lake,2,AUGUST,1971-08-19,15,F,0.32,mg/L,,FALSE,FALSE,0.32
"CA-BC Okanagan Basin Agreement 1974, Tech. Supplement V",C-3,Kalamalka Lake,2,AUGUST,1971-08-19,30,HCO3,176.0,mg/L,,FALSE,FALSE,176
"CA-BC Okanagan Basin Agreement 1974, Tech. Supplement V",C-3,Kalamalka Lake,2,AUGUST,1971-08-19,30,SO4,54.2,mg/L,,FALSE,FALSE,54.2
"CA-BC Okanagan Basin Agreement 1974, Tech. Supplement V",C-3,Kalamalka Lake,2,AUGUST,1971-08-19,30,Cl,1.4,mg/L,,FALSE,FALSE,1.4
"CA-BC Okanagan Basin Agreement 1974, Tech. Supplement V",C-3,Kalamalka Lake,2,AUGUST,1971-08-19,30,F,0.33,mg/L,,FALSE,FALSE,0.33
"CA-BC Okanagan Basin Agreement 1974, Tech. Supplement V",C-3,Kalamalka Lake,2,AUGUST,1971-08-19,40,HCO3,178.0,mg/L,,FALSE,FALSE,178
"CA-BC Okanagan Basin Agreement 1974, Tech. Supplement V",C-3,Kalamalka Lake,2,AUGUST,1971-08-19,40,SO4,56.1,mg/L,,FALSE,FALSE,56.1
"CA-BC Okanagan Basin Agreement 1974, Tech. Supplement V",C-3,Kalamalka Lake,2,AUGUST,1971-08-19,40,Cl,1.3,mg/L,,FALSE,FALSE,1.3
"CA-BC Okanagan Basin Agreement 1974, Tech. Supplement V",C-3,Kalamalka Lake,2,AUGUST,1971-08-19,40,F,0.33,mg/L,,FALSE,FALSE,0.33
"CA-BC Okanagan Basin Agreement 1974, Tech. Supplement V",C-3,Kalamalka Lake,2,AUGUST,1971-08-19,50,HCO3,178.0,mg/L,,FALSE,FALSE,178
"CA-BC Okanagan Basin Agreement 1974, Tech. Supplement V",C-3,Kalamalka Lake,2,AUGUST,1971-08-19,50,SO4,55.1,mg/L,,FALSE,FALSE,55.1
"CA-BC Okanagan Basin Agreement 1974, Tech. Supplement V",C-3,Kalamalka Lake,2,AUGUST,1971-08-19,50,Cl,1.3,mg/L,,FALSE,FALSE,1.3
"CA-BC Okanagan Basin Agreement 1974, Tech. Supplement V",C-3,Kalamalka Lake,2,AUGUST,1971-08-19,50,F,0.33,mg/L,,FALSE,FALSE,0.33
"CA-BC Okanagan Basin Agreement 1974, Tech. Supplement V",C-3,Kalamalka Lake,2,OCTOBER,1971-10-19,1,HCO3,171.0,mg/L,,FALSE,FALSE,171
"CA-BC Okanagan Basin Agreement 1974, Tech. Supplement V",C-3,Kalamalka Lake,2,OCTOBER,1971-10-19,1,SO4,55.4,mg/L,,FALSE,FALSE,55.4
"CA-BC Okanagan Basin Agreement 1974, Tech. Supplement V",C-3,Kalamalka Lake,2,OCTOBER,1971-10-19,1,Cl,1.3,mg/L,,FALSE,FALSE,1.3
"CA-BC Okanagan Basin Agreement 1974, Tech. Supplement V",C-3,Kalamalka Lake,2,OCTOBER,1971-10-19,1,F,0.3,mg/L,,FALSE,FALSE,0.30
"CA-BC Okanagan Basin Agreement 1974, Tech. Supplement V",C-3,Kalamalka Lake,2,OCTOBER,1971-10-19,15,HCO3,171.0,mg/L,,FALSE,FALSE,171
"CA-BC Okanagan Basin Agreement 1974, Tech. Supplement V",C-3,Kalamalka Lake,2,OCTOBER,1971-10-19,15,SO4,55.3,mg/L,,FALSE,FALSE,55.3
"CA-BC Okanagan Basin Agreement 1974, Tech. Supplement V",C-3,Kalamalka Lake,2,OCTOBER,1971-10-19,15,Cl,1.3,mg/L,,FALSE,FALSE,1.3
"CA-BC Okanagan Basin Agreement 1974, Tech. Supplement V",C-3,Kalamalka Lake,2,OCTOBER,1971-10-19,15,F,0.3,mg/L,,FALSE,FALSE,0.30
"CA-BC Okanagan Basin Agreement 1974, Tech. Supplement V",C-3,Kalamalka Lake,2,OCTOBER,1971-10-19,20,HCO3,172.0,mg/L,,FALSE,FALSE,172
"CA-BC Okanagan Basin Agreement 1974, Tech. Supplement V",C-3,Kalamalka Lake,2,OCTOBER,1971-10-19,20,SO4,55.3,mg/L,,FALSE,FALSE,55.3
"CA-BC Okanagan Basin Agreement 1974, Tech. Supplement V",C-3,Kalamalka Lake,2,OCTOBER,1971-10-19,20,Cl,1.3,mg/L,,FALSE,FALSE,1.3
"CA-BC Okanagan Basin Agreement 1974, Tech. Supplement V",C-3,Kalamalka Lake,2,OCTOBER,1971-10-19,20,F,0.31,mg/L,,FALSE,FALSE,0.31
"CA-BC Okanagan Basin Agreement 1974, Tech. Supplement V",C-3,Kalamalka Lake,2,OCTOBER,1971-10-19,30,HCO3,181.0,mg/L,,FALSE,FALSE,181
"CA-BC Okanagan Basin Agreement 1974, Tech. Supplement V",C-3,Kalamalka Lake,2,OCTOBER,1971-10-19,30,SO4,55.6,mg/L,,FALSE,FALSE,55.6
"CA-BC Okanagan Basin Agreement 1974, Tech. Supplement V",C-3,Kalamalka Lake,2,OCTOBER,1971-10-19,30,Cl,1.3,mg/L,,FALSE,FALSE,1.3
"CA-BC Okanagan Basin Agreement 1974, Tech. Supplement V",C-3,Kalamalka Lake,2,OCTOBER,1971-10-19,30,F,0.3,mg/L,,FALSE,FALSE,0.30
"CA-BC Okanagan Basin Agreement 1974, Tech. Supplement V",C-3,Kalamalka Lake,4,APRIL,1971-04-18,1,HCO3,178.0,mg/L,,FALSE,FALSE,178
"CA-BC Okanagan Basin Agreement 1974, Tech. Supplement V",C-3,Kalamalka Lake,4,APRIL,1971-04-18,1,SO4,55.7,mg/L,,FALSE,FALSE,55.7
"CA-BC Okanagan Basin Agreement 1974, Tech. Supplement V",C-3,Kalamalka Lake,4,APRIL,1971-04-18,1,Cl,1.4,mg/L,,FALSE,FALSE,1.4
"CA-BC Okanagan Basin Agreement 1974, Tech. Supplement V",C-3,Kalamalka Lake,4,APRIL,1971-04-18,1,F,0.29,mg/L,,FALSE,FALSE,0.29
"CA-BC Okanagan Basin Agreement 1974, Tech. Supplement V",C-3,Kalamalka Lake,4,APRIL,1971-04-18,5,HCO3,181.0,mg/L,,FALSE,FALSE,181
"CA-BC Okanagan Basin Agreement 1974, Tech. Supplement V",C-3,Kalamalka Lake,4,APRIL,1971-04-18,5,SO4,55.8,mg/L,,FALSE,FALSE,55.8
"CA-BC Okanagan Basin Agreement 1974, Tech. Supplement V",C-3,Kalamalka Lake,4,APRIL,1971-04-18,5,Cl,1.2,mg/L,,FALSE,FALSE,1.2
"CA-BC Okanagan Basin Agreement 1974, Tech. Supplement V",C-3,Kalamalka Lake,4,APRIL,1971-04-18,5,F,0.29,mg/L,,FALSE,FALSE,0.29
"CA-BC Okanagan Basin Agreement 1974, Tech. Supplement V",C-3,Kalamalka Lake,4,APRIL,1971-04-18,10,HCO3,178.0,mg/L,,FALSE,FALSE,178
"CA-BC Okanagan Basin Agreement 1974, Tech. Supplement V",C-3,Kalamalka Lake,4,APRIL,1971-04-18,10,SO4,55.5,mg/L,,FALSE,FALSE,55.5
"CA-BC Okanagan Basin Agreement 1974, Tech. Supplement V",C-3,Kalamalka Lake,4,APRIL,1971-04-18,10,Cl,1.3,mg/L,,FALSE,FALSE,1.3
"CA-BC Okanagan Basin Agreement 1974, Tech. Supplement V",C-3,Kalamalka Lake,4,APRIL,1971-04-18,10,F,0.3,mg/L,,FALSE,FALSE,0.30
"CA-BC Okanagan Basin Agreement 1974, Tech. Supplement V",C-3,Kalamalka Lake,4,APRIL,1971-04-18,25,HCO3,179.0,mg/L,,FALSE,FALSE,179
"CA-BC Okanagan Basin Agreement 1974, Tech. Supplement V",C-3,Kalamalka Lake,4,APRIL,1971-04-18,25,SO4,56.6,mg/L,,FALSE,FALSE,56.6
"CA-BC Okanagan Basin Agreement 1974, Tech. Supplement V",C-3,Kalamalka Lake,4,APRIL,1971-04-18,25,Cl,1.7,mg/L,,FALSE,FALSE,1.7
"CA-BC Okanagan Basin Agreement 1974, Tech. Supplement V",C-3,Kalamalka Lake,4,APRIL,1971-04-18,25,F,0.3,mg/L,,FALSE,FALSE,0.30
"CA-BC Okanagan Basin Agreement 1974, Tech. Supplement V",C-3,Kalamalka Lake,4,APRIL,1971-04-18,50,HCO3,179.0,mg/L,,FALSE,FALSE,179
"CA-BC Okanagan Basin Agreement 1974, Tech. Supplement V",C-3,Kalamalka Lake,4,APRIL,1971-04-18,50,SO4,55.8,mg/L,,FALSE,FALSE,55.8
"CA-BC Okanagan Basin Agreement 1974, Tech. Supplement V",C-3,Kalamalka Lake,4,APRIL,1971-04-18,50,Cl,1.6,mg/L,,FALSE,FALSE,1.6
"CA-BC Okanagan Basin Agreement 1974, Tech. Supplement V",C-3,Kalamalka Lake,4,APRIL,1971-04-18,50,F,0.29,mg/L,,FALSE,FALSE,0.29
"CA-BC Okanagan Basin Agreement 1974, Tech. Supplement V",C-3,Kalamalka Lake,4,APRIL,1971-04-18,78,HCO3,179.0,mg/L,,FALSE,FALSE,179
"CA-BC Okanagan Basin Agreement 1974, Tech. Supplement V",C-3,Kalamalka Lake,4,APRIL,1971-04-18,78,SO4,55.8,mg/L,,FALSE,FALSE,55.8
"CA-BC Okanagan Basin Agreement 1974, Tech. Supplement V",C-3,Kalamalka Lake,4,APRIL,1971-04-18,78,Cl,0.13,mg/L,,FALSE,FALSE,.13
"CA-BC Okanagan Basin Agreement 1974, Tech. Supplement V",C-3,Kalamalka Lake,4,APRIL,1971-04-18,78,F,0.29,mg/L,,FALSE,FALSE,0.29
"CA-BC Okanagan Basin Agreement 1974, Tech. Supplement V",C-3,Kalamalka Lake,4,JUNE,1971-06-19,1,HCO3,176.0,mg/L,,FALSE,FALSE,176
"CA-BC Okanagan Basin Agreement 1974, Tech. Supplement V",C-3,Kalamalka Lake,4,JUNE,1971-06-19,1,SO4,54.9,mg/L,,FALSE,FALSE,54.9
"CA-BC Okanagan Basin Agreement 1974, Tech. Supplement V",C-3,Kalamalka Lake,4,JUNE,1971-06-19,1,Cl,1.1,mg/L,,FALSE,FALSE,1.1
"CA-BC Okanagan Basin Agreement 1974, Tech. Supplement V",C-3,Kalamalka Lake,4,JUNE,1971-06-19,1,F,0.27,mg/L,,FALSE,FALSE,0.27
"CA-BC Okanagan Basin Agreement 1974, Tech. Supplement V",C-3,Kalamalka Lake,4,JUNE,1971-06-19,5,HCO3,178.0,mg/L,,FALSE,FALSE,178
"CA-BC Okanagan Basin Agreement 1974, Tech. Supplement V",C-3,Kalamalka Lake,4,JUNE,1971-06-19,5,SO4,55.5,mg/L,,FALSE,FALSE,55.5
"CA-BC Okanagan Basin Agreement 1974, Tech. Supplement V",C-3,Kalamalka Lake,4,JUNE,1971-06-19,5,Cl,1.0,mg/L,,FALSE,FALSE,1.0
"CA-BC Okanagan Basin Agreement 1974, Tech. Supplement V",C-3,Kalamalka Lake,4,JUNE,1971-06-19,5,F,0.26,mg/L,,FALSE,FALSE,0.26
"CA-BC Okanagan Basin Agreement 1974, Tech. Supplement V",C-3,Kalamalka Lake,4,JUNE,1971-06-19,10,HCO3,177.0,mg/L,,FALSE,FALSE,177
"CA-BC Okanagan Basin Agreement 1974, Tech. Supplement V",C-3,Kalamalka Lake,4,JUNE,1971-06-19,10,SO4,55.5,mg/L,,FALSE,FALSE,55.5
"CA-BC Okanagan Basin Agreement 1974, Tech. Supplement V",C-3,Kalamalka Lake,4,JUNE,1971-06-19,10,Cl,1.0,mg/L,,FALSE,FALSE,1.0
"CA-BC Okanagan Basin Agreement 1974, Tech. Supplement V",C-3,Kalamalka Lake,4,JUNE,1971-06-19,10,F,0.27,mg/L,,FALSE,FALSE,0.27
"CA-BC Okanagan Basin Agreement 1974, Tech. Supplement V",C-3,Kalamalka Lake,4,JUNE,1971-06-19,25,HCO3,179.0,mg/L,,FALSE,FALSE,179
"CA-BC Okanagan Basin Agreement 1974, Tech. Supplement V",C-3,Kalamalka Lake,4,JUNE,1971-06-19,25,SO4,55.5,mg/L,,FALSE,FALSE,55.5
"CA-BC Okanagan Basin Agreement 1974, Tech. Supplement V",C-3,Kalamalka Lake,4,JUNE,1971-06-19,25,Cl,1.0,mg/L,,FALSE,FALSE,1.0
"CA-BC Okanagan Basin Agreement 1974, Tech. Supplement V",C-3,Kalamalka Lake,4,JUNE,1971-06-19,25,F,0.27,mg/L,,FALSE,FALSE,0.27
"CA-BC Okanagan Basin Agreement 1974, Tech. Supplement V",C-3,Kalamalka Lake,4,JUNE,1971-06-19,50,HCO3,182.0,mg/L,,FALSE,FALSE,182
"CA-BC Okanagan Basin Agreement 1974, Tech. Supplement V",C-3,Kalamalka Lake,4,JUNE,1971-06-19,50,SO4,56.1,mg/L,,FALSE,FALSE,56.1
"CA-BC Okanagan Basin Agreement 1974, Tech. Supplement V",C-3,Kalamalka Lake,4,JUNE,1971-06-19,50,Cl,1.0,mg/L,,FALSE,FALSE,1.0
"CA-BC Okanagan Basin Agreement 1974, Tech. Supplement V",C-3,Kalamalka Lake,4,JUNE,1971-06-19,50,F,0.27,mg/L,,FALSE,FALSE,0.27
"CA-BC Okanagan Basin Agreement 1974, Tech. Supplement V",C-3,Kalamalka Lake,4,JUNE,1971-06-19,105,HCO3,183.0,mg/L,,FALSE,FALSE,183
"CA-BC Okanagan Basin Agreement 1974, Tech. Supplement V",C-3,Kalamalka Lake,4,JUNE,1971-06-19,105,SO4,56.4,mg/L,,FALSE,FALSE,56.4
"CA-BC Okanagan Basin Agreement 1974, Tech. Supplement V",C-3,Kalamalka Lake,4,JUNE,1971-06-19,105,Cl,1.1,mg/L,,FALSE,FALSE,1.1
"CA-BC Okanagan Basin Agreement 1974, Tech. Supplement V",C-3,Kalamalka Lake,4,JUNE,1971-06-19,105,F,0.27,mg/L,,FALSE,FALSE,0.27
"CA-BC Okanagan Basin Agreement 1974, Tech. Supplement V",C-3,Kalamalka Lake,4,AUGUST,1971-08-19,1,HCO3,171.0,mg/L,,FALSE,FALSE,171
"CA-BC Okanagan Basin Agreement 1974, Tech. Supplement V",C-3,Kalamalka Lake,4,AUGUST,1971-08-19,1,SO4,56.2,mg/L,,FALSE,FALSE,56.2
"CA-BC Okanagan Basin Agreement 1974, Tech. Supplement V",C-3,Kalamalka Lake,4,AUGUST,1971-08-19,1,Cl,1.4,mg/L,,FALSE,FALSE,1.4
"CA-BC Okanagan Basin Agreement 1974, Tech. Supplement V",C-3,Kalamalka Lake,4,AUGUST,1971-08-19,1,F,0.32,mg/L,,FALSE,FALSE,0.32
"CA-BC Okanagan Basin Agreement 1974, Tech. Supplement V",C-3,Kalamalka Lake,4,AUGUST,1971-08-19,5,HCO3,172.0,mg/L,,FALSE,FALSE,172
"CA-BC Okanagan Basin Agreement 1974, Tech. Supplement V",C-3,Kalamalka Lake,4,AUGUST,1971-08-19,5,SO4,55.4,mg/L,,FALSE,FALSE,55.4
"CA-BC Okanagan Basin Agreement 1974, Tech. Supplement V",C-3,Kalamalka Lake,4,AUGUST,1971-08-19,5,Cl,1.3,mg/L,,FALSE,FALSE,1.3
"CA-BC Okanagan Basin Agreement 1974, Tech. Supplement V",C-3,Kalamalka Lake,4,AUGUST,1971-08-19,5,F,0.32,mg/L,,FALSE,FALSE,0.32
"CA-BC Okanagan Basin Agreement 1974, Tech. Supplement V",C-3,Kalamalka Lake,4,AUGUST,1971-08-19,10,HCO3,172.0,mg/L,,FALSE,FALSE,172
"CA-BC Okanagan Basin Agreement 1974, Tech. Supplement V",C-3,Kalamalka Lake,4,AUGUST,1971-08-19,10,SO4,54.4,mg/L,,FALSE,FALSE,54.4
"CA-BC Okanagan Basin Agreement 1974, Tech. Supplement V",C-3,Kalamalka Lake,4,AUGUST,1971-08-19,10,Cl,1.3,mg/L,,FALSE,FALSE,1.3
"CA-BC Okanagan Basin Agreement 1974, Tech. Supplement V",C-3,Kalamalka Lake,4,AUGUST,1971-08-19,10,F,0.32,mg/L,,FALSE,FALSE,0.32
"CA-BC Okanagan Basin Agreement 1974, Tech. Supplement V",C-3,Kalamalka Lake,4,AUGUST,1971-08-19,25,HCO3,178.0,mg/L,,FALSE,FALSE,178
"CA-BC Okanagan Basin Agreement 1974, Tech. Supplement V",C-3,Kalamalka Lake,4,AUGUST,1971-08-19,25,SO4,55.7,mg/L,,FALSE,FALSE,55.7
"CA-BC Okanagan Basin Agreement 1974, Tech. Supplement V",C-3,Kalamalka Lake,4,AUGUST,1971-08-19,25,Cl,1.3,mg/L,,FALSE,FALSE,1.3
"CA-BC Okanagan Basin Agreement 1974, Tech. Supplement V",C-3,Kalamalka Lake,4,AUGUST,1971-08-19,25,F,0.32,mg/L,,FALSE,FALSE,0.32
"CA-BC Okanagan Basin Agreement 1974, Tech. Supplement V",C-3,Kalamalka Lake,4,AUGUST,1971-08-19,50,HCO3,178.0,mg/L,,FALSE,FALSE,178
"CA-BC Okanagan Basin Agreement 1974, Tech. Supplement V",C-3,Kalamalka Lake,4,AUGUST,1971-08-19,50,SO4,55.7,mg/L,,FALSE,FALSE,55.7
"CA-BC Okanagan Basin Agreement 1974, Tech. Supplement V",C-3,Kalamalka Lake,4,AUGUST,1971-08-19,50,Cl,1.3,mg/L,,FALSE,FALSE,1.3
"CA-BC Okanagan Basin Agreement 1974, Tech. Supplement V",C-3,Kalamalka Lake,4,AUGUST,1971-08-19,50,F,0.33,mg/L,,FALSE,FALSE,0.33
"CA-BC Okanagan Basin Agreement 1974, Tech. Supplement V",C-3,Kalamalka Lake,4,AUGUST,1971-08-19,90,HCO3,178.0,mg/L,,FALSE,FALSE,178
"CA-BC Okanagan Basin Agreement 1974, Tech. Supplement V",C-3,Kalamalka Lake,4,AUGUST,1971-08-19,90,SO4,55.4,mg/L,,FALSE,FALSE,55.4
"CA-BC Okanagan Basin Agreement 1974, Tech. Supplement V",C-3,Kalamalka Lake,4,AUGUST,1971-08-19,90,Cl,1.3,mg/L,,FALSE,FALSE,1.3
"CA-BC Okanagan Basin Agreement 1974, Tech. Supplement V",C-3,Kalamalka Lake,4,AUGUST,1971-08-19,90,F,0.33,mg/L,,FALSE,FALSE,0.33
"CA-BC Okanagan Basin Agreement 1974, Tech. Supplement V",C-3,Kalamalka Lake,4,OCTOBER,1971-10-19,1,HCO3,171.0,mg/L,,FALSE,FALSE,171
"CA-BC Okanagan Basin Agreement 1974, Tech. Supplement V",C-3,Kalamalka Lake,4,OCTOBER,1971-10-19,1,SO4,55.8,mg/L,,FALSE,FALSE,55.8
"CA-BC Okanagan Basin Agreement 1974, Tech. Supplement V",C-3,Kalamalka Lake,4,OCTOBER,1971-10-19,1,Cl,1.3,mg/L,,FALSE,FALSE,1.3
"CA-BC Okanagan Basin Agreement 1974, Tech. Supplement V",C-3,Kalamalka Lake,4,OCTOBER,1971-10-19,1,F,0.3,mg/L,,FALSE,FALSE,0.30
"CA-BC Okanagan Basin Agreement 1974, Tech. Supplement V",C-3,Kalamalka Lake,4,OCTOBER,1971-10-19,5,HCO3,171.0,mg/L,,FALSE,FALSE,171
"CA-BC Okanagan Basin Agreement 1974, Tech. Supplement V",C-3,Kalamalka Lake,4,OCTOBER,1971-10-19,5,SO4,55.4,mg/L,,FALSE,FALSE,55.4
"CA-BC Okanagan Basin Agreement 1974, Tech. Supplement V",C-3,Kalamalka Lake,4,OCTOBER,1971-10-19,5,Cl,1.4,mg/L,,FALSE,FALSE,1.4
"CA-BC Okanagan Basin Agreement 1974, Tech. Supplement V",C-3,Kalamalka Lake,4,OCTOBER,1971-10-19,5,F,0.3,mg/L,,FALSE,FALSE,0.30
"CA-BC Okanagan Basin Agreement 1974, Tech. Supplement V",C-3,Kalamalka Lake,4,OCTOBER,1971-10-19,10,HCO3,171.0,mg/L,,FALSE,FALSE,171
"CA-BC Okanagan Basin Agreement 1974, Tech. Supplement V",C-3,Kalamalka Lake,4,OCTOBER,1971-10-19,10,SO4,55.3,mg/L,,FALSE,FALSE,55.3
"CA-BC Okanagan Basin Agreement 1974, Tech. Supplement V",C-3,Kalamalka Lake,4,OCTOBER,1971-10-19,10,Cl,1.4,mg/L,,FALSE,FALSE,1.4
"CA-BC Okanagan Basin Agreement 1974, Tech. Supplement V",C-3,Kalamalka Lake,4,OCTOBER,1971-10-19,10,F,0.31,mg/L,,FALSE,FALSE,0.31
"CA-BC Okanagan Basin Agreement 1974, Tech. Supplement V",C-3,Kalamalka Lake,4,OCTOBER,1971-10-19,25,HCO3,172.0,mg/L,,FALSE,FALSE,172
"CA-BC Okanagan Basin Agreement 1974, Tech. Supplement V",C-3,Kalamalka Lake,4,OCTOBER,1971-10-19,25,SO4,55.8,mg/L,,FALSE,FALSE,55.8
"CA-BC Okanagan Basin Agreement 1974, Tech. Supplement V",C-3,Kalamalka Lake,4,OCTOBER,1971-10-19,25,Cl,1.4,mg/L,,FALSE,FALSE,1.4
"CA-BC Okanagan Basin Agreement 1974, Tech. Supplement V",C-3,Kalamalka Lake,4,OCTOBER,1971-10-19,25,F,0.31,mg/L,,FALSE,FALSE,0.31
"CA-BC Okanagan Basin Agreement 1974, Tech. Supplement V",C-3,Kalamalka Lake,4,OCTOBER,1971-10-19,50,HCO3,179.0,mg/L,,FALSE,FALSE,179
"CA-BC Okanagan Basin Agreement 1974, Tech. Supplement V",C-3,Kalamalka Lake,4,OCTOBER,1971-10-19,50,SO4,55.9,mg/L,,FALSE,FALSE,55.9
"CA-BC Okanagan Basin Agreement 1974, Tech. Supplement V",C-3,Kalamalka Lake,4,OCTOBER,1971-10-19,50,Cl,1.4,mg/L,,FALSE,FALSE,1.4
"CA-BC Okanagan Basin Agreement 1974, Tech. Supplement V",C-3,Kalamalka Lake,4,OCTOBER,1971-10-19,50,F,0.31,mg/L,,FALSE,FALSE,0.31
"CA-BC Okanagan Basin Agreement 1974, Tech. Supplement V",C-3,Kalamalka Lake,4,OCTOBER,1971-10-19,100,HCO3,179.0,mg/L,,FALSE,FALSE,179
"CA-BC Okanagan Basin Agreement 1974, Tech. Supplement V",C-3,Kalamalka Lake,4,OCTOBER,1971-10-19,100,SO4,56.8,mg/L,,FALSE,FALSE,56.8
"CA-BC Okanagan Basin Agreement 1974, Tech. Supplement V",C-3,Kalamalka Lake,4,OCTOBER,1971-10-19,100,Cl,1.4,mg/L,,FALSE,FALSE,1.4
"CA-BC Okanagan Basin Agreement 1974, Tech. Supplement V",C-3,Kalamalka Lake,4,OCTOBER,1971-10-19,100,F,0.31,mg/L,,FALSE,FALSE,0.31
"CA-BC Okanagan Basin Agreement 1974, Tech. Supplement V",C-3,Wood Lake,1,APRIL,1971-04-13,1,HCO3,190.0,mg/L,,FALSE,FALSE,190
"CA-BC Okanagan Basin Agreement 1974, Tech. Supplement V",C-3,Wood Lake,1,APRIL,1971-04-13,1,SO4,30.1,mg/L,,FALSE,FALSE,30.1
"CA-BC Okanagan Basin Agreement 1974, Tech. Supplement V",C-3,Wood Lake,1,APRIL,1971-04-13,1,Cl,2.6,mg/L,,FALSE,FALSE,2.6
"CA-BC Okanagan Basin Agreement 1974, Tech. Supplement V",C-3,Wood Lake,1,APRIL,1971-04-13,1,F,0.34,mg/L,,FALSE,FALSE,0.34
"CA-BC Okanagan Basin Agreement 1974, Tech. Supplement V",C-3,Wood Lake,1,APRIL,1971-04-13,5,HCO3,188.0,mg/L,,FALSE,FALSE,188
"CA-BC Okanagan Basin Agreement 1974, Tech. Supplement V",C-3,Wood Lake,1,APRIL,1971-04-13,5,SO4,30.7,mg/L,,FALSE,FALSE,30.7
"CA-BC Okanagan Basin Agreement 1974, Tech. Supplement V",C-3,Wood Lake,1,APRIL,1971-04-13,5,Cl,2.6,mg/L,,FALSE,FALSE,2.6
"CA-BC Okanagan Basin Agreement 1974, Tech. Supplement V",C-3,Wood Lake,1,APRIL,1971-04-13,5,F,0.34,mg/L,,FALSE,FALSE,0.34
"CA-BC Okanagan Basin Agreement 1974, Tech. Supplement V",C-3,Wood Lake,1,APRIL,1971-04-13,10,HCO3,190.0,mg/L,,FALSE,FALSE,190
"CA-BC Okanagan Basin Agreement 1974, Tech. Supplement V",C-3,Wood Lake,1,APRIL,1971-04-13,10,SO4,28.9,mg/L,,FALSE,FALSE,28.9
"CA-BC Okanagan Basin Agreement 1974, Tech. Supplement V",C-3,Wood Lake,1,APRIL,1971-04-13,10,Cl,2.6,mg/L,,FALSE,FALSE,2.6
"CA-BC Okanagan Basin Agreement 1974, Tech. Supplement V",C-3,Wood Lake,1,APRIL,1971-04-13,10,F,0.34,mg/L,,FALSE,FALSE,0.34
"CA-BC Okanagan Basin Agreement 1974, Tech. Supplement V",C-3,Wood Lake,1,APRIL,1971-04-13,22,HCO3,190.0,mg/L,,FALSE,FALSE,190
"CA-BC Okanagan Basin Agreement 1974, Tech. Supplement V",C-3,Wood Lake,1,APRIL,1971-04-13,22,SO4,29.7,mg/L,,FALSE,FALSE,29.7
"CA-BC Okanagan Basin Agreement 1974, Tech. Supplement V",C-3,Wood Lake,1,APRIL,1971-04-13,22,Cl,2.6,mg/L,,FALSE,FALSE,2.6
"CA-BC Okanagan Basin Agreement 1974, Tech. Supplement V",C-3,Wood Lake,1,APRIL,1971-04-13,22,F,0.34,mg/L,,FALSE,FALSE,0.34
"CA-BC Okanagan Basin Agreement 1974, Tech. Supplement V",C-3,Wood Lake,1,JUNE,1971-06-16,1,HCO3,165.0,mg/L,,FALSE,FALSE,165
"CA-BC Okanagan Basin Agreement 1974, Tech. Supplement V",C-3,Wood Lake,1,JUNE,1971-06-16,1,SO4,30.9,mg/L,,FALSE,FALSE,30.9
"CA-BC Okanagan Basin Agreement 1974, Tech. Supplement V",C-3,Wood Lake,1,JUNE,1971-06-16,1,Cl,2.3,mg/L,,FALSE,FALSE,2.3
"CA-BC Okanagan Basin Agreement 1974, Tech. Supplement V",C-3,Wood Lake,1,JUNE,1971-06-16,1,F,0.3,mg/L,,FALSE,FALSE,0.30
"CA-BC Okanagan Basin Agreement 1974, Tech. Supplement V",C-3,Wood Lake,1,JUNE,1971-06-16,5,HCO3,168.0,mg/L,,FALSE,FALSE,168
"CA-BC Okanagan Basin Agreement 1974, Tech. Supplement V",C-3,Wood Lake,1,JUNE,1971-06-16,5,SO4,31.1,mg/L,,FALSE,FALSE,31.1
"CA-BC Okanagan Basin Agreement 1974, Tech. Supplement V",C-3,Wood Lake,1,JUNE,1971-06-16,5,Cl,2.3,mg/L,,FALSE,FALSE,2.3
"CA-BC Okanagan Basin Agreement 1974, Tech. Supplement V",C-3,Wood Lake,1,JUNE,1971-06-16,5,F,0.3,mg/L,,FALSE,FALSE,0.30
"CA-BC Okanagan Basin Agreement 1974, Tech. Supplement V",C-3,Wood Lake,1,JUNE,1971-06-16,10,HCO3,173.0,mg/L,,FALSE,FALSE,173
"CA-BC Okanagan Basin Agreement 1974, Tech. Supplement V",C-3,Wood Lake,1,JUNE,1971-06-16,10,SO4,30.6,mg/L,,FALSE,FALSE,30.6
"CA-BC Okanagan Basin Agreement 1974, Tech. Supplement V",C-3,Wood Lake,1,JUNE,1971-06-16,10,Cl,2.4,mg/L,,FALSE,FALSE,2.4
"CA-BC Okanagan Basin Agreement 1974, Tech. Supplement V",C-3,Wood Lake,1,JUNE,1971-06-16,10,F,0.3,mg/L,,FALSE,FALSE,0.30
"CA-BC Okanagan Basin Agreement 1974, Tech. Supplement V",C-3,Wood Lake,1,JUNE,1971-06-16,15,HCO3,193.0,mg/L,,FALSE,FALSE,193
"CA-BC Okanagan Basin Agreement 1974, Tech. Supplement V",C-3,Wood Lake,1,JUNE,1971-06-16,15,SO4,31.1,mg/L,,FALSE,FALSE,31.1
"CA-BC Okanagan Basin Agreement 1974, Tech. Supplement V",C-3,Wood Lake,1,JUNE,1971-06-16,15,Cl,2.6,mg/L,,FALSE,FALSE,2.6
"CA-BC Okanagan Basin Agreement 1974, Tech. Supplement V",C-3,Wood Lake,1,JUNE,1971-06-16,15,F,0.3,mg/L,,FALSE,FALSE,0.30
"CA-BC Okanagan Basin Agreement 1974, Tech. Supplement V",C-3,Wood Lake,1,JUNE,1971-06-16,20,HCO3,193.0,mg/L,,FALSE,FALSE,193
"CA-BC Okanagan Basin Agreement 1974, Tech. Supplement V",C-3,Wood Lake,1,JUNE,1971-06-16,20,SO4,30.6,mg/L,,FALSE,FALSE,30.6
"CA-BC Okanagan Basin Agreement 1974, Tech. Supplement V",C-3,Wood Lake,1,JUNE,1971-06-16,20,Cl,2.4,mg/L,,FALSE,FALSE,2.4
"CA-BC Okanagan Basin Agreement 1974, Tech. Supplement V",C-3,Wood Lake,1,JUNE,1971-06-16,20,F,0.3,mg/L,,FALSE,FALSE,0.30
"CA-BC Okanagan Basin Agreement 1974, Tech. Supplement V",C-3,Wood Lake,1,JUNE,1971-06-16,25,HCO3,198.0,mg/L,,FALSE,FALSE,198
"CA-BC Okanagan Basin Agreement 1974, Tech. Supplement V",C-3,Wood Lake,1,JUNE,1971-06-16,25,SO4,31.9,mg/L,,FALSE,FALSE,31.9
"CA-BC Okanagan Basin Agreement 1974, Tech. Supplement V",C-3,Wood Lake,1,JUNE,1971-06-16,25,Cl,2.4,mg/L,,FALSE,FALSE,2.4
"CA-BC Okanagan Basin Agreement 1974, Tech. Supplement V",C-3,Wood Lake,1,JUNE,1971-06-16,25,F,0.3,mg/L,,FALSE,FALSE,0.30
"CA-BC Okanagan Basin Agreement 1974, Tech. Supplement V",C-3,Wood Lake,1,AUGUST,1971-08-16,1,HCO3,132.0,mg/L,,FALSE,FALSE,132
"CA-BC Okanagan Basin Agreement 1974, Tech. Supplement V",C-3,Wood Lake,1,AUGUST,1971-08-16,1,SO4,29.8,mg/L,,FALSE,FALSE,29.8
"CA-BC Okanagan Basin Agreement 1974, Tech. Supplement V",C-3,Wood Lake,1,AUGUST,1971-08-16,1,Cl,2.6,mg/L,,FALSE,FALSE,2.6
"CA-BC Okanagan Basin Agreement 1974, Tech. Supplement V",C-3,Wood Lake,1,AUGUST,1971-08-16,1,F,0.34,mg/L,,FALSE,FALSE,0.34
"CA-BC Okanagan Basin Agreement 1974, Tech. Supplement V",C-3,Wood Lake,1,AUGUST,1971-08-16,5,HCO3,127.0,mg/L,,FALSE,FALSE,127
"CA-BC Okanagan Basin Agreement 1974, Tech. Supplement V",C-3,Wood Lake,1,AUGUST,1971-08-16,5,SO4,30.4,mg/L,,FALSE,FALSE,30.4
"CA-BC Okanagan Basin Agreement 1974, Tech. Supplement V",C-3,Wood Lake,1,AUGUST,1971-08-16,5,Cl,2.6,mg/L,,FALSE,FALSE,2.6
"CA-BC Okanagan Basin Agreement 1974, Tech. Supplement V",C-3,Wood Lake,1,AUGUST,1971-08-16,5,F,0.34,mg/L,,FALSE,FALSE,0.34
"CA-BC Okanagan Basin Agreement 1974, Tech. Supplement V",C-3,Wood Lake,1,AUGUST,1971-08-16,10,HCO3,131.0,mg/L,,FALSE,FALSE,131
"CA-BC Okanagan Basin Agreement 1974, Tech. Supplement V",C-3,Wood Lake,1,AUGUST,1971-08-16,10,SO4,30.1,mg/L,,FALSE,FALSE,30.1
"CA-BC Okanagan Basin Agreement 1974, Tech. Supplement V",C-3,Wood Lake,1,AUGUST,1971-08-16,10,Cl,2.6,mg/L,,FALSE,FALSE,2.6
"CA-BC Okanagan Basin Agreement 1974, Tech. Supplement V",C-3,Wood Lake,1,AUGUST,1971-08-16,10,F,0.34,mg/L,,FALSE,FALSE,0.34
"CA-BC Okanagan Basin Agreement 1974, Tech. Supplement V",C-3,Wood Lake,1,AUGUST,1971-08-16,15,HCO3,192.0,mg/L,,FALSE,FALSE,192
"CA-BC Okanagan Basin Agreement 1974, Tech. Supplement V",C-3,Wood Lake,1,AUGUST,1971-08-16,15,SO4,29.3,mg/L,,FALSE,FALSE,29.3
"CA-BC Okanagan Basin Agreement 1974, Tech. Supplement V",C-3,Wood Lake,1,AUGUST,1971-08-16,15,Cl,2.5,mg/L,,FALSE,FALSE,2.5
"CA-BC Okanagan Basin Agreement 1974, Tech. Supplement V",C-3,Wood Lake,1,AUGUST,1971-08-16,15,F,0.35,mg/L,,FALSE,FALSE,0.35
"CA-BC Okanagan Basin Agreement 1974, Tech. Supplement V",C-3,Wood Lake,1,AUGUST,1971-08-16,20,HCO3,196.0,mg/L,,FALSE,FALSE,196
"CA-BC Okanagan Basin Agreement 1974, Tech. Supplement V",C-3,Wood Lake,1,AUGUST,1971-08-16,20,SO4,29.6,mg/L,,FALSE,FALSE,29.6
"CA-BC Okanagan Basin Agreement 1974, Tech. Supplement V",C-3,Wood Lake,1,AUGUST,1971-08-16,20,Cl,2.6,mg/L,,FALSE,FALSE,2.6
"CA-BC Okanagan Basin Agreement 1974, Tech. Supplement V",C-3,Wood Lake,1,AUGUST,1971-08-16,20,F,0.35,mg/L,,FALSE,FALSE,0.35
"CA-BC Okanagan Basin Agreement 1974, Tech. Supplement V",C-3,Wood Lake,1,AUGUST,1971-08-16,28,HCO3,194.0,mg/L,,FALSE,FALSE,194
"CA-BC Okanagan Basin Agreement 1974, Tech. Supplement V",C-3,Wood Lake,1,AUGUST,1971-08-16,28,SO4,29.3,mg/L,,FALSE,FALSE,29.3
"CA-BC Okanagan Basin Agreement 1974, Tech. Supplement V",C-3,Wood Lake,1,AUGUST,1971-08-16,28,Cl,2.6,mg/L,,FALSE,FALSE,2.6
"CA-BC Okanagan Basin Agreement 1974, Tech. Supplement V",C-3,Wood Lake,1,AUGUST,1971-08-16,28,F,0.34,mg/L,,FALSE,FALSE,0.34
"CA-BC Okanagan Basin Agreement 1974, Tech. Supplement V",C-3,Wood Lake,1,OCTOBER,1971-10-14,1,HCO3,148.0,mg/L,,FALSE,FALSE,148
"CA-BC Okanagan Basin Agreement 1974, Tech. Supplement V",C-3,Wood Lake,1,OCTOBER,1971-10-14,1,SO4,31.4,mg/L,,FALSE,FALSE,31.4
"CA-BC Okanagan Basin Agreement 1974, Tech. Supplement V",C-3,Wood Lake,1,OCTOBER,1971-10-14,1,Cl,2.6,mg/L,,FALSE,FALSE,2.6
"CA-BC Okanagan Basin Agreement 1974, Tech. Supplement V",C-3,Wood Lake,1,OCTOBER,1971-10-14,1,F,0.31,mg/L,,FALSE,FALSE,0.31
"CA-BC Okanagan Basin Agreement 1974, Tech. Supplement V",C-3,Wood Lake,1,OCTOBER,1971-10-14,10,HCO3,154.0,mg/L,,FALSE,FALSE,154
"CA-BC Okanagan Basin Agreement 1974, Tech. Supplement V",C-3,Wood Lake,1,OCTOBER,1971-10-14,10,SO4,30.7,mg/L,,FALSE,FALSE,30.7
"CA-BC Okanagan Basin Agreement 1974, Tech. Supplement V",C-3,Wood Lake,1,OCTOBER,1971-10-14,10,Cl,2.6,mg/L,,FALSE,FALSE,2.6
"CA-BC Okanagan Basin Agreement 1974, Tech. Supplement V",C-3,Wood Lake,1,OCTOBER,1971-10-14,10,F,0.31,mg/L,,FALSE,FALSE,0.31
"CA-BC Okanagan Basin Agreement 1974, Tech. Supplement V",C-3,Wood Lake,1,OCTOBER,1971-10-14,15,HCO3,190.0,mg/L,,FALSE,FALSE,190
"CA-BC Okanagan Basin Agreement 1974, Tech. Supplement V",C-3,Wood Lake,1,OCTOBER,1971-10-14,15,SO4,29.2,mg/L,,FALSE,FALSE,29.2
"CA-BC Okanagan Basin Agreement 1974, Tech. Supplement V",C-3,Wood Lake,1,OCTOBER,1971-10-14,15,Cl,2.6,mg/L,,FALSE,FALSE,2.6
"CA-BC Okanagan Basin Agreement 1974, Tech. Supplement V",C-3,Wood Lake,1,OCTOBER,1971-10-14,15,F,0.31,mg/L,,FALSE,FALSE,0.31
"CA-BC Okanagan Basin Agreement 1974, Tech. Supplement V",C-3,Wood Lake,1,OCTOBER,1971-10-14,20,HCO3,205.0,mg/L,,FALSE,FALSE,205
"CA-BC Okanagan Basin Agreement 1974, Tech. Supplement V",C-3,Wood Lake,1,OCTOBER,1971-10-14,20,SO4,28.6,mg/L,,FALSE,FALSE,28.6
"CA-BC Okanagan Basin Agreement 1974, Tech. Supplement V",C-3,Wood Lake,1,OCTOBER,1971-10-14,20,Cl,2.6,mg/L,,FALSE,FALSE,2.6
"CA-BC Okanagan Basin Agreement 1974, Tech. Supplement V",C-3,Wood Lake,1,OCTOBER,1971-10-14,20,F,0.32,mg/L,,FALSE,FALSE,0.32
"CA-BC Okanagan Basin Agreement 1974, Tech. Supplement V",C-3,Wood Lake,2,APRIL,1971-04-13,1,HCO3,189.0,mg/L,,FALSE,FALSE,189
"CA-BC Okanagan Basin Agreement 1974, Tech. Supplement V",C-3,Wood Lake,2,APRIL,1971-04-13,1,SO4,29.7,mg/L,,FALSE,FALSE,29.7
"CA-BC Okanagan Basin Agreement 1974, Tech. Supplement V",C-3,Wood Lake,2,APRIL,1971-04-13,1,Cl,2.7,mg/L,,FALSE,FALSE,2.7
"CA-BC Okanagan Basin Agreement 1974, Tech. Supplement V",C-3,Wood Lake,2,APRIL,1971-04-13,1,F,0.35,mg/L,,FALSE,FALSE,0.35
"CA-BC Okanagan Basin Agreement 1974, Tech. Supplement V",C-3,Wood Lake,2,APRIL,1971-04-13,5,HCO3,188.0,mg/L,,FALSE,FALSE,188
"CA-BC Okanagan Basin Agreement 1974, Tech. Supplement V",C-3,Wood Lake,2,APRIL,1971-04-13,5,SO4,30.4,mg/L,,FALSE,FALSE,30.4
"CA-BC Okanagan Basin Agreement 1974, Tech. Supplement V",C-3,Wood Lake,2,APRIL,1971-04-13,5,Cl,2.6,mg/L,,FALSE,FALSE,2.6
"CA-BC Okanagan Basin Agreement 1974, Tech. Supplement V",C-3,Wood Lake,2,APRIL,1971-04-13,5,F,0.33,mg/L,,FALSE,FALSE,0.33
"CA-BC Okanagan Basin Agreement 1974, Tech. Supplement V",C-3,Wood Lake,2,APRIL,1971-04-13,10,HCO3,190.0,mg/L,,FALSE,FALSE,190
"CA-BC Okanagan Basin Agreement 1974, Tech. Supplement V",C-3,Wood Lake,2,APRIL,1971-04-13,10,SO4,29.6,mg/L,,FALSE,FALSE,29.6
"CA-BC Okanagan Basin Agreement 1974, Tech. Supplement V",C-3,Wood Lake,2,APRIL,1971-04-13,10,Cl,2.5,mg/L,,FALSE,FALSE,2.5
"CA-BC Okanagan Basin Agreement 1974, Tech. Supplement V",C-3,Wood Lake,2,APRIL,1971-04-13,10,F,0.34,mg/L,,FALSE,FALSE,0.34
"CA-BC Okanagan Basin Agreement 1974, Tech. Supplement V",C-3,Wood Lake,2,APRIL,1971-04-13,25,HCO3,188.0,mg/L,,FALSE,FALSE,188
"CA-BC Okanagan Basin Agreement 1974, Tech. Supplement V",C-3,Wood Lake,2,APRIL,1971-04-13,25,SO4,31.8,mg/L,,FALSE,FALSE,31.8
"CA-BC Okanagan Basin Agreement 1974, Tech. Supplement V",C-3,Wood Lake,2,APRIL,1971-04-13,25,Cl,2.6,mg/L,,FALSE,FALSE,2.6
"CA-BC Okanagan Basin Agreement 1974, Tech. Supplement V",C-3,Wood Lake,2,APRIL,1971-04-13,25,F,0.33,mg/L,,FALSE,FALSE,0.33
"CA-BC Okanagan Basin Agreement 1974, Tech. Supplement V",C-3,Wood Lake,2,APRIL,1971-04-13,28,HCO3,189.0,mg/L,,FALSE,FALSE,189
"CA-BC Okanagan Basin Agreement 1974, Tech. Supplement V",C-3,Wood Lake,2,APRIL,1971-04-13,28,SO4,29.1,mg/L,,FALSE,FALSE,29.1
"CA-BC Okanagan Basin Agreement 1974, Tech. Supplement V",C-3,Wood Lake,2,APRIL,1971-04-13,28,Cl,2.6,mg/L,,FALSE,FALSE,2.6
"CA-BC Okanagan Basin Agreement 1974, Tech. Supplement V",C-3,Wood Lake,2,APRIL,1971-04-13,28,F,0.33,mg/L,,FALSE,FALSE,0.33
"CA-BC Okanagan Basin Agreement 1974, Tech. Supplement V",C-3,Wood Lake,2,JUNE,1971-06-16,1,HCO3,165.0,mg/L,,FALSE,FALSE,165
"CA-BC Okanagan Basin Agreement 1974, Tech. Supplement V",C-3,Wood Lake,2,JUNE,1971-06-16,1,SO4,30.9,mg/L,,FALSE,FALSE,30.9
"CA-BC Okanagan Basin Agreement 1974, Tech. Supplement V",C-3,Wood Lake,2,JUNE,1971-06-16,1,Cl,2.3,mg/L,,FALSE,FALSE,2.3
"CA-BC Okanagan Basin Agreement 1974, Tech. Supplement V",C-3,Wood Lake,2,JUNE,1971-06-16,1,F,0.3,mg/L,,FALSE,FALSE,0.30
"CA-BC Okanagan Basin Agreement 1974, Tech. Supplement V",C-3,Wood Lake,2,JUNE,1971-06-16,5,HCO3,168.0,mg/L,,FALSE,FALSE,168
"CA-BC Okanagan Basin Agreement 1974, Tech. Supplement V",C-3,Wood Lake,2,JUNE,1971-06-16,5,SO4,31.7,mg/L,,FALSE,FALSE,31.7
"CA-BC Okanagan Basin Agreement 1974, Tech. Supplement V",C-3,Wood Lake,2,JUNE,1971-06-16,5,Cl,2.2,mg/L,,FALSE,FALSE,2.2
"CA-BC Okanagan Basin Agreement 1974, Tech. Supplement V",C-3,Wood Lake,2,JUNE,1971-06-16,5,F,0.3,mg/L,,FALSE,FALSE,0.30
"CA-BC Okanagan Basin Agreement 1974, Tech. Supplement V",C-3,Wood Lake,2,JUNE,1971-06-16,10,HCO3,179.0,mg/L,,FALSE,FALSE,179
"CA-BC Okanagan Basin Agreement 1974, Tech. Supplement V",C-3,Wood Lake,2,JUNE,1971-06-16,10,SO4,31.7,mg/L,,FALSE,FALSE,31.7
"CA-BC Okanagan Basin Agreement 1974, Tech. Supplement V",C-3,Wood Lake,2,JUNE,1971-06-16,10,Cl,2.2,mg/L,,FALSE,FALSE,2.2
"CA-BC Okanagan Basin Agreement 1974, Tech. Supplement V",C-3,Wood Lake,2,JUNE,1971-06-16,10,F,0.3,mg/L,,FALSE,FALSE,0.30
"CA-BC Okanagan Basin Agreement 1974, Tech. Supplement V",C-3,Wood Lake,2,JUNE,1971-06-16,15,HCO3,193.0,mg/L,,FALSE,FALSE,193
"CA-BC Okanagan Basin Agreement 1974, Tech. Supplement V",C-3,Wood Lake,2,JUNE,1971-06-16,15,SO4,31.4,mg/L,,FALSE,FALSE,31.4
"CA-BC Okanagan Basin Agreement 1974, Tech. Supplement V",C-3,Wood Lake,2,JUNE,1971-06-16,15,Cl,2.6,mg/L,,FALSE,FALSE,2.6
"CA-BC Okanagan Basin Agreement 1974, Tech. Supplement V",C-3,Wood Lake,2,JUNE,1971-06-16,15,F,0.3,mg/L,,FALSE,FALSE,0.30
"CA-BC Okanagan Basin Agreement 1974, Tech. Supplement V",C-3,Wood Lake,2,JUNE,1971-06-16,20,HCO3,194.0,mg/L,,FALSE,FALSE,194
"CA-BC Okanagan Basin Agreement 1974, Tech. Supplement V",C-3,Wood Lake,2,JUNE,1971-06-16,20,SO4,31.7,mg/L,,FALSE,FALSE,31.7
"CA-BC Okanagan Basin Agreement 1974, Tech. Supplement V",C-3,Wood Lake,2,JUNE,1971-06-16,20,Cl,2.3,mg/L,,FALSE,FALSE,2.3
"CA-BC Okanagan Basin Agreement 1974, Tech. Supplement V",C-3,Wood Lake,2,JUNE,1971-06-16,20,F,0.3,mg/L,,FALSE,FALSE,0.30
"CA-BC Okanagan Basin Agreement 1974, Tech. Supplement V",C-3,Wood Lake,2,JUNE,1971-06-16,28,HCO3,198.0,mg/L,,FALSE,FALSE,198
"CA-BC Okanagan Basin Agreement 1974, Tech. Supplement V",C-3,Wood Lake,2,JUNE,1971-06-16,28,SO4,30.6,mg/L,,FALSE,FALSE,30.6
"CA-BC Okanagan Basin Agreement 1974, Tech. Supplement V",C-3,Wood Lake,2,JUNE,1971-06-16,28,Cl,2.4,mg/L,,FALSE,FALSE,2.4
"CA-BC Okanagan Basin Agreement 1974, Tech. Supplement V",C-3,Wood Lake,2,JUNE,1971-06-16,28,F,0.3,mg/L,,FALSE,FALSE,0.30
"CA-BC Okanagan Basin Agreement 1974, Tech. Supplement V",C-3,Wood Lake,2,AUGUST,1971-08-16,1,HCO3,126.0,mg/L,,FALSE,FALSE,126
"CA-BC Okanagan Basin Agreement 1974, Tech. Supplement V",C-3,Wood Lake,2,AUGUST,1971-08-16,1,SO4,31.7,mg/L,,FALSE,FALSE,31.7
"CA-BC Okanagan Basin Agreement 1974, Tech. Supplement V",C-3,Wood Lake,2,AUGUST,1971-08-16,1,Cl,2.6,mg/L,,FALSE,FALSE,2.6
"CA-BC Okanagan Basin Agreement 1974, Tech. Supplement V",C-3,Wood Lake,2,AUGUST,1971-08-16,1,F,0.35,mg/L,,FALSE,FALSE,0.35
"CA-BC Okanagan Basin Agreement 1974, Tech. Supplement V",C-3,Wood Lake,2,AUGUST,1971-08-16,5,HCO3,126.0,mg/L,,FALSE,FALSE,126
"CA-BC Okanagan Basin Agreement 1974, Tech. Supplement V",C-3,Wood Lake,2,AUGUST,1971-08-16,5,SO4,31.7,mg/L,,FALSE,FALSE,31.7
"CA-BC Okanagan Basin Agreement 1974, Tech. Supplement V",C-3,Wood Lake,2,AUGUST,1971-08-16,5,Cl,2.6,mg/L,,FALSE,FALSE,2.6
"CA-BC Okanagan Basin Agreement 1974, Tech. Supplement V",C-3,Wood Lake,2,AUGUST,1971-08-16,5,F,0.34,mg/L,,FALSE,FALSE,0.34
"CA-BC Okanagan Basin Agreement 1974, Tech. Supplement V",C-3,Wood Lake,2,AUGUST,1971-08-16,10,HCO3,162.0,mg/L,,FALSE,FALSE,162
"CA-BC Okanagan Basin Agreement 1974, Tech. Supplement V",C-3,Wood Lake,2,AUGUST,1971-08-16,10,SO4,29.7,mg/L,,FALSE,FALSE,29.7
"CA-BC Okanagan Basin Agreement 1974, Tech. Supplement V",C-3,Wood Lake,2,AUGUST,1971-08-16,10,Cl,2.6,mg/L,,FALSE,FALSE,2.6
"CA-BC Okanagan Basin Agreement 1974, Tech. Supplement V",C-3,Wood Lake,2,AUGUST,1971-08-16,10,F,0.34,mg/L,,FALSE,FALSE,0.34
"CA-BC Okanagan Basin Agreement 1974, Tech. Supplement V",C-3,Wood Lake,2,AUGUST,1971-08-16,15,HCO3,195.0,mg/L,,FALSE,FALSE,195
"CA-BC Okanagan Basin Agreement 1974, Tech. Supplement V",C-3,Wood Lake,2,AUGUST,1971-08-16,15,SO4,31.0,mg/L,,FALSE,FALSE,31.0
"CA-BC Okanagan Basin Agreement 1974, Tech. Supplement V",C-3,Wood Lake,2,AUGUST,1971-08-16,15,Cl,2.6,mg/L,,FALSE,FALSE,2.6
"CA-BC Okanagan Basin Agreement 1974, Tech. Supplement V",C-3,Wood Lake,2,AUGUST,1971-08-16,15,F,0.35,mg/L,,FALSE,FALSE,0.35
"CA-BC Okanagan Basin Agreement 1974, Tech. Supplement V",C-3,Wood Lake,2,AUGUST,1971-08-16,25,HCO3,199.0,mg/L,,FALSE,FALSE,199
"CA-BC Okanagan Basin Agreement 1974, Tech. Supplement V",C-3,Wood Lake,2,AUGUST,1971-08-16,25,SO4,29.0,mg/L,,FALSE,FALSE,29.0
"CA-BC Okanagan Basin Agreement 1974, Tech. Supplement V",C-3,Wood Lake,2,AUGUST,1971-08-16,25,Cl,2.6,mg/L,,FALSE,FALSE,2.6
"CA-BC Okanagan Basin Agreement 1974, Tech. Supplement V",C-3,Wood Lake,2,AUGUST,1971-08-16,25,F,0.35,mg/L,,FALSE,FALSE,0.35
"CA-BC Okanagan Basin Agreement 1974, Tech. Supplement V",C-3,Wood Lake,2,AUGUST,1971-08-16,20,HCO3,199.0,mg/L,,FALSE,FALSE,199
"CA-BC Okanagan Basin Agreement 1974, Tech. Supplement V",C-3,Wood Lake,2,AUGUST,1971-08-16,20,SO4,29.7,mg/L,,FALSE,FALSE,29.7
"CA-BC Okanagan Basin Agreement 1974, Tech. Supplement V",C-3,Wood Lake,2,AUGUST,1971-08-16,20,Cl,2.6,mg/L,,FALSE,FALSE,2.6
"CA-BC Okanagan Basin Agreement 1974, Tech. Supplement V",C-3,Wood Lake,2,AUGUST,1971-08-16,20,F,0.35,mg/L,,FALSE,FALSE,0.35
"CA-BC Okanagan Basin Agreement 1974, Tech. Supplement V",C-3,Wood Lake,2,OCTOBER,1971-10-14,1,HCO3,149.0,mg/L,,FALSE,FALSE,149
"CA-BC Okanagan Basin Agreement 1974, Tech. Supplement V",C-3,Wood Lake,2,OCTOBER,1971-10-14,1,SO4,20.7,mg/L,,FALSE,FALSE,20.7
"CA-BC Okanagan Basin Agreement 1974, Tech. Supplement V",C-3,Wood Lake,2,OCTOBER,1971-10-14,1,Cl,2.6,mg/L,,FALSE,FALSE,2.6
"CA-BC Okanagan Basin Agreement 1974, Tech. Supplement V",C-3,Wood Lake,2,OCTOBER,1971-10-14,1,F,0.31,mg/L,,FALSE,FALSE,0.31
"CA-BC Okanagan Basin Agreement 1974, Tech. Supplement V",C-3,Wood Lake,2,OCTOBER,1971-10-14,10,HCO3,154.0,mg/L,,FALSE,FALSE,154
"CA-BC Okanagan Basin Agreement 1974, Tech. Supplement V",C-3,Wood Lake,2,OCTOBER,1971-10-14,10,SO4,30.7,mg/L,,FALSE,FALSE,30.7
"CA-BC Okanagan Basin Agreement 1974, Tech. Supplement V",C-3,Wood Lake,2,OCTOBER,1971-10-14,10,Cl,2.6,mg/L,,FALSE,FALSE,2.6
"CA-BC Okanagan Basin Agreement 1974, Tech. Supplement V",C-3,Wood Lake,2,OCTOBER,1971-10-14,10,F,0.31,mg/L,,FALSE,FALSE,0.31
"CA-BC Okanagan Basin Agreement 1974, Tech. Supplement V",C-3,Wood Lake,2,OCTOBER,1971-10-14,15,HCO3,190.0,mg/L,,FALSE,FALSE,190
"CA-BC Okanagan Basin Agreement 1974, Tech. Supplement V",C-3,Wood Lake,2,OCTOBER,1971-10-14,15,SO4,29.4,mg/L,,FALSE,FALSE,29.4
"CA-BC Okanagan Basin Agreement 1974, Tech. Supplement V",C-3,Wood Lake,2,OCTOBER,1971-10-14,15,Cl,2.6,mg/L,,FALSE,FALSE,2.6
"CA-BC Okanagan Basin Agreement 1974, Tech. Supplement V",C-3,Wood Lake,2,OCTOBER,1971-10-14,15,F,0.32,mg/L,,FALSE,FALSE,0.32
"CA-BC Okanagan Basin Agreement 1974, Tech. Supplement V",C-3,Wood Lake,2,OCTOBER,1971-10-14,20,HCO3,204.0,mg/L,,FALSE,FALSE,204
"CA-BC Okanagan Basin Agreement 1974, Tech. Supplement V",C-3,Wood Lake,2,OCTOBER,1971-10-14,20,SO4,29.2,mg/L,,FALSE,FALSE,29.2
"CA-BC Okanagan Basin Agreement 1974, Tech. Supplement V",C-3,Wood Lake,2,OCTOBER,1971-10-14,20,Cl,2.6,mg/L,,FALSE,FALSE,2.6
"CA-BC Okanagan Basin Agreement 1974, Tech. Supplement V",C-3,Wood Lake,2,OCTOBER,1971-10-14,20,F,0.32,mg/L,,FALSE,FALSE,0.32
"CA-BC Okanagan Basin Agreement 1974, Tech. Supplement V",C-3,Wood Lake,2,OCTOBER,1971-10-14,29,HCO3,207.0,mg/L,,FALSE,FALSE,207
"CA-BC Okanagan Basin Agreement 1974, Tech. Supplement V",C-3,Wood Lake,2,OCTOBER,1971-10-14,29,SO4,30.7,mg/L,,FALSE,FALSE,30.7
"CA-BC Okanagan Basin Agreement 1974, Tech. Supplement V",C-3,Wood Lake,2,OCTOBER,1971-10-14,29,Cl,2.6,mg/L,,FALSE,FALSE,2.6
"CA-BC Okanagan Basin Agreement 1974, Tech. Supplement V",C-3,Wood Lake,2,OCTOBER,1971-10-14,29,F,0.33,mg/L,,FALSE,FALSE,0.33
"CA-BC Okanagan Basin Agreement 1974, Tech. Supplement V",C-3,Wood Lake,4,APRIL,1971-04-13,1,HCO3,190.0,mg/L,,FALSE,FALSE,190
"CA-BC Okanagan Basin Agreement 1974, Tech. Supplement V",C-3,Wood Lake,4,APRIL,1971-04-13,1,SO4,30.1,mg/L,,FALSE,FALSE,30.1
"CA-BC Okanagan Basin Agreement 1974, Tech. Supplement V",C-3,Wood Lake,4,APRIL,1971-04-13,1,Cl,2.7,mg/L,,FALSE,FALSE,2.7
"CA-BC Okanagan Basin Agreement 1974, Tech. Supplement V",C-3,Wood Lake,4,APRIL,1971-04-13,1,F,0.32,mg/L,,FALSE,FALSE,0.32
"CA-BC Okanagan Basin Agreement 1974, Tech. Supplement V",C-3,Wood Lake,4,APRIL,1971-04-13,5,HCO3,188.0,mg/L,,FALSE,FALSE,188
"CA-BC Okanagan Basin Agreement 1974, Tech. Supplement V",C-3,Wood Lake,4,APRIL,1971-04-13,5,SO4,31.2,mg/L,,FALSE,FALSE,31.2
"CA-BC Okanagan Basin Agreement 1974, Tech. Supplement V",C-3,Wood Lake,4,APRIL,1971-04-13,5,Cl,2.7,mg/L,,FALSE,FALSE,2.7
"CA-BC Okanagan Basin Agreement 1974, Tech. Supplement V",C-3,Wood Lake,4,APRIL,1971-04-13,5,F,0.32,mg/L,,FALSE,FALSE,0.32
"CA-BC Okanagan Basin Agreement 1974, Tech. Supplement V",C-3,Wood Lake,4,APRIL,1971-04-13,10,HCO3,189.0,mg/L,,FALSE,FALSE,189
"CA-BC Okanagan Basin Agreement 1974, Tech. Supplement V",C-3,Wood Lake,4,APRIL,1971-04-13,10,SO4,30.9,mg/L,,FALSE,FALSE,30.9
"CA-BC Okanagan Basin Agreement 1974, Tech. Supplement V",C-3,Wood Lake,4,APRIL,1971-04-13,10,Cl,2.7,mg/L,,FALSE,FALSE,2.7
"CA-BC Okanagan Basin Agreement 1974, Tech. Supplement V",C-3,Wood Lake,4,APRIL,1971-04-13,10,F,0.32,mg/L,,FALSE,FALSE,0.32
"CA-BC Okanagan Basin Agreement 1974, Tech. Supplement V",C-3,Wood Lake,4,APRIL,1971-04-13,15,HCO3,190.0,mg/L,,FALSE,FALSE,190
"CA-BC Okanagan Basin Agreement 1974, Tech. Supplement V",C-3,Wood Lake,4,APRIL,1971-04-13,15,SO4,29.9,mg/L,,FALSE,FALSE,29.9
"CA-BC Okanagan Basin Agreement 1974, Tech. Supplement V",C-3,Wood Lake,4,APRIL,1971-04-13,15,Cl,2.7,mg/L,,FALSE,FALSE,2.7
"CA-BC Okanagan Basin Agreement 1974, Tech. Supplement V",C-3,Wood Lake,4,APRIL,1971-04-13,15,F,0.32,mg/L,,FALSE,FALSE,0.32
"CA-BC Okanagan Basin Agreement 1974, Tech. Supplement V",C-3,Wood Lake,4,JUNE,1971-06-16,1,HCO3,166.0,mg/L,,FALSE,FALSE,166
"CA-BC Okanagan Basin Agreement 1974, Tech. Supplement V",C-3,Wood Lake,4,JUNE,1971-06-16,1,SO4,31.2,mg/L,,FALSE,FALSE,31.2
"CA-BC Okanagan Basin Agreement 1974, Tech. Supplement V",C-3,Wood Lake,4,JUNE,1971-06-16,1,Cl,2.4,mg/L,,FALSE,FALSE,2.4
"CA-BC Okanagan Basin Agreement 1974, Tech. Supplement V",C-3,Wood Lake,4,JUNE,1971-06-16,1,F,0.3,mg/L,,FALSE,FALSE,0.30
"CA-BC Okanagan Basin Agreement 1974, Tech. Supplement V",C-3,Wood Lake,4,JUNE,1971-06-16,5,HCO3,171.0,mg/L,,FALSE,FALSE,171
"CA-BC Okanagan Basin Agreement 1974, Tech. Supplement V",C-3,Wood Lake,4,JUNE,1971-06-16,5,SO4,31.5,mg/L,,FALSE,FALSE,31.5
"CA-BC Okanagan Basin Agreement 1974, Tech. Supplement V",C-3,Wood Lake,4,JUNE,1971-06-16,5,Cl,2.2,mg/L,,FALSE,FALSE,2.2
"CA-BC Okanagan Basin Agreement 1974, Tech. Supplement V",C-3,Wood Lake,4,JUNE,1971-06-16,5,F,0.3,mg/L,,FALSE,FALSE,0.30
"CA-BC Okanagan Basin Agreement 1974, Tech. Supplement V",C-3,Wood Lake,4,JUNE,1971-06-16,10,HCO3,181.0,mg/L,,FALSE,FALSE,181
"CA-BC Okanagan Basin Agreement 1974, Tech. Supplement V",C-3,Wood Lake,4,JUNE,1971-06-16,10,SO4,31.4,mg/L,,FALSE,FALSE,31.4
"CA-BC Okanagan Basin Agreement 1974, Tech. Supplement V",C-3,Wood Lake,4,JUNE,1971-06-16,10,Cl,2.2,mg/L,,FALSE,FALSE,2.2
"CA-BC Okanagan Basin Agreement 1974, Tech. Supplement V",C-3,Wood Lake,4,JUNE,1971-06-16,10,F,0.3,mg/L,,FALSE,FALSE,0.30
"CA-BC Okanagan Basin Agreement 1974, Tech. Supplement V",C-3,Wood Lake,4,JUNE,1971-06-16,15,HCO3,194.0,mg/L,,FALSE,FALSE,194
"CA-BC Okanagan Basin Agreement 1974, Tech. Supplement V",C-3,Wood Lake,4,JUNE,1971-06-16,15,SO4,31.1,mg/L,,FALSE,FALSE,31.1
"CA-BC Okanagan Basin Agreement 1974, Tech. Supplement V",C-3,Wood Lake,4,JUNE,1971-06-16,15,Cl,2.3,mg/L,,FALSE,FALSE,2.3
"CA-BC Okanagan Basin Agreement 1974, Tech. Supplement V",C-3,Wood Lake,4,JUNE,1971-06-16,15,F,0.3,mg/L,,FALSE,FALSE,0.30
"CA-BC Okanagan Basin Agreement 1974, Tech. Supplement V",C-3,Wood Lake,4,AUGUST,1971-08-16,1,HCO3,124.0,mg/L,,FALSE,FALSE,124
"CA-BC Okanagan Basin Agreement 1974, Tech. Supplement V",C-3,Wood Lake,4,AUGUST,1971-08-16,1,SO4,31.3,mg/L,,FALSE,FALSE,31.3
"CA-BC Okanagan Basin Agreement 1974, Tech. Supplement V",C-3,Wood Lake,4,AUGUST,1971-08-16,1,Cl,2.7,mg/L,,FALSE,FALSE,2.7
"CA-BC Okanagan Basin Agreement 1974, Tech. Supplement V",C-3,Wood Lake,4,AUGUST,1971-08-16,1,F,0.3,mg/L,,FALSE,FALSE,0.30
"CA-BC Okanagan Basin Agreement 1974, Tech. Supplement V",C-3,Wood Lake,4,AUGUST,1971-08-16,5,HCO3,127.0,mg/L,,FALSE,FALSE,127
"CA-BC Okanagan Basin Agreement 1974, Tech. Supplement V",C-3,Wood Lake,4,AUGUST,1971-08-16,5,SO4,30.3,mg/L,,FALSE,FALSE,30.3
"CA-BC Okanagan Basin Agreement 1974, Tech. Supplement V",C-3,Wood Lake,4,AUGUST,1971-08-16,5,Cl,2.6,mg/L,,FALSE,FALSE,2.6
"CA-BC Okanagan Basin Agreement 1974, Tech. Supplement V",C-3,Wood Lake,4,AUGUST,1971-08-16,5,F,0.3,mg/L,,FALSE,FALSE,0.30
"CA-BC Okanagan Basin Agreement 1974, Tech. Supplement V",C-3,Wood Lake,4,AUGUST,1971-08-16,10,HCO3,174.0,mg/L,,FALSE,FALSE,174
"CA-BC Okanagan Basin Agreement 1974, Tech. Supplement V",C-3,Wood Lake,4,AUGUST,1971-08-16,10,SO4,30.3,mg/L,,FALSE,FALSE,30.3
"CA-BC Okanagan Basin Agreement 1974, Tech. Supplement V",C-3,Wood Lake,4,AUGUST,1971-08-16,10,Cl,2.6,mg/L,,FALSE,FALSE,2.6
"CA-BC Okanagan Basin Agreement 1974, Tech. Supplement V",C-3,Wood Lake,4,AUGUST,1971-08-16,10,F,0.3,mg/L,,FALSE,FALSE,0.30
"CA-BC Okanagan Basin Agreement 1974, Tech. Supplement V",C-3,Wood Lake,4,AUGUST,1971-08-16,17,HCO3,196.0,mg/L,,FALSE,FALSE,196
"CA-BC Okanagan Basin Agreement 1974, Tech. Supplement V",C-3,Wood Lake,4,AUGUST,1971-08-16,17,SO4,29.3,mg/L,,FALSE,FALSE,29.3
"CA-BC Okanagan Basin Agreement 1974, Tech. Supplement V",C-3,Wood Lake,4,AUGUST,1971-08-16,17,Cl,2.4,mg/L,,FALSE,FALSE,2.4
"CA-BC Okanagan Basin Agreement 1974, Tech. Supplement V",C-3,Wood Lake,4,AUGUST,1971-08-16,17,F,0.31,mg/L,,FALSE,FALSE,0.31
"CA-BC Okanagan Basin Agreement 1974, Tech. Supplement V",C-3,Wood Lake,4,OCTOBER,1971-10-14,1,HCO3,148.0,mg/L,,FALSE,FALSE,148
"CA-BC Okanagan Basin Agreement 1974, Tech. Supplement V",C-3,Wood Lake,4,OCTOBER,1971-10-14,1,SO4,30.7,mg/L,,FALSE,FALSE,30.7
"CA-BC Okanagan Basin Agreement 1974, Tech. Supplement V",C-3,Wood Lake,4,OCTOBER,1971-10-14,1,Cl,2.6,mg/L,,FALSE,FALSE,2.6
"CA-BC Okanagan Basin Agreement 1974, Tech. Supplement V",C-3,Wood Lake,4,OCTOBER,1971-10-14,1,F,0.32,mg/L,,FALSE,FALSE,0.32
"CA-BC Okanagan Basin Agreement 1974, Tech. Supplement V",C-3,Wood Lake,4,OCTOBER,1971-10-14,10,HCO3,150.0,mg/L,,FALSE,FALSE,150
"CA-BC Okanagan Basin Agreement 1974, Tech. Supplement V",C-3,Wood Lake,4,OCTOBER,1971-10-14,10,SO4,29.6,mg/L,,FALSE,FALSE,29.6
"CA-BC Okanagan Basin Agreement 1974, Tech. Supplement V",C-3,Wood Lake,4,OCTOBER,1971-10-14,10,Cl,2.6,mg/L,,FALSE,FALSE,2.6
"CA-BC Okanagan Basin Agreement 1974, Tech. Supplement V",C-3,Wood Lake,4,OCTOBER,1971-10-14,10,F,0.32,mg/L,,FALSE,FALSE,0.32
"CA-BC Okanagan Basin Agreement 1974, Tech. Supplement V",C-3,Wood Lake,4,OCTOBER,1971-10-14,15,HCO3,179.0,mg/L,,FALSE,FALSE,179
"CA-BC Okanagan Basin Agreement 1974, Tech. Supplement V",C-3,Wood Lake,4,OCTOBER,1971-10-14,15,SO4,30.2,mg/L,,FALSE,FALSE,30.2
"CA-BC Okanagan Basin Agreement 1974, Tech. Supplement V",C-3,Wood Lake,4,OCTOBER,1971-10-14,15,Cl,2.6,mg/L,,FALSE,FALSE,2.6
"CA-BC Okanagan Basin Agreement 1974, Tech. Supplement V",C-3,Wood Lake,4,OCTOBER,1971-10-14,15,F,0.32,mg/L,,FALSE,FALSE,0.32
"CA-BC Okanagan Basin Agreement 1974, Tech. Supplement V",C-3,Wood Lake,4,OCTOBER,1971-10-14,18,HCO3,190.0,mg/L,,FALSE,FALSE,190
"CA-BC Okanagan Basin Agreement 1974, Tech. Supplement V",C-3,Wood Lake,4,OCTOBER,1971-10-14,18,SO4,29.1,mg/L,,FALSE,FALSE,29.1
"CA-BC Okanagan Basin Agreement 1974, Tech. Supplement V",C-3,Wood Lake,4,OCTOBER,1971-10-14,18,Cl,2.6,mg/L,,FALSE,FALSE,2.6
"CA-BC Okanagan Basin Agreement 1974, Tech. Supplement V",C-3,Wood Lake,4,OCTOBER,1971-10-14,18,F,0.32,mg/L,,FALSE,FALSE,0.32
"CA-BC Okanagan Basin Agreement 1974, Tech. Supplement V",C-3,Okanagan Lake,10,APRIL,1971-04-20,1,HCO3,134.0,mg/L,,FALSE,FALSE,134
"CA-BC Okanagan Basin Agreement 1974, Tech. Supplement V",C-3,Okanagan Lake,10,APRIL,1971-04-20,1,SO4,26.0,mg/L,,FALSE,FALSE,26.0
"CA-BC Okanagan Basin Agreement 1974, Tech. Supplement V",C-3,Okanagan Lake,10,APRIL,1971-04-20,1,Cl,1.1,mg/L,,FALSE,FALSE,1.1
"CA-BC Okanagan Basin Agreement 1974, Tech. Supplement V",C-3,Okanagan Lake,10,APRIL,1971-04-20,1,F,0.17,mg/L,,FALSE,FALSE,0.17
"CA-BC Okanagan Basin Agreement 1974, Tech. Supplement V",C-3,Okanagan Lake,10,APRIL,1971-04-20,5,HCO3,133.0,mg/L,,FALSE,FALSE,133
"CA-BC Okanagan Basin Agreement 1974, Tech. Supplement V",C-3,Okanagan Lake,10,APRIL,1971-04-20,5,SO4,26.1,mg/L,,FALSE,FALSE,26.1
"CA-BC Okanagan Basin Agreement 1974, Tech. Supplement V",C-3,Okanagan Lake,10,APRIL,1971-04-20,5,Cl,1.0,mg/L,,FALSE,FALSE,1.0
"CA-BC Okanagan Basin Agreement 1974, Tech. Supplement V",C-3,Okanagan Lake,10,APRIL,1971-04-20,5,F,0.16,mg/L,,FALSE,FALSE,0.16
"CA-BC Okanagan Basin Agreement 1974, Tech. Supplement V",C-3,Okanagan Lake,10,APRIL,1971-04-20,10,HCO3,133.0,mg/L,,FALSE,FALSE,133
"CA-BC Okanagan Basin Agreement 1974, Tech. Supplement V",C-3,Okanagan Lake,10,APRIL,1971-04-20,10,SO4,26.3,mg/L,,FALSE,FALSE,26.3
"CA-BC Okanagan Basin Agreement 1974, Tech. Supplement V",C-3,Okanagan Lake,10,APRIL,1971-04-20,10,Cl,1.0,mg/L,,FALSE,FALSE,1.0
"CA-BC Okanagan Basin Agreement 1974, Tech. Supplement V",C-3,Okanagan Lake,10,APRIL,1971-04-20,10,F,0.16,mg/L,,FALSE,FALSE,0.16
"CA-BC Okanagan Basin Agreement 1974, Tech. Supplement V",C-3,Okanagan Lake,10,APRIL,1971-04-20,25,HCO3,133.0,mg/L,,FALSE,FALSE,133
"CA-BC Okanagan Basin Agreement 1974, Tech. Supplement V",C-3,Okanagan Lake,10,APRIL,1971-04-20,25,SO4,26.5,mg/L,,FALSE,FALSE,26.5
"CA-BC Okanagan Basin Agreement 1974, Tech. Supplement V",C-3,Okanagan Lake,10,APRIL,1971-04-20,25,Cl,1.0,mg/L,,FALSE,FALSE,1.0
"CA-BC Okanagan Basin Agreement 1974, Tech. Supplement V",C-3,Okanagan Lake,10,APRIL,1971-04-20,25,F,0.17,mg/L,,FALSE,FALSE,0.17
"CA-BC Okanagan Basin Agreement 1974, Tech. Supplement V",C-3,Okanagan Lake,10,APRIL,1971-04-20,50,HCO3,133.0,mg/L,,FALSE,FALSE,133
"CA-BC Okanagan Basin Agreement 1974, Tech. Supplement V",C-3,Okanagan Lake,10,APRIL,1971-04-20,50,SO4,26.8,mg/L,,FALSE,FALSE,26.8
"CA-BC Okanagan Basin Agreement 1974, Tech. Supplement V",C-3,Okanagan Lake,10,APRIL,1971-04-20,50,Cl,1.1,mg/L,,FALSE,FALSE,1.1
"CA-BC Okanagan Basin Agreement 1974, Tech. Supplement V",C-3,Okanagan Lake,10,APRIL,1971-04-20,50,F,0.17,mg/L,,FALSE,FALSE,0.17
"CA-BC Okanagan Basin Agreement 1974, Tech. Supplement V",C-3,Okanagan Lake,10,APRIL,1971-04-20,59,HCO3,133.0,mg/L,,FALSE,FALSE,133
"CA-BC Okanagan Basin Agreement 1974, Tech. Supplement V",C-3,Okanagan Lake,10,APRIL,1971-04-20,59,SO4,26.8,mg/L,,FALSE,FALSE,26.8
"CA-BC Okanagan Basin Agreement 1974, Tech. Supplement V",C-3,Okanagan Lake,10,APRIL,1971-04-20,59,Cl,1.3,mg/L,,FALSE,FALSE,1.3
"CA-BC Okanagan Basin Agreement 1974, Tech. Supplement V",C-3,Okanagan Lake,10,APRIL,1971-04-20,59,F,0.17,mg/L,,FALSE,FALSE,0.17
"CA-BC Okanagan Basin Agreement 1974, Tech. Supplement V",C-3,Okanagan Lake,10,JUNE,1971-06-20,1,HCO3,129.0,mg/L,,FALSE,FALSE,129
"CA-BC Okanagan Basin Agreement 1974, Tech. Supplement V",C-3,Okanagan Lake,10,JUNE,1971-06-20,1,SO4,26.6,mg/L,,FALSE,FALSE,26.6
"CA-BC Okanagan Basin Agreement 1974, Tech. Supplement V",C-3,Okanagan Lake,10,JUNE,1971-06-20,1,Cl,1.1,mg/L,,FALSE,FALSE,1.1
"CA-BC Okanagan Basin Agreement 1974, Tech. Supplement V",C-3,Okanagan Lake,10,JUNE,1971-06-20,1,F,0.17,mg/L,,FALSE,FALSE,0.17
"CA-BC Okanagan Basin Agreement 1974, Tech. Supplement V",C-3,Okanagan Lake,10,JUNE,1971-06-20,5,HCO3,129.0,mg/L,,FALSE,FALSE,129
"CA-BC Okanagan Basin Agreement 1974, Tech. Supplement V",C-3,Okanagan Lake,10,JUNE,1971-06-20,5,SO4,26.3,mg/L,,FALSE,FALSE,26.3
"CA-BC Okanagan Basin Agreement 1974, Tech. Supplement V",C-3,Okanagan Lake,10,JUNE,1971-06-20,5,Cl,1.1,mg/L,,FALSE,FALSE,1.1
"CA-BC Okanagan Basin Agreement 1974, Tech. Supplement V",C-3,Okanagan Lake,10,JUNE,1971-06-20,5,F,0.16,mg/L,,FALSE,FALSE,0.16
"CA-BC Okanagan Basin Agreement 1974, Tech. Supplement V",C-3,Okanagan Lake,10,JUNE,1971-06-20,10,HCO3,129.0,mg/L,,FALSE,FALSE,129
"CA-BC Okanagan Basin Agreement 1974, Tech. Supplement V",C-3,Okanagan Lake,10,JUNE,1971-06-20,10,SO4,26.3,mg/L,,FALSE,FALSE,26.3
"CA-BC Okanagan Basin Agreement 1974, Tech. Supplement V",C-3,Okanagan Lake,10,JUNE,1971-06-20,10,Cl,1.1,mg/L,,FALSE,FALSE,1.1
"CA-BC Okanagan Basin Agreement 1974, Tech. Supplement V",C-3,Okanagan Lake,10,JUNE,1971-06-20,10,F,0.17,mg/L,,FALSE,FALSE,0.17
"CA-BC Okanagan Basin Agreement 1974, Tech. Supplement V",C-3,Okanagan Lake,10,JUNE,1971-06-20,25,HCO3,133.0,mg/L,,FALSE,FALSE,133
"CA-BC Okanagan Basin Agreement 1974, Tech. Supplement V",C-3,Okanagan Lake,10,JUNE,1971-06-20,25,SO4,27.1,mg/L,,FALSE,FALSE,27.1
"CA-BC Okanagan Basin Agreement 1974, Tech. Supplement V",C-3,Okanagan Lake,10,JUNE,1971-06-20,25,Cl,1.1,mg/L,,FALSE,FALSE,1.1
"CA-BC Okanagan Basin Agreement 1974, Tech. Supplement V",C-3,Okanagan Lake,10,JUNE,1971-06-20,25,F,0.18,mg/L,,FALSE,FALSE,0.18
"CA-BC Okanagan Basin Agreement 1974, Tech. Supplement V",C-3,Okanagan Lake,10,JUNE,1971-06-20,50,HCO3,134.0,mg/L,,FALSE,FALSE,134
"CA-BC Okanagan Basin Agreement 1974, Tech. Supplement V",C-3,Okanagan Lake,10,JUNE,1971-06-20,50,SO4,26.8,mg/L,,FALSE,FALSE,26.8
"CA-BC Okanagan Basin Agreement 1974, Tech. Supplement V",C-3,Okanagan Lake,10,JUNE,1971-06-20,50,Cl,1.1,mg/L,,FALSE,FALSE,1.1
"CA-BC Okanagan Basin Agreement 1974, Tech. Supplement V",C-3,Okanagan Lake,10,JUNE,1971-06-20,50,F,0.18,mg/L,,FALSE,FALSE,0.18
"CA-BC Okanagan Basin Agreement 1974, Tech. Supplement V",C-3,Okanagan Lake,10,JUNE,1971-06-20,62,HCO3,134.0,mg/L,,FALSE,FALSE,134
"CA-BC Okanagan Basin Agreement 1974, Tech. Supplement V",C-3,Okanagan Lake,10,JUNE,1971-06-20,62,SO4,27.3,mg/L,,FALSE,FALSE,27.3
"CA-BC Okanagan Basin Agreement 1974, Tech. Supplement V",C-3,Okanagan Lake,10,JUNE,1971-06-20,62,Cl,1.1,mg/L,,FALSE,FALSE,1.1
"CA-BC Okanagan Basin Agreement 1974, Tech. Supplement V",C-3,Okanagan Lake,10,JUNE,1971-06-20,62,F,0.17,mg/L,,FALSE,FALSE,0.17
"CA-BC Okanagan Basin Agreement 1974, Tech. Supplement V",C-3,Okanagan Lake,10,AUGUST,1971-08-20,1,HCO3,129.0,mg/L,,FALSE,FALSE,129
"CA-BC Okanagan Basin Agreement 1974, Tech. Supplement V",C-3,Okanagan Lake,10,AUGUST,1971-08-20,1,SO4,25.6,mg/L,,FALSE,FALSE,25.6
"CA-BC Okanagan Basin Agreement 1974, Tech. Supplement V",C-3,Okanagan Lake,10,AUGUST,1971-08-20,1,Cl,1.1,mg/L,,FALSE,FALSE,1.1
"CA-BC Okanagan Basin Agreement 1974, Tech. Supplement V",C-3,Okanagan Lake,10,AUGUST,1971-08-20,1,F,0.15,mg/L,,FALSE,FALSE,0.15
"CA-BC Okanagan Basin Agreement 1974, Tech. Supplement V",C-3,Okanagan Lake,10,AUGUST,1971-08-20,5,HCO3,128.0,mg/L,,FALSE,FALSE,128
"CA-BC Okanagan Basin Agreement 1974, Tech. Supplement V",C-3,Okanagan Lake,10,AUGUST,1971-08-20,5,SO4,26.1,mg/L,,FALSE,FALSE,26.1
"CA-BC Okanagan Basin Agreement 1974, Tech. Supplement V",C-3,Okanagan Lake,10,AUGUST,1971-08-20,5,Cl,1.2,mg/L,,FALSE,FALSE,1.2
"CA-BC Okanagan Basin Agreement 1974, Tech. Supplement V",C-3,Okanagan Lake,10,AUGUST,1971-08-20,5,F,0.16,mg/L,,FALSE,FALSE,0.16
"CA-BC Okanagan Basin Agreement 1974, Tech. Supplement V",C-3,Okanagan Lake,10,AUGUST,1971-08-20,10,HCO3,132.0,mg/L,,FALSE,FALSE,132
"CA-BC Okanagan Basin Agreement 1974, Tech. Supplement V",C-3,Okanagan Lake,10,AUGUST,1971-08-20,10,SO4,26.4,mg/L,,FALSE,FALSE,26.4
"CA-BC Okanagan Basin Agreement 1974, Tech. Supplement V",C-3,Okanagan Lake,10,AUGUST,1971-08-20,10,Cl,1.2,mg/L,,FALSE,FALSE,1.2
"CA-BC Okanagan Basin Agreement 1974, Tech. Supplement V",C-3,Okanagan Lake,10,AUGUST,1971-08-20,10,F,0.16,mg/L,,FALSE,FALSE,0.16
"CA-BC Okanagan Basin Agreement 1974, Tech. Supplement V",C-3,Okanagan Lake,10,AUGUST,1971-08-20,25,HCO3,134.0,mg/L,,FALSE,FALSE,134
"CA-BC Okanagan Basin Agreement 1974, Tech. Supplement V",C-3,Okanagan Lake,10,AUGUST,1971-08-20,25,SO4,26.4,mg/L,,FALSE,FALSE,26.4
"CA-BC Okanagan Basin Agreement 1974, Tech. Supplement V",C-3,Okanagan Lake,10,AUGUST,1971-08-20,25,Cl,1.2,mg/L,,FALSE,FALSE,1.2
"CA-BC Okanagan Basin Agreement 1974, Tech. Supplement V",C-3,Okanagan Lake,10,AUGUST,1971-08-20,25,F,0.18,mg/L,,FALSE,FALSE,0.18
"CA-BC Okanagan Basin Agreement 1974, Tech. Supplement V",C-3,Okanagan Lake,10,AUGUST,1971-08-20,50,HCO3,134.0,mg/L,,FALSE,FALSE,134
"CA-BC Okanagan Basin Agreement 1974, Tech. Supplement V",C-3,Okanagan Lake,10,AUGUST,1971-08-20,50,SO4,26.3,mg/L,,FALSE,FALSE,26.3
"CA-BC Okanagan Basin Agreement 1974, Tech. Supplement V",C-3,Okanagan Lake,10,AUGUST,1971-08-20,50,Cl,1.1,mg/L,,FALSE,FALSE,1.1
"CA-BC Okanagan Basin Agreement 1974, Tech. Supplement V",C-3,Okanagan Lake,10,AUGUST,1971-08-20,50,F,0.17,mg/L,,FALSE,FALSE,0.17
"CA-BC Okanagan Basin Agreement 1974, Tech. Supplement V",C-3,Okanagan Lake,10,AUGUST,1971-08-20,58,HCO3,134.0,mg/L,,FALSE,FALSE,134
"CA-BC Okanagan Basin Agreement 1974, Tech. Supplement V",C-3,Okanagan Lake,10,AUGUST,1971-08-20,58,SO4,26.6,mg/L,,FALSE,FALSE,26.6
"CA-BC Okanagan Basin Agreement 1974, Tech. Supplement V",C-3,Okanagan Lake,10,AUGUST,1971-08-20,58,Cl,1.1,mg/L,,FALSE,FALSE,1.1
"CA-BC Okanagan Basin Agreement 1974, Tech. Supplement V",C-3,Okanagan Lake,10,AUGUST,1971-08-20,58,F,0.17,mg/L,,FALSE,FALSE,0.17
"CA-BC Okanagan Basin Agreement 1974, Tech. Supplement V",C-3,Okanagan Lake,10,OCTOBER,1971-10-19,1,HCO3,129.0,mg/L,,FALSE,FALSE,129
"CA-BC Okanagan Basin Agreement 1974, Tech. Supplement V",C-3,Okanagan Lake,10,OCTOBER,1971-10-19,1,SO4,26.9,mg/L,,FALSE,FALSE,26.9
"CA-BC Okanagan Basin Agreement 1974, Tech. Supplement V",C-3,Okanagan Lake,10,OCTOBER,1971-10-19,1,Cl,1.1,mg/L,,FALSE,FALSE,1.1
"CA-BC Okanagan Basin Agreement 1974, Tech. Supplement V",C-3,Okanagan Lake,10,OCTOBER,1971-10-19,1,F,0.17,mg/L,,FALSE,FALSE,0.17
"CA-BC Okanagan Basin Agreement 1974, Tech. Supplement V",C-3,Okanagan Lake,10,OCTOBER,1971-10-19,5,HCO3,129.0,mg/L,,FALSE,FALSE,129
"CA-BC Okanagan Basin Agreement 1974, Tech. Supplement V",C-3,Okanagan Lake,10,OCTOBER,1971-10-19,5,SO4,27.0,mg/L,,FALSE,FALSE,27.0
"CA-BC Okanagan Basin Agreement 1974, Tech. Supplement V",C-3,Okanagan Lake,10,OCTOBER,1971-10-19,5,Cl,1.1,mg/L,,FALSE,FALSE,1.1
"CA-BC Okanagan Basin Agreement 1974, Tech. Supplement V",C-3,Okanagan Lake,10,OCTOBER,1971-10-19,5,F,0.17,mg/L,,FALSE,FALSE,0.17
"CA-BC Okanagan Basin Agreement 1974, Tech. Supplement V",C-3,Okanagan Lake,10,OCTOBER,1971-10-19,15,HCO3,132.0,mg/L,,FALSE,FALSE,132
"CA-BC Okanagan Basin Agreement 1974, Tech. Supplement V",C-3,Okanagan Lake,10,OCTOBER,1971-10-19,15,SO4,27.6,mg/L,,FALSE,FALSE,27.6
"CA-BC Okanagan Basin Agreement 1974, Tech. Supplement V",C-3,Okanagan Lake,10,OCTOBER,1971-10-19,15,Cl,1.1,mg/L,,FALSE,FALSE,1.1
"CA-BC Okanagan Basin Agreement 1974, Tech. Supplement V",C-3,Okanagan Lake,10,OCTOBER,1971-10-19,15,F,0.17,mg/L,,FALSE,FALSE,0.17
"CA-BC Okanagan Basin Agreement 1974, Tech. Supplement V",C-3,Okanagan Lake,10,OCTOBER,1971-10-19,25,HCO3,133.0,mg/L,,FALSE,FALSE,133
"CA-BC Okanagan Basin Agreement 1974, Tech. Supplement V",C-3,Okanagan Lake,10,OCTOBER,1971-10-19,25,SO4,27.7,mg/L,,FALSE,FALSE,27.7
"CA-BC Okanagan Basin Agreement 1974, Tech. Supplement V",C-3,Okanagan Lake,10,OCTOBER,1971-10-19,25,Cl,1.1,mg/L,,FALSE,FALSE,1.1
"CA-BC Okanagan Basin Agreement 1974, Tech. Supplement V",C-3,Okanagan Lake,10,OCTOBER,1971-10-19,25,F,0.17,mg/L,,FALSE,FALSE,0.17
"CA-BC Okanagan Basin Agreement 1974, Tech. Supplement V",C-3,Okanagan Lake,10,OCTOBER,1971-10-19,53,HCO3,134.0,mg/L,,FALSE,FALSE,134
"CA-BC Okanagan Basin Agreement 1974, Tech. Supplement V",C-3,Okanagan Lake,10,OCTOBER,1971-10-19,53,SO4,28.4,mg/L,,FALSE,FALSE,28.4
"CA-BC Okanagan Basin Agreement 1974, Tech. Supplement V",C-3,Okanagan Lake,10,OCTOBER,1971-10-19,53,Cl,1.1,mg/L,,FALSE,FALSE,1.1
"CA-BC Okanagan Basin Agreement 1974, Tech. Supplement V",C-3,Okanagan Lake,10,OCTOBER,1971-10-19,53,F,0.17,mg/L,,FALSE,FALSE,0.17
"CA-BC Okanagan Basin Agreement 1974, Tech. Supplement V",C-3,Okanagan Lake,11,APRIL,1971-04-20,1,HCO3,133.0,mg/L,,FALSE,FALSE,133
"CA-BC Okanagan Basin Agreement 1974, Tech. Supplement V",C-3,Okanagan Lake,11,APRIL,1971-04-20,1,SO4,26.8,mg/L,,FALSE,FALSE,26.8
"CA-BC Okanagan Basin Agreement 1974, Tech. Supplement V",C-3,Okanagan Lake,11,APRIL,1971-04-20,1,Cl,1.1,mg/L,,FALSE,FALSE,1.1
"CA-BC Okanagan Basin Agreement 1974, Tech. Supplement V",C-3,Okanagan Lake,11,APRIL,1971-04-20,1,F,0.17,mg/L,,FALSE,FALSE,0.17
"CA-BC Okanagan Basin Agreement 1974, Tech. Supplement V",C-3,Okanagan Lake,11,APRIL,1971-04-20,5,HCO3,133.0,mg/L,,FALSE,FALSE,133
"CA-BC Okanagan Basin Agreement 1974, Tech. Supplement V",C-3,Okanagan Lake,11,APRIL,1971-04-20,5,SO4,26.8,mg/L,,FALSE,FALSE,26.8
"CA-BC Okanagan Basin Agreement 1974, Tech. Supplement V",C-3,Okanagan Lake,11,APRIL,1971-04-20,5,Cl,1.0,mg/L,,FALSE,FALSE,1.0
"CA-BC Okanagan Basin Agreement 1974, Tech. Supplement V",C-3,Okanagan Lake,11,APRIL,1971-04-20,5,F,0.17,mg/L,,FALSE,FALSE,0.17
"CA-BC Okanagan Basin Agreement 1974, Tech. Supplement V",C-3,Okanagan Lake,11,APRIL,1971-04-20,10,HCO3,134.0,mg/L,,FALSE,FALSE,134
"CA-BC Okanagan Basin Agreement 1974, Tech. Supplement V",C-3,Okanagan Lake,11,APRIL,1971-04-20,10,SO4,26.5,mg/L,,FALSE,FALSE,26.5
"CA-BC Okanagan Basin Agreement 1974, Tech. Supplement V",C-3,Okanagan Lake,11,APRIL,1971-04-20,10,Cl,1.0,mg/L,,FALSE,FALSE,1.0
"CA-BC Okanagan Basin Agreement 1974, Tech. Supplement V",C-3,Okanagan Lake,11,APRIL,1971-04-20,10,F,0.17,mg/L,,FALSE,FALSE,0.17
"CA-BC Okanagan Basin Agreement 1974, Tech. Supplement V",C-3,Okanagan Lake,11,APRIL,1971-04-20,25,HCO3,134.0,mg/L,,FALSE,FALSE,134
"CA-BC Okanagan Basin Agreement 1974, Tech. Supplement V",C-3,Okanagan Lake,11,APRIL,1971-04-20,25,SO4,27.1,mg/L,,FALSE,FALSE,27.1
"CA-BC Okanagan Basin Agreement 1974, Tech. Supplement V",C-3,Okanagan Lake,11,APRIL,1971-04-20,25,Cl,1.0,mg/L,,FALSE,FALSE,1.0
"CA-BC Okanagan Basin Agreement 1974, Tech. Supplement V",C-3,Okanagan Lake,11,APRIL,1971-04-20,25,F,0.17,mg/L,,FALSE,FALSE,0.17
"CA-BC Okanagan Basin Agreement 1974, Tech. Supplement V",C-3,Okanagan Lake,11,APRIL,1971-04-20,50,HCO3,133.0,mg/L,,FALSE,FALSE,133
"CA-BC Okanagan Basin Agreement 1974, Tech. Supplement V",C-3,Okanagan Lake,11,APRIL,1971-04-20,50,SO4,27.1,mg/L,,FALSE,FALSE,27.1
"CA-BC Okanagan Basin Agreement 1974, Tech. Supplement V",C-3,Okanagan Lake,11,APRIL,1971-04-20,50,Cl,1.0,mg/L,,FALSE,FALSE,1.0
"CA-BC Okanagan Basin Agreement 1974, Tech. Supplement V",C-3,Okanagan Lake,11,APRIL,1971-04-20,50,F,0.17,mg/L,,FALSE,FALSE,0.17
"CA-BC Okanagan Basin Agreement 1974, Tech. Supplement V",C-3,Okanagan Lake,11,APRIL,1971-04-20,100,HCO3,133.0,mg/L,,FALSE,FALSE,133
"CA-BC Okanagan Basin Agreement 1974, Tech. Supplement V",C-3,Okanagan Lake,11,APRIL,1971-04-20,100,SO4,27.7,mg/L,,FALSE,FALSE,27.7
"CA-BC Okanagan Basin Agreement 1974, Tech. Supplement V",C-3,Okanagan Lake,11,APRIL,1971-04-20,100,Cl,1.0,mg/L,,FALSE,FALSE,1.0
"CA-BC Okanagan Basin Agreement 1974, Tech. Supplement V",C-3,Okanagan Lake,11,APRIL,1971-04-20,100,F,0.16,mg/L,,FALSE,FALSE,0.16
"CA-BC Okanagan Basin Agreement 1974, Tech. Supplement V",C-3,Okanagan Lake,11,APRIL,1971-04-20,180,HCO3,133.0,mg/L,,FALSE,FALSE,133
"CA-BC Okanagan Basin Agreement 1974, Tech. Supplement V",C-3,Okanagan Lake,11,APRIL,1971-04-20,180,SO4,27.6,mg/L,,FALSE,FALSE,27.6
"CA-BC Okanagan Basin Agreement 1974, Tech. Supplement V",C-3,Okanagan Lake,11,APRIL,1971-04-20,180,Cl,1.0,mg/L,,FALSE,FALSE,1.0
"CA-BC Okanagan Basin Agreement 1974, Tech. Supplement V",C-3,Okanagan Lake,11,APRIL,1971-04-20,180,F,0.17,mg/L,,FALSE,FALSE,0.17
"CA-BC Okanagan Basin Agreement 1974, Tech. Supplement V",C-3,Okanagan Lake,11,JUNE,1971-06-20,1,HCO3,131.0,mg/L,,FALSE,FALSE,131
"CA-BC Okanagan Basin Agreement 1974, Tech. Supplement V",C-3,Okanagan Lake,11,JUNE,1971-06-20,1,SO4,26.6,mg/L,,FALSE,FALSE,26.6
"CA-BC Okanagan Basin Agreement 1974, Tech. Supplement V",C-3,Okanagan Lake,11,JUNE,1971-06-20,1,Cl,1.1,mg/L,,FALSE,FALSE,1.1
"CA-BC Okanagan Basin Agreement 1974, Tech. Supplement V",C-3,Okanagan Lake,11,JUNE,1971-06-20,1,F,0.16,mg/L,,FALSE,FALSE,0.16
"CA-BC Okanagan Basin Agreement 1974, Tech. Supplement V",C-3,Okanagan Lake,11,JUNE,1971-06-20,5,HCO3,128.0,mg/L,,FALSE,FALSE,128
"CA-BC Okanagan Basin Agreement 1974, Tech. Supplement V",C-3,Okanagan Lake,11,JUNE,1971-06-20,5,SO4,27.6,mg/L,,FALSE,FALSE,27.6
"CA-BC Okanagan Basin Agreement 1974, Tech. Supplement V",C-3,Okanagan Lake,11,JUNE,1971-06-20,5,Cl,1.1,mg/L,,FALSE,FALSE,1.1
"CA-BC Okanagan Basin Agreement 1974, Tech. Supplement V",C-3,Okanagan Lake,11,JUNE,1971-06-20,5,F,0.16,mg/L,,FALSE,FALSE,0.16
"CA-BC Okanagan Basin Agreement 1974, Tech. Supplement V",C-3,Okanagan Lake,11,JUNE,1971-06-20,10,HCO3,127.0,mg/L,,FALSE,FALSE,127
"CA-BC Okanagan Basin Agreement 1974, Tech. Supplement V",C-3,Okanagan Lake,11,JUNE,1971-06-20,10,SO4,26.8,mg/L,,FALSE,FALSE,26.8
"CA-BC Okanagan Basin Agreement 1974, Tech. Supplement V",C-3,Okanagan Lake,11,JUNE,1971-06-20,10,Cl,1.1,mg/L,,FALSE,FALSE,1.1
"CA-BC Okanagan Basin Agreement 1974, Tech. Supplement V",C-3,Okanagan Lake,11,JUNE,1971-06-20,10,F,0.15,mg/L,,FALSE,FALSE,0.15
"CA-BC Okanagan Basin Agreement 1974, Tech. Supplement V",C-3,Okanagan Lake,11,JUNE,1971-06-20,25,HCO3,133.0,mg/L,,FALSE,FALSE,133
"CA-BC Okanagan Basin Agreement 1974, Tech. Supplement V",C-3,Okanagan Lake,11,JUNE,1971-06-20,25,SO4,28.0,mg/L,,FALSE,FALSE,28.0
"CA-BC Okanagan Basin Agreement 1974, Tech. Supplement V",C-3,Okanagan Lake,11,JUNE,1971-06-20,25,Cl,1.1,mg/L,,FALSE,FALSE,1.1
"CA-BC Okanagan Basin Agreement 1974, Tech. Supplement V",C-3,Okanagan Lake,11,JUNE,1971-06-20,25,F,0.16,mg/L,,FALSE,FALSE,0.16
"CA-BC Okanagan Basin Agreement 1974, Tech. Supplement V",C-3,Okanagan Lake,11,JUNE,1971-06-20,50,HCO3,133.0,mg/L,,FALSE,FALSE,133
"CA-BC Okanagan Basin Agreement 1974, Tech. Supplement V",C-3,Okanagan Lake,11,JUNE,1971-06-20,50,SO4,26.6,mg/L,,FALSE,FALSE,26.6
"CA-BC Okanagan Basin Agreement 1974, Tech. Supplement V",C-3,Okanagan Lake,11,JUNE,1971-06-20,50,Cl,1.2,mg/L,,FALSE,FALSE,1.2
"CA-BC Okanagan Basin Agreement 1974, Tech. Supplement V",C-3,Okanagan Lake,11,JUNE,1971-06-20,50,F,,mg/L,,FALSE,TRUE,ND
"CA-BC Okanagan Basin Agreement 1974, Tech. Supplement V",C-3,Okanagan Lake,11,JUNE,1971-06-20,100,HCO3,137.0,mg/L,,FALSE,FALSE,137
"CA-BC Okanagan Basin Agreement 1974, Tech. Supplement V",C-3,Okanagan Lake,11,JUNE,1971-06-20,100,SO4,27.5,mg/L,,FALSE,FALSE,27.5
"CA-BC Okanagan Basin Agreement 1974, Tech. Supplement V",C-3,Okanagan Lake,11,JUNE,1971-06-20,100,Cl,1.2,mg/L,,FALSE,FALSE,1.2
"CA-BC Okanagan Basin Agreement 1974, Tech. Supplement V",C-3,Okanagan Lake,11,JUNE,1971-06-20,100,F,0.16,mg/L,,FALSE,FALSE,0.16
"CA-BC Okanagan Basin Agreement 1974, Tech. Supplement V",C-3,Okanagan Lake,11,JUNE,1971-06-20,182,HCO3,137.0,mg/L,,FALSE,FALSE,137
"CA-BC Okanagan Basin Agreement 1974, Tech. Supplement V",C-3,Okanagan Lake,11,JUNE,1971-06-20,182,SO4,27.8,mg/L,,FALSE,FALSE,27.8
"CA-BC Okanagan Basin Agreement 1974, Tech. Supplement V",C-3,Okanagan Lake,11,JUNE,1971-06-20,182,Cl,1.2,mg/L,,FALSE,FALSE,1.2
"CA-BC Okanagan Basin Agreement 1974, Tech. Supplement V",C-3,Okanagan Lake,11,JUNE,1971-06-20,182,F,0.17,mg/L,,FALSE,FALSE,0.17
"CA-BC Okanagan Basin Agreement 1974, Tech. Supplement V",C-3,Okanagan Lake,11,AUGUST,1971-08-20,1,HCO3,127.0,mg/L,,FALSE,FALSE,127
"CA-BC Okanagan Basin Agreement 1974, Tech. Supplement V",C-3,Okanagan Lake,11,AUGUST,1971-08-20,1,SO4,26.4,mg/L,,FALSE,FALSE,26.4
"CA-BC Okanagan Basin Agreement 1974, Tech. Supplement V",C-3,Okanagan Lake,11,AUGUST,1971-08-20,1,Cl,1.1,mg/L,,FALSE,FALSE,1.1
"CA-BC Okanagan Basin Agreement 1974, Tech. Supplement V",C-3,Okanagan Lake,11,AUGUST,1971-08-20,1,F,0.16,mg/L,,FALSE,FALSE,0.16
"CA-BC Okanagan Basin Agreement 1974, Tech. Supplement V",C-3,Okanagan Lake,11,AUGUST,1971-08-20,5,HCO3,128.0,mg/L,,FALSE,FALSE,128
"CA-BC Okanagan Basin Agreement 1974, Tech. Supplement V",C-3,Okanagan Lake,11,AUGUST,1971-08-20,5,SO4,26.2,mg/L,,FALSE,FALSE,26.2
"CA-BC Okanagan Basin Agreement 1974, Tech. Supplement V",C-3,Okanagan Lake,11,AUGUST,1971-08-20,5,Cl,1.1,mg/L,,FALSE,FALSE,1.1
"CA-BC Okanagan Basin Agreement 1974, Tech. Supplement V",C-3,Okanagan Lake,11,AUGUST,1971-08-20,5,F,0.16,mg/L,,FALSE,FALSE,0.16
"CA-BC Okanagan Basin Agreement 1974, Tech. Supplement V",C-3,Okanagan Lake,11,AUGUST,1971-08-20,10,HCO3,131.0,mg/L,,FALSE,FALSE,131
"CA-BC Okanagan Basin Agreement 1974, Tech. Supplement V",C-3,Okanagan Lake,11,AUGUST,1971-08-20,10,SO4,25.9,mg/L,,FALSE,FALSE,25.9
"CA-BC Okanagan Basin Agreement 1974, Tech. Supplement V",C-3,Okanagan Lake,11,AUGUST,1971-08-20,10,Cl,1.1,mg/L,,FALSE,FALSE,1.1
"CA-BC Okanagan Basin Agreement 1974, Tech. Supplement V",C-3,Okanagan Lake,11,AUGUST,1971-08-20,10,F,0.16,mg/L,,FALSE,FALSE,0.16
"CA-BC Okanagan Basin Agreement 1974, Tech. Supplement V",C-3,Okanagan Lake,11,AUGUST,1971-08-20,25,HCO3,134.0,mg/L,,FALSE,FALSE,134
"CA-BC Okanagan Basin Agreement 1974, Tech. Supplement V",C-3,Okanagan Lake,11,AUGUST,1971-08-20,25,SO4,26.5,mg/L,,FALSE,FALSE,26.5
"CA-BC Okanagan Basin Agreement 1974, Tech. Supplement V",C-3,Okanagan Lake,11,AUGUST,1971-08-20,25,Cl,1.1,mg/L,,FALSE,FALSE,1.1
"CA-BC Okanagan Basin Agreement 1974, Tech. Supplement V",C-3,Okanagan Lake,11,AUGUST,1971-08-20,25,F,0.16,mg/L,,FALSE,FALSE,0.16
"CA-BC Okanagan Basin Agreement 1974, Tech. Supplement V",C-3,Okanagan Lake,11,AUGUST,1971-08-20,50,HCO3,134.0,mg/L,,FALSE,FALSE,134
"CA-BC Okanagan Basin Agreement 1974, Tech. Supplement V",C-3,Okanagan Lake,11,AUGUST,1971-08-20,50,SO4,26.7,mg/L,,FALSE,FALSE,26.7
"CA-BC Okanagan Basin Agreement 1974, Tech. Supplement V",C-3,Okanagan Lake,11,AUGUST,1971-08-20,50,Cl,1.2,mg/L,,FALSE,FALSE,1.2
"CA-BC Okanagan Basin Agreement 1974, Tech. Supplement V",C-3,Okanagan Lake,11,AUGUST,1971-08-20,50,F,0.16,mg/L,,FALSE,FALSE,0.16
"CA-BC Okanagan Basin Agreement 1974, Tech. Supplement V",C-3,Okanagan Lake,11,AUGUST,1971-08-20,100,HCO3,134.0,mg/L,,FALSE,FALSE,134
"CA-BC Okanagan Basin Agreement 1974, Tech. Supplement V",C-3,Okanagan Lake,11,AUGUST,1971-08-20,100,SO4,26.4,mg/L,,FALSE,FALSE,26.4
"CA-BC Okanagan Basin Agreement 1974, Tech. Supplement V",C-3,Okanagan Lake,11,AUGUST,1971-08-20,100,Cl,1.1,mg/L,,FALSE,FALSE,1.1
"CA-BC Okanagan Basin Agreement 1974, Tech. Supplement V",C-3,Okanagan Lake,11,AUGUST,1971-08-20,100,F,0.16,mg/L,,FALSE,FALSE,0.16
"CA-BC Okanagan Basin Agreement 1974, Tech. Supplement V",C-3,Okanagan Lake,11,AUGUST,1971-08-20,168,HCO3,134.0,mg/L,,FALSE,FALSE,134
"CA-BC Okanagan Basin Agreement 1974, Tech. Supplement V",C-3,Okanagan Lake,11,AUGUST,1971-08-20,168,SO4,26.0,mg/L,,FALSE,FALSE,26.0
"CA-BC Okanagan Basin Agreement 1974, Tech. Supplement V",C-3,Okanagan Lake,11,AUGUST,1971-08-20,168,Cl,1.1,mg/L,,FALSE,FALSE,1.1
"CA-BC Okanagan Basin Agreement 1974, Tech. Supplement V",C-3,Okanagan Lake,11,AUGUST,1971-08-20,168,F,0.16,mg/L,,FALSE,FALSE,0.16
"CA-BC Okanagan Basin Agreement 1974, Tech. Supplement V",C-3,Okanagan Lake,11,OCTOBER,1971-10-19,1,HCO3,129.0,mg/L,,FALSE,FALSE,129
"CA-BC Okanagan Basin Agreement 1974, Tech. Supplement V",C-3,Okanagan Lake,11,OCTOBER,1971-10-19,1,SO4,27.4,mg/L,,FALSE,FALSE,27.4
"CA-BC Okanagan Basin Agreement 1974, Tech. Supplement V",C-3,Okanagan Lake,11,OCTOBER,1971-10-19,1,Cl,1.1,mg/L,,FALSE,FALSE,1.1
"CA-BC Okanagan Basin Agreement 1974, Tech. Supplement V",C-3,Okanagan Lake,11,OCTOBER,1971-10-19,1,F,0.17,mg/L,,FALSE,FALSE,0.17
"CA-BC Okanagan Basin Agreement 1974, Tech. Supplement V",C-3,Okanagan Lake,11,OCTOBER,1971-10-19,5,HCO3,129.0,mg/L,,FALSE,FALSE,129
"CA-BC Okanagan Basin Agreement 1974, Tech. Supplement V",C-3,Okanagan Lake,11,OCTOBER,1971-10-19,5,SO4,27.4,mg/L,,FALSE,FALSE,27.4
"CA-BC Okanagan Basin Agreement 1974, Tech. Supplement V",C-3,Okanagan Lake,11,OCTOBER,1971-10-19,5,Cl,1.1,mg/L,,FALSE,FALSE,1.1
"CA-BC Okanagan Basin Agreement 1974, Tech. Supplement V",C-3,Okanagan Lake,11,OCTOBER,1971-10-19,5,F,0.16,mg/L,,FALSE,FALSE,0.16
"CA-BC Okanagan Basin Agreement 1974, Tech. Supplement V",C-3,Okanagan Lake,11,OCTOBER,1971-10-19,10,HCO3,129.0,mg/L,,FALSE,FALSE,129
"CA-BC Okanagan Basin Agreement 1974, Tech. Supplement V",C-3,Okanagan Lake,11,OCTOBER,1971-10-19,10,SO4,27.6,mg/L,,FALSE,FALSE,27.6
"CA-BC Okanagan Basin Agreement 1974, Tech. Supplement V",C-3,Okanagan Lake,11,OCTOBER,1971-10-19,10,Cl,1.1,mg/L,,FALSE,FALSE,1.1
"CA-BC Okanagan Basin Agreement 1974, Tech. Supplement V",C-3,Okanagan Lake,11,OCTOBER,1971-10-19,10,F,0.17,mg/L,,FALSE,FALSE,0.17
"CA-BC Okanagan Basin Agreement 1974, Tech. Supplement V",C-3,Okanagan Lake,11,OCTOBER,1971-10-19,25,HCO3,132.0,mg/L,,FALSE,FALSE,132
"CA-BC Okanagan Basin Agreement 1974, Tech. Supplement V",C-3,Okanagan Lake,11,OCTOBER,1971-10-19,25,SO4,27.2,mg/L,,FALSE,FALSE,27.2
"CA-BC Okanagan Basin Agreement 1974, Tech. Supplement V",C-3,Okanagan Lake,11,OCTOBER,1971-10-19,25,Cl,1.1,mg/L,,FALSE,FALSE,1.1
"CA-BC Okanagan Basin Agreement 1974, Tech. Supplement V",C-3,Okanagan Lake,11,OCTOBER,1971-10-19,25,F,0.17,mg/L,,FALSE,FALSE,0.17
"CA-BC Okanagan Basin Agreement 1974, Tech. Supplement V",C-3,Okanagan Lake,11,OCTOBER,1971-10-19,50,HCO3,133.0,mg/L,,FALSE,FALSE,133
"CA-BC Okanagan Basin Agreement 1974, Tech. Supplement V",C-3,Okanagan Lake,11,OCTOBER,1971-10-19,50,SO4,27.6,mg/L,,FALSE,FALSE,27.6
"CA-BC Okanagan Basin Agreement 1974, Tech. Supplement V",C-3,Okanagan Lake,11,OCTOBER,1971-10-19,50,Cl,1.1,mg/L,,FALSE,FALSE,1.1
"CA-BC Okanagan Basin Agreement 1974, Tech. Supplement V",C-3,Okanagan Lake,11,OCTOBER,1971-10-19,50,F,0.17,mg/L,,FALSE,FALSE,0.17
"CA-BC Okanagan Basin Agreement 1974, Tech. Supplement V",C-3,Okanagan Lake,11,OCTOBER,1971-10-19,100,HCO3,134.0,mg/L,,FALSE,FALSE,134
"CA-BC Okanagan Basin Agreement 1974, Tech. Supplement V",C-3,Okanagan Lake,11,OCTOBER,1971-10-19,100,SO4,28.2,mg/L,,FALSE,FALSE,28.2
"CA-BC Okanagan Basin Agreement 1974, Tech. Supplement V",C-3,Okanagan Lake,11,OCTOBER,1971-10-19,100,Cl,1.1,mg/L,,FALSE,FALSE,1.1
"CA-BC Okanagan Basin Agreement 1974, Tech. Supplement V",C-3,Okanagan Lake,11,OCTOBER,1971-10-19,100,F,0.17,mg/L,,FALSE,FALSE,0.17
"CA-BC Okanagan Basin Agreement 1974, Tech. Supplement V",C-3,Okanagan Lake,11,OCTOBER,1971-10-19,152,HCO3,134.0,mg/L,,FALSE,FALSE,134
"CA-BC Okanagan Basin Agreement 1974, Tech. Supplement V",C-3,Okanagan Lake,11,OCTOBER,1971-10-19,152,SO4,27.7,mg/L,,FALSE,FALSE,27.7
"CA-BC Okanagan Basin Agreement 1974, Tech. Supplement V",C-3,Okanagan Lake,11,OCTOBER,1971-10-19,152,Cl,1.1,mg/L,,FALSE,FALSE,1.1
"CA-BC Okanagan Basin Agreement 1974, Tech. Supplement V",C-3,Okanagan Lake,11,OCTOBER,1971-10-19,152,F,0.17,mg/L,,FALSE,FALSE,0.17
"CA-BC Okanagan Basin Agreement 1974, Tech. Supplement V",C-3,Okanagan Lake,13,APRIL,1971-04-20,1,HCO3,134.0,mg/L,,FALSE,FALSE,134
"CA-BC Okanagan Basin Agreement 1974, Tech. Supplement V",C-3,Okanagan Lake,13,APRIL,1971-04-20,1,SO4,27.6,mg/L,,FALSE,FALSE,27.6
"CA-BC Okanagan Basin Agreement 1974, Tech. Supplement V",C-3,Okanagan Lake,13,APRIL,1971-04-20,1,Cl,1.0,mg/L,,FALSE,FALSE,1.0
"CA-BC Okanagan Basin Agreement 1974, Tech. Supplement V",C-3,Okanagan Lake,13,APRIL,1971-04-20,1,F,0.17,mg/L,,FALSE,FALSE,0.17
"CA-BC Okanagan Basin Agreement 1974, Tech. Supplement V",C-3,Okanagan Lake,13,APRIL,1971-04-20,5,HCO3,133.0,mg/L,,FALSE,FALSE,133
"CA-BC Okanagan Basin Agreement 1974, Tech. Supplement V",C-3,Okanagan Lake,13,APRIL,1971-04-20,5,SO4,27.4,mg/L,,FALSE,FALSE,27.4
"CA-BC Okanagan Basin Agreement 1974, Tech. Supplement V",C-3,Okanagan Lake,13,APRIL,1971-04-20,5,Cl,1.0,mg/L,,FALSE,FALSE,1.0
"CA-BC Okanagan Basin Agreement 1974, Tech. Supplement V",C-3,Okanagan Lake,13,APRIL,1971-04-20,5,F,0.17,mg/L,,FALSE,FALSE,0.17
"CA-BC Okanagan Basin Agreement 1974, Tech. Supplement V",C-3,Okanagan Lake,13,APRIL,1971-04-20,10,HCO3,134.0,mg/L,,FALSE,FALSE,134
"CA-BC Okanagan Basin Agreement 1974, Tech. Supplement V",C-3,Okanagan Lake,13,APRIL,1971-04-20,10,SO4,27.6,mg/L,,FALSE,FALSE,27.6
"CA-BC Okanagan Basin Agreement 1974, Tech. Supplement V",C-3,Okanagan Lake,13,APRIL,1971-04-20,10,Cl,1.0,mg/L,,FALSE,FALSE,1.0
"CA-BC Okanagan Basin Agreement 1974, Tech. Supplement V",C-3,Okanagan Lake,13,APRIL,1971-04-20,10,F,0.16,mg/L,,FALSE,FALSE,0.16
"CA-BC Okanagan Basin Agreement 1974, Tech. Supplement V",C-3,Okanagan Lake,13,APRIL,1971-04-20,25,HCO3,133.0,mg/L,,FALSE,FALSE,133
"CA-BC Okanagan Basin Agreement 1974, Tech. Supplement V",C-3,Okanagan Lake,13,APRIL,1971-04-20,25,SO4,27.9,mg/L,,FALSE,FALSE,27.9
"CA-BC Okanagan Basin Agreement 1974, Tech. Supplement V",C-3,Okanagan Lake,13,APRIL,1971-04-20,25,Cl,1.0,mg/L,,FALSE,FALSE,1.0
"CA-BC Okanagan Basin Agreement 1974, Tech. Supplement V",C-3,Okanagan Lake,13,APRIL,1971-04-20,25,F,0.16,mg/L,,FALSE,FALSE,0.16
"CA-BC Okanagan Basin Agreement 1974, Tech. Supplement V",C-3,Okanagan Lake,13,APRIL,1971-04-20,50,HCO3,133.0,mg/L,,FALSE,FALSE,133
"CA-BC Okanagan Basin Agreement 1974, Tech. Supplement V",C-3,Okanagan Lake,13,APRIL,1971-04-20,50,SO4,27.7,mg/L,,FALSE,FALSE,27.7
"CA-BC Okanagan Basin Agreement 1974, Tech. Supplement V",C-3,Okanagan Lake,13,APRIL,1971-04-20,50,Cl,1.0,mg/L,,FALSE,FALSE,1.0
"CA-BC Okanagan Basin Agreement 1974, Tech. Supplement V",C-3,Okanagan Lake,13,APRIL,1971-04-20,50,F,0.16,mg/L,,FALSE,FALSE,0.16
"CA-BC Okanagan Basin Agreement 1974, Tech. Supplement V",C-3,Okanagan Lake,13,APRIL,1971-04-20,100,HCO3,132.0,mg/L,,FALSE,FALSE,132
"CA-BC Okanagan Basin Agreement 1974, Tech. Supplement V",C-3,Okanagan Lake,13,APRIL,1971-04-20,100,SO4,27.7,mg/L,,FALSE,FALSE,27.7
"CA-BC Okanagan Basin Agreement 1974, Tech. Supplement V",C-3,Okanagan Lake,13,APRIL,1971-04-20,100,Cl,1.0,mg/L,,FALSE,FALSE,1.0
"CA-BC Okanagan Basin Agreement 1974, Tech. Supplement V",C-3,Okanagan Lake,13,APRIL,1971-04-20,100,F,0.17,mg/L,,FALSE,FALSE,0.17
"CA-BC Okanagan Basin Agreement 1974, Tech. Supplement V",C-3,Okanagan Lake,13,APRIL,1971-04-20,219,HCO3,133.0,mg/L,,FALSE,FALSE,133
"CA-BC Okanagan Basin Agreement 1974, Tech. Supplement V",C-3,Okanagan Lake,13,APRIL,1971-04-20,219,SO4,27.3,mg/L,,FALSE,FALSE,27.3
"CA-BC Okanagan Basin Agreement 1974, Tech. Supplement V",C-3,Okanagan Lake,13,APRIL,1971-04-20,219,Cl,1.0,mg/L,,FALSE,FALSE,1.0
"CA-BC Okanagan Basin Agreement 1974, Tech. Supplement V",C-3,Okanagan Lake,13,APRIL,1971-04-20,219,F,0.17,mg/L,,FALSE,FALSE,0.17
"CA-BC Okanagan Basin Agreement 1974, Tech. Supplement V",C-3,Okanagan Lake,13,JUNE,1971-06-20,1,HCO3,129.0,mg/L,,FALSE,FALSE,129
"CA-BC Okanagan Basin Agreement 1974, Tech. Supplement V",C-3,Okanagan Lake,13,JUNE,1971-06-20,1,SO4,26.8,mg/L,,FALSE,FALSE,26.8
"CA-BC Okanagan Basin Agreement 1974, Tech. Supplement V",C-3,Okanagan Lake,13,JUNE,1971-06-20,1,Cl,1.2,mg/L,,FALSE,FALSE,1.2
"CA-BC Okanagan Basin Agreement 1974, Tech. Supplement V",C-3,Okanagan Lake,13,JUNE,1971-06-20,1,F,0.17,mg/L,,FALSE,FALSE,0.17
"CA-BC Okanagan Basin Agreement 1974, Tech. Supplement V",C-3,Okanagan Lake,13,JUNE,1971-06-20,5,HCO3,129.0,mg/L,,FALSE,FALSE,129
"CA-BC Okanagan Basin Agreement 1974, Tech. Supplement V",C-3,Okanagan Lake,13,JUNE,1971-06-20,5,SO4,27.5,mg/L,,FALSE,FALSE,27.5
"CA-BC Okanagan Basin Agreement 1974, Tech. Supplement V",C-3,Okanagan Lake,13,JUNE,1971-06-20,5,Cl,1.2,mg/L,,FALSE,FALSE,1.2
"CA-BC Okanagan Basin Agreement 1974, Tech. Supplement V",C-3,Okanagan Lake,13,JUNE,1971-06-20,5,F,0.16,mg/L,,FALSE,FALSE,0.16
"CA-BC Okanagan Basin Agreement 1974, Tech. Supplement V",C-3,Okanagan Lake,13,JUNE,1971-06-20,10,HCO3,130.0,mg/L,,FALSE,FALSE,130
"CA-BC Okanagan Basin Agreement 1974, Tech. Supplement V",C-3,Okanagan Lake,13,JUNE,1971-06-20,10,SO4,26.7,mg/L,,FALSE,FALSE,26.7
"CA-BC Okanagan Basin Agreement 1974, Tech. Supplement V",C-3,Okanagan Lake,13,JUNE,1971-06-20,10,Cl,1.1,mg/L,,FALSE,FALSE,1.1
"CA-BC Okanagan Basin Agreement 1974, Tech. Supplement V",C-3,Okanagan Lake,13,JUNE,1971-06-20,10,F,0.17,mg/L,,FALSE,FALSE,0.17
"CA-BC Okanagan Basin Agreement 1974, Tech. Supplement V",C-3,Okanagan Lake,13,JUNE,1971-06-20,25,HCO3,134.0,mg/L,,FALSE,FALSE,134
"CA-BC Okanagan Basin Agreement 1974, Tech. Supplement V",C-3,Okanagan Lake,13,JUNE,1971-06-20,25,SO4,27.1,mg/L,,FALSE,FALSE,27.1
"CA-BC Okanagan Basin Agreement 1974, Tech. Supplement V",C-3,Okanagan Lake,13,JUNE,1971-06-20,25,Cl,1.1,mg/L,,FALSE,FALSE,1.1
"CA-BC Okanagan Basin Agreement 1974, Tech. Supplement V",C-3,Okanagan Lake,13,JUNE,1971-06-20,25,F,0.17,mg/L,,FALSE,FALSE,0.17
"CA-BC Okanagan Basin Agreement 1974, Tech. Supplement V",C-3,Okanagan Lake,13,JUNE,1971-06-20,50,HCO3,135.0,mg/L,,FALSE,FALSE,135
"CA-BC Okanagan Basin Agreement 1974, Tech. Supplement V",C-3,Okanagan Lake,13,JUNE,1971-06-20,50,SO4,27.1,mg/L,,FALSE,FALSE,27.1
"CA-BC Okanagan Basin Agreement 1974, Tech. Supplement V",C-3,Okanagan Lake,13,JUNE,1971-06-20,50,Cl,1.1,mg/L,,FALSE,FALSE,1.1
"CA-BC Okanagan Basin Agreement 1974, Tech. Supplement V",C-3,Okanagan Lake,13,JUNE,1971-06-20,50,F,0.17,mg/L,,FALSE,FALSE,0.17
"CA-BC Okanagan Basin Agreement 1974, Tech. Supplement V",C-3,Okanagan Lake,13,JUNE,1971-06-20,100,HCO3,137.0,mg/L,,FALSE,FALSE,137
"CA-BC Okanagan Basin Agreement 1974, Tech. Supplement V",C-3,Okanagan Lake,13,JUNE,1971-06-20,100,SO4,27.6,mg/L,,FALSE,FALSE,27.6
"CA-BC Okanagan Basin Agreement 1974, Tech. Supplement V",C-3,Okanagan Lake,13,JUNE,1971-06-20,100,Cl,1.1,mg/L,,FALSE,FALSE,1.1
"CA-BC Okanagan Basin Agreement 1974, Tech. Supplement V",C-3,Okanagan Lake,13,JUNE,1971-06-20,100,F,0.17,mg/L,,FALSE,FALSE,0.17
"CA-BC Okanagan Basin Agreement 1974, Tech. Supplement V",C-3,Okanagan Lake,13,JUNE,1971-06-20,210,HCO3,137.0,mg/L,,FALSE,FALSE,137
"CA-BC Okanagan Basin Agreement 1974, Tech. Supplement V",C-3,Okanagan Lake,13,JUNE,1971-06-20,210,SO4,27.6,mg/L,,FALSE,FALSE,27.6
"CA-BC Okanagan Basin Agreement 1974, Tech. Supplement V",C-3,Okanagan Lake,13,JUNE,1971-06-20,210,Cl,1.1,mg/L,,FALSE,FALSE,1.1
"CA-BC Okanagan Basin Agreement 1974, Tech. Supplement V",C-3,Okanagan Lake,13,JUNE,1971-06-20,210,F,0.17,mg/L,,FALSE,FALSE,0.17
"CA-BC Okanagan Basin Agreement 1974, Tech. Supplement V",C-3,Okanagan Lake,13,AUGUST,1971-08-20,1,HCO3,127.0,mg/L,,FALSE,FALSE,127
"CA-BC Okanagan Basin Agreement 1974, Tech. Supplement V",C-3,Okanagan Lake,13,AUGUST,1971-08-20,1,SO4,26.2,mg/L,,FALSE,FALSE,26.2
"CA-BC Okanagan Basin Agreement 1974, Tech. Supplement V",C-3,Okanagan Lake,13,AUGUST,1971-08-20,1,Cl,1.1,mg/L,,FALSE,FALSE,1.1
"CA-BC Okanagan Basin Agreement 1974, Tech. Supplement V",C-3,Okanagan Lake,13,AUGUST,1971-08-20,1,F,0.16,mg/L,,FALSE,FALSE,0.16
"CA-BC Okanagan Basin Agreement 1974, Tech. Supplement V",C-3,Okanagan Lake,13,AUGUST,1971-08-20,5,HCO3,127.0,mg/L,,FALSE,FALSE,127
"CA-BC Okanagan Basin Agreement 1974, Tech. Supplement V",C-3,Okanagan Lake,13,AUGUST,1971-08-20,5,SO4,25.7,mg/L,,FALSE,FALSE,25.7
"CA-BC Okanagan Basin Agreement 1974, Tech. Supplement V",C-3,Okanagan Lake,13,AUGUST,1971-08-20,5,Cl,1.1,mg/L,,FALSE,FALSE,1.1
"CA-BC Okanagan Basin Agreement 1974, Tech. Supplement V",C-3,Okanagan Lake,13,AUGUST,1971-08-20,5,F,0.16,mg/L,,FALSE,FALSE,0.16
"CA-BC Okanagan Basin Agreement 1974, Tech. Supplement V",C-3,Okanagan Lake,13,AUGUST,1971-08-20,10,HCO3,127.0,mg/L,,FALSE,FALSE,127
"CA-BC Okanagan Basin Agreement 1974, Tech. Supplement V",C-3,Okanagan Lake,13,AUGUST,1971-08-20,10,SO4,26.0,mg/L,,FALSE,FALSE,26.0
"CA-BC Okanagan Basin Agreement 1974, Tech. Supplement V",C-3,Okanagan Lake,13,AUGUST,1971-08-20,10,Cl,1.0,mg/L,,FALSE,FALSE,1.0
"CA-BC Okanagan Basin Agreement 1974, Tech. Supplement V",C-3,Okanagan Lake,13,AUGUST,1971-08-20,10,F,0.16,mg/L,,FALSE,FALSE,0.16
"CA-BC Okanagan Basin Agreement 1974, Tech. Supplement V",C-3,Okanagan Lake,13,AUGUST,1971-08-20,25,HCO3,133.0,mg/L,,FALSE,FALSE,133
"CA-BC Okanagan Basin Agreement 1974, Tech. Supplement V",C-3,Okanagan Lake,13,AUGUST,1971-08-20,25,SO4,24.9,mg/L,,FALSE,FALSE,24.9
"CA-BC Okanagan Basin Agreement 1974, Tech. Supplement V",C-3,Okanagan Lake,13,AUGUST,1971-08-20,25,Cl,1.1,mg/L,,FALSE,FALSE,1.1
"CA-BC Okanagan Basin Agreement 1974, Tech. Supplement V",C-3,Okanagan Lake,13,AUGUST,1971-08-20,25,F,0.17,mg/L,,FALSE,FALSE,0.17
"CA-BC Okanagan Basin Agreement 1974, Tech. Supplement V",C-3,Okanagan Lake,13,AUGUST,1971-08-20,50,HCO3,133.0,mg/L,,FALSE,FALSE,133
"CA-BC Okanagan Basin Agreement 1974, Tech. Supplement V",C-3,Okanagan Lake,13,AUGUST,1971-08-20,50,SO4,26.7,mg/L,,FALSE,FALSE,26.7
"CA-BC Okanagan Basin Agreement 1974, Tech. Supplement V",C-3,Okanagan Lake,13,AUGUST,1971-08-20,50,Cl,1.1,mg/L,,FALSE,FALSE,1.1
"CA-BC Okanagan Basin Agreement 1974, Tech. Supplement V",C-3,Okanagan Lake,13,AUGUST,1971-08-20,50,F,0.16,mg/L,,FALSE,FALSE,0.16
"CA-BC Okanagan Basin Agreement 1974, Tech. Supplement V",C-3,Okanagan Lake,13,AUGUST,1971-08-20,100,HCO3,137.0,mg/L,,FALSE,FALSE,137
"CA-BC Okanagan Basin Agreement 1974, Tech. Supplement V",C-3,Okanagan Lake,13,AUGUST,1971-08-20,100,SO4,26.5,mg/L,,FALSE,FALSE,26.5
"CA-BC Okanagan Basin Agreement 1974, Tech. Supplement V",C-3,Okanagan Lake,13,AUGUST,1971-08-20,100,Cl,1.1,mg/L,,FALSE,FALSE,1.1
"CA-BC Okanagan Basin Agreement 1974, Tech. Supplement V",C-3,Okanagan Lake,13,AUGUST,1971-08-20,100,F,0.16,mg/L,,FALSE,FALSE,0.16
"CA-BC Okanagan Basin Agreement 1974, Tech. Supplement V",C-3,Okanagan Lake,13,AUGUST,1971-08-20,190,HCO3,136.0,mg/L,,FALSE,FALSE,136
"CA-BC Okanagan Basin Agreement 1974, Tech. Supplement V",C-3,Okanagan Lake,13,AUGUST,1971-08-20,190,SO4,26.9,mg/L,,FALSE,FALSE,26.9
"CA-BC Okanagan Basin Agreement 1974, Tech. Supplement V",C-3,Okanagan Lake,13,AUGUST,1971-08-20,190,Cl,1.2,mg/L,,FALSE,FALSE,1.2
"CA-BC Okanagan Basin Agreement 1974, Tech. Supplement V",C-3,Okanagan Lake,13,AUGUST,1971-08-20,190,F,0.17,mg/L,,FALSE,FALSE,0.17
"CA-BC Okanagan Basin Agreement 1974, Tech. Supplement V",C-3,Okanagan Lake,13,OCTOBER,1971-10-19,1,HCO3,129.0,mg/L,,FALSE,FALSE,129
"CA-BC Okanagan Basin Agreement 1974, Tech. Supplement V",C-3,Okanagan Lake,13,OCTOBER,1971-10-19,1,SO4,27.4,mg/L,,FALSE,FALSE,27.4
"CA-BC Okanagan Basin Agreement 1974, Tech. Supplement V",C-3,Okanagan Lake,13,OCTOBER,1971-10-19,1,Cl,1.2,mg/L,,FALSE,FALSE,1.2
"CA-BC Okanagan Basin Agreement 1974, Tech. Supplement V",C-3,Okanagan Lake,13,OCTOBER,1971-10-19,1,F,0.17,mg/L,,FALSE,FALSE,0.17
"CA-BC Okanagan Basin Agreement 1974, Tech. Supplement V",C-3,Okanagan Lake,13,OCTOBER,1971-10-19,5,HCO3,129.0,mg/L,,FALSE,FALSE,129
"CA-BC Okanagan Basin Agreement 1974, Tech. Supplement V",C-3,Okanagan Lake,13,OCTOBER,1971-10-19,5,SO4,27.4,mg/L,,FALSE,FALSE,27.4
"CA-BC Okanagan Basin Agreement 1974, Tech. Supplement V",C-3,Okanagan Lake,13,OCTOBER,1971-10-19,5,Cl,1.1,mg/L,,FALSE,FALSE,1.1
"CA-BC Okanagan Basin Agreement 1974, Tech. Supplement V",C-3,Okanagan Lake,13,OCTOBER,1971-10-19,5,F,0.17,mg/L,,FALSE,FALSE,0.17
"CA-BC Okanagan Basin Agreement 1974, Tech. Supplement V",C-3,Okanagan Lake,13,OCTOBER,1971-10-19,10,HCO3,129.0,mg/L,,FALSE,FALSE,129
"CA-BC Okanagan Basin Agreement 1974, Tech. Supplement V",C-3,Okanagan Lake,13,OCTOBER,1971-10-19,10,SO4,27.4,mg/L,,FALSE,FALSE,27.4
"CA-BC Okanagan Basin Agreement 1974, Tech. Supplement V",C-3,Okanagan Lake,13,OCTOBER,1971-10-19,10,Cl,1.1,mg/L,,FALSE,FALSE,1.1
"CA-BC Okanagan Basin Agreement 1974, Tech. Supplement V",C-3,Okanagan Lake,13,OCTOBER,1971-10-19,10,F,0.18,mg/L,,FALSE,FALSE,0.18
"CA-BC Okanagan Basin Agreement 1974, Tech. Supplement V",C-3,Okanagan Lake,13,OCTOBER,1971-10-19,25,HCO3,133.0,mg/L,,FALSE,FALSE,133
"CA-BC Okanagan Basin Agreement 1974, Tech. Supplement V",C-3,Okanagan Lake,13,OCTOBER,1971-10-19,25,SO4,27.6,mg/L,,FALSE,FALSE,27.6
"CA-BC Okanagan Basin Agreement 1974, Tech. Supplement V",C-3,Okanagan Lake,13,OCTOBER,1971-10-19,25,Cl,1.1,mg/L,,FALSE,FALSE,1.1
"CA-BC Okanagan Basin Agreement 1974, Tech. Supplement V",C-3,Okanagan Lake,13,OCTOBER,1971-10-19,25,F,0.18,mg/L,,FALSE,FALSE,0.18
"CA-BC Okanagan Basin Agreement 1974, Tech. Supplement V",C-3,Okanagan Lake,13,OCTOBER,1971-10-19,50,HCO3,133.0,mg/L,,FALSE,FALSE,133
"CA-BC Okanagan Basin Agreement 1974, Tech. Supplement V",C-3,Okanagan Lake,13,OCTOBER,1971-10-19,50,SO4,27.2,mg/L,,FALSE,FALSE,27.2
"CA-BC Okanagan Basin Agreement 1974, Tech. Supplement V",C-3,Okanagan Lake,13,OCTOBER,1971-10-19,50,Cl,1.1,mg/L,,FALSE,FALSE,1.1
"CA-BC Okanagan Basin Agreement 1974, Tech. Supplement V",C-3,Okanagan Lake,13,OCTOBER,1971-10-19,50,F,0.18,mg/L,,FALSE,FALSE,0.18
"CA-BC Okanagan Basin Agreement 1974, Tech. Supplement V",C-3,Okanagan Lake,13,OCTOBER,1971-10-19,100,HCO3,135.0,mg/L,,FALSE,FALSE,135
"CA-BC Okanagan Basin Agreement 1974, Tech. Supplement V",C-3,Okanagan Lake,13,OCTOBER,1971-10-19,100,SO4,27.6,mg/L,,FALSE,FALSE,27.6
"CA-BC Okanagan Basin Agreement 1974, Tech. Supplement V",C-3,Okanagan Lake,13,OCTOBER,1971-10-19,100,Cl,1.1,mg/L,,FALSE,FALSE,1.1
"CA-BC Okanagan Basin Agreement 1974, Tech. Supplement V",C-3,Okanagan Lake,13,OCTOBER,1971-10-19,100,F,0.17,mg/L,,FALSE,FALSE,0.17
"CA-BC Okanagan Basin Agreement 1974, Tech. Supplement V",C-3,Okanagan Lake,13,OCTOBER,1971-10-19,220,HCO3,135.0,mg/L,,FALSE,FALSE,135
"CA-BC Okanagan Basin Agreement 1974, Tech. Supplement V",C-3,Okanagan Lake,13,OCTOBER,1971-10-19,220,SO4,27.6,mg/L,,FALSE,FALSE,27.6
"CA-BC Okanagan Basin Agreement 1974, Tech. Supplement V",C-3,Okanagan Lake,13,OCTOBER,1971-10-19,220,Cl,1.1,mg/L,,FALSE,FALSE,1.1
"CA-BC Okanagan Basin Agreement 1974, Tech. Supplement V",C-3,Okanagan Lake,13,OCTOBER,1971-10-19,220,F,0.17,mg/L,,FALSE,FALSE,0.17
"CA-BC Okanagan Basin Agreement 1974, Tech. Supplement V",C-3,Okanagan Lake,17,APRIL,1971-04-20,1,HCO3,139.0,mg/L,,FALSE,FALSE,139
"CA-BC Okanagan Basin Agreement 1974, Tech. Supplement V",C-3,Okanagan Lake,17,APRIL,1971-04-20,1,SO4,29.2,mg/L,,FALSE,FALSE,29.2
"CA-BC Okanagan Basin Agreement 1974, Tech. Supplement V",C-3,Okanagan Lake,17,APRIL,1971-04-20,1,Cl,1.0,mg/L,,FALSE,FALSE,1.0
"CA-BC Okanagan Basin Agreement 1974, Tech. Supplement V",C-3,Okanagan Lake,17,APRIL,1971-04-20,1,F,0.16,mg/L,,FALSE,FALSE,0.16
"CA-BC Okanagan Basin Agreement 1974, Tech. Supplement V",C-3,Okanagan Lake,17,APRIL,1971-04-20,5,HCO3,134.0,mg/L,,FALSE,FALSE,134
"CA-BC Okanagan Basin Agreement 1974, Tech. Supplement V",C-3,Okanagan Lake,17,APRIL,1971-04-20,5,SO4,30.2,mg/L,,FALSE,FALSE,30.2
"CA-BC Okanagan Basin Agreement 1974, Tech. Supplement V",C-3,Okanagan Lake,17,APRIL,1971-04-20,5,Cl,1.2,mg/L,,FALSE,FALSE,1.2
"CA-BC Okanagan Basin Agreement 1974, Tech. Supplement V",C-3,Okanagan Lake,17,APRIL,1971-04-20,5,F,0.16,mg/L,,FALSE,FALSE,0.16
"CA-BC Okanagan Basin Agreement 1974, Tech. Supplement V",C-3,Okanagan Lake,17,APRIL,1971-04-20,10,HCO3,133.0,mg/L,,FALSE,FALSE,133
"CA-BC Okanagan Basin Agreement 1974, Tech. Supplement V",C-3,Okanagan Lake,17,APRIL,1971-04-20,10,SO4,28.2,mg/L,,FALSE,FALSE,28.2
"CA-BC Okanagan Basin Agreement 1974, Tech. Supplement V",C-3,Okanagan Lake,17,APRIL,1971-04-20,10,Cl,1.2,mg/L,,FALSE,FALSE,1.2
"CA-BC Okanagan Basin Agreement 1974, Tech. Supplement V",C-3,Okanagan Lake,17,APRIL,1971-04-20,10,F,0.16,mg/L,,FALSE,FALSE,0.16
"CA-BC Okanagan Basin Agreement 1974, Tech. Supplement V",C-3,Okanagan Lake,17,APRIL,1971-04-20,15,HCO3,133.0,mg/L,,FALSE,FALSE,133
"CA-BC Okanagan Basin Agreement 1974, Tech. Supplement V",C-3,Okanagan Lake,17,APRIL,1971-04-20,15,SO4,27.9,mg/L,,FALSE,FALSE,27.9
"CA-BC Okanagan Basin Agreement 1974, Tech. Supplement V",C-3,Okanagan Lake,17,APRIL,1971-04-20,15,Cl,1.0,mg/L,,FALSE,FALSE,1.0
"CA-BC Okanagan Basin Agreement 1974, Tech. Supplement V",C-3,Okanagan Lake,17,APRIL,1971-04-20,15,F,0.16,mg/L,,FALSE,FALSE,0.16
"CA-BC Okanagan Basin Agreement 1974, Tech. Supplement V",C-3,Okanagan Lake,17,JUNE,1971-06-20,1,HCO3,132.0,mg/L,,FALSE,FALSE,132
"CA-BC Okanagan Basin Agreement 1974, Tech. Supplement V",C-3,Okanagan Lake,17,JUNE,1971-06-20,1,SO4,29.2,mg/L,,FALSE,FALSE,29.2
"CA-BC Okanagan Basin Agreement 1974, Tech. Supplement V",C-3,Okanagan Lake,17,JUNE,1971-06-20,1,Cl,1.2,mg/L,,FALSE,FALSE,1.2
"CA-BC Okanagan Basin Agreement 1974, Tech. Supplement V",C-3,Okanagan Lake,17,JUNE,1971-06-20,1,F,0.17,mg/L,,FALSE,FALSE,0.17
"CA-BC Okanagan Basin Agreement 1974, Tech. Supplement V",C-3,Okanagan Lake,17,JUNE,1971-06-20,5,HCO3,134.0,mg/L,,FALSE,FALSE,134
"CA-BC Okanagan Basin Agreement 1974, Tech. Supplement V",C-3,Okanagan Lake,17,JUNE,1971-06-20,5,SO4,28.5,mg/L,,FALSE,FALSE,28.5
"CA-BC Okanagan Basin Agreement 1974, Tech. Supplement V",C-3,Okanagan Lake,17,JUNE,1971-06-20,5,Cl,1.1,mg/L,,FALSE,FALSE,1.1
"CA-BC Okanagan Basin Agreement 1974, Tech. Supplement V",C-3,Okanagan Lake,17,JUNE,1971-06-20,5,F,0.17,mg/L,,FALSE,FALSE,0.17
"CA-BC Okanagan Basin Agreement 1974, Tech. Supplement V",C-3,Okanagan Lake,17,JUNE,1971-06-20,10,HCO3,132.0,mg/L,,FALSE,FALSE,132
"CA-BC Okanagan Basin Agreement 1974, Tech. Supplement V",C-3,Okanagan Lake,17,JUNE,1971-06-20,10,SO4,27.1,mg/L,,FALSE,FALSE,27.1
"CA-BC Okanagan Basin Agreement 1974, Tech. Supplement V",C-3,Okanagan Lake,17,JUNE,1971-06-20,10,Cl,1.2,mg/L,,FALSE,FALSE,1.2
"CA-BC Okanagan Basin Agreement 1974, Tech. Supplement V",C-3,Okanagan Lake,17,JUNE,1971-06-20,10,F,0.17,mg/L,,FALSE,FALSE,0.17
"CA-BC Okanagan Basin Agreement 1974, Tech. Supplement V",C-3,Okanagan Lake,17,JUNE,1971-06-20,15,HCO3,133.0,mg/L,,FALSE,FALSE,133
"CA-BC Okanagan Basin Agreement 1974, Tech. Supplement V",C-3,Okanagan Lake,17,JUNE,1971-06-20,15,SO4,27.0,mg/L,,FALSE,FALSE,27.0
"CA-BC Okanagan Basin Agreement 1974, Tech. Supplement V",C-3,Okanagan Lake,17,JUNE,1971-06-20,15,Cl,1.1,mg/L,,FALSE,FALSE,1.1
"CA-BC Okanagan Basin Agreement 1974, Tech. Supplement V",C-3,Okanagan Lake,17,JUNE,1971-06-20,15,F,0.17,mg/L,,FALSE,FALSE,0.17
"CA-BC Okanagan Basin Agreement 1974, Tech. Supplement V",C-3,Okanagan Lake,17,AUGUST,1971-08-20,1,HCO3,133.0,mg/L,,FALSE,FALSE,133
"CA-BC Okanagan Basin Agreement 1974, Tech. Supplement V",C-3,Okanagan Lake,17,AUGUST,1971-08-20,1,SO4,26.5,mg/L,,FALSE,FALSE,26.5
"CA-BC Okanagan Basin Agreement 1974, Tech. Supplement V",C-3,Okanagan Lake,17,AUGUST,1971-08-20,1,Cl,1.1,mg/L,,FALSE,FALSE,1.1
"CA-BC Okanagan Basin Agreement 1974, Tech. Supplement V",C-3,Okanagan Lake,17,AUGUST,1971-08-20,1,F,0.16,mg/L,,FALSE,FALSE,0.16
"CA-BC Okanagan Basin Agreement 1974, Tech. Supplement V",C-3,Okanagan Lake,17,AUGUST,1971-08-20,5,HCO3,128.0,mg/L,,FALSE,FALSE,128
"CA-BC Okanagan Basin Agreement 1974, Tech. Supplement V",C-3,Okanagan Lake,17,AUGUST,1971-08-20,5,SO4,26.5,mg/L,,FALSE,FALSE,26.5
"CA-BC Okanagan Basin Agreement 1974, Tech. Supplement V",C-3,Okanagan Lake,17,AUGUST,1971-08-20,5,Cl,1.1,mg/L,,FALSE,FALSE,1.1
"CA-BC Okanagan Basin Agreement 1974, Tech. Supplement V",C-3,Okanagan Lake,17,AUGUST,1971-08-20,5,F,0.17,mg/L,,FALSE,FALSE,0.17
"CA-BC Okanagan Basin Agreement 1974, Tech. Supplement V",C-3,Okanagan Lake,17,AUGUST,1971-08-20,10,HCO3,126.0,mg/L,,FALSE,FALSE,126
"CA-BC Okanagan Basin Agreement 1974, Tech. Supplement V",C-3,Okanagan Lake,17,AUGUST,1971-08-20,10,SO4,27.4,mg/L,,FALSE,FALSE,27.4
"CA-BC Okanagan Basin Agreement 1974, Tech. Supplement V",C-3,Okanagan Lake,17,AUGUST,1971-08-20,10,Cl,1.0,mg/L,,FALSE,FALSE,1.0
"CA-BC Okanagan Basin Agreement 1974, Tech. Supplement V",C-3,Okanagan Lake,17,AUGUST,1971-08-20,10,F,0.16,mg/L,,FALSE,FALSE,0.16
"CA-BC Okanagan Basin Agreement 1974, Tech. Supplement V",C-3,Okanagan Lake,17,AUGUST,1971-08-20,14,HCO3,134.0,mg/L,,FALSE,FALSE,134
"CA-BC Okanagan Basin Agreement 1974, Tech. Supplement V",C-3,Okanagan Lake,17,AUGUST,1971-08-20,14,SO4,26.9,mg/L,,FALSE,FALSE,26.9
"CA-BC Okanagan Basin Agreement 1974, Tech. Supplement V",C-3,Okanagan Lake,17,AUGUST,1971-08-20,14,Cl,1.0,mg/L,,FALSE,FALSE,1.0
"CA-BC Okanagan Basin Agreement 1974, Tech. Supplement V",C-3,Okanagan Lake,17,AUGUST,1971-08-20,14,F,0.16,mg/L,,FALSE,FALSE,0.16
"CA-BC Okanagan Basin Agreement 1974, Tech. Supplement V",C-3,Okanagan Lake,17,OCTOBER,1971-10-19,1,HCO3,129.0,mg/L,,FALSE,FALSE,129
"CA-BC Okanagan Basin Agreement 1974, Tech. Supplement V",C-3,Okanagan Lake,17,OCTOBER,1971-10-19,1,SO4,27.0,mg/L,,FALSE,FALSE,27.0
"CA-BC Okanagan Basin Agreement 1974, Tech. Supplement V",C-3,Okanagan Lake,17,OCTOBER,1971-10-19,1,Cl,1.1,mg/L,,FALSE,FALSE,1.1
"CA-BC Okanagan Basin Agreement 1974, Tech. Supplement V",C-3,Okanagan Lake,17,OCTOBER,1971-10-19,1,F,0.17,mg/L,,FALSE,FALSE,0.17
"CA-BC Okanagan Basin Agreement 1974, Tech. Supplement V",C-3,Okanagan Lake,17,OCTOBER,1971-10-19,5,HCO3,129.0,mg/L,,FALSE,FALSE,129
"CA-BC Okanagan Basin Agreement 1974, Tech. Supplement V",C-3,Okanagan Lake,17,OCTOBER,1971-10-19,5,SO4,27.9,mg/L,,FALSE,FALSE,27.9
"CA-BC Okanagan Basin Agreement 1974, Tech. Supplement V",C-3,Okanagan Lake,17,OCTOBER,1971-10-19,5,Cl,1.1,mg/L,,FALSE,FALSE,1.1
"CA-BC Okanagan Basin Agreement 1974, Tech. Supplement V",C-3,Okanagan Lake,17,OCTOBER,1971-10-19,5,F,0.18,mg/L,,FALSE,FALSE,0.18
"CA-BC Okanagan Basin Agreement 1974, Tech. Supplement V",C-3,Okanagan Lake,17,OCTOBER,1971-10-19,10,HCO3,128.0,mg/L,,FALSE,FALSE,128
"CA-BC Okanagan Basin Agreement 1974, Tech. Supplement V",C-3,Okanagan Lake,17,OCTOBER,1971-10-19,10,SO4,27.6,mg/L,,FALSE,FALSE,27.6
"CA-BC Okanagan Basin Agreement 1974, Tech. Supplement V",C-3,Okanagan Lake,17,OCTOBER,1971-10-19,10,Cl,1.1,mg/L,,FALSE,FALSE,1.1
"CA-BC Okanagan Basin Agreement 1974, Tech. Supplement V",C-3,Okanagan Lake,17,OCTOBER,1971-10-19,10,F,0.17,mg/L,,FALSE,FALSE,0.17
"CA-BC Okanagan Basin Agreement 1974, Tech. Supplement V",C-3,Okanagan Lake,17,OCTOBER,1971-10-19,15,HCO3,134.0,mg/L,,FALSE,FALSE,134
"CA-BC Okanagan Basin Agreement 1974, Tech. Supplement V",C-3,Okanagan Lake,17,OCTOBER,1971-10-19,15,SO4,28.1,mg/L,,FALSE,FALSE,28.1
"CA-BC Okanagan Basin Agreement 1974, Tech. Supplement V",C-3,Okanagan Lake,17,OCTOBER,1971-10-19,15,Cl,1.1,mg/L,,FALSE,FALSE,1.1
"CA-BC Okanagan Basin Agreement 1974, Tech. Supplement V",C-3,Okanagan Lake,17,OCTOBER,1971-10-19,15,F,0.17,mg/L,,FALSE,FALSE,0.17
"CA-BC Okanagan Basin Agreement 1974, Tech. Supplement V",C-3,Okanagan Lake,18,APRIL,1971-04-20,1,HCO3,134.0,mg/L,,FALSE,FALSE,134
"CA-BC Okanagan Basin Agreement 1974, Tech. Supplement V",C-3,Okanagan Lake,18,APRIL,1971-04-20,1,SO4,28.9,mg/L,,FALSE,FALSE,28.9
"CA-BC Okanagan Basin Agreement 1974, Tech. Supplement V",C-3,Okanagan Lake,18,APRIL,1971-04-20,1,Cl,1.1,mg/L,,FALSE,FALSE,1.1
"CA-BC Okanagan Basin Agreement 1974, Tech. Supplement V",C-3,Okanagan Lake,18,APRIL,1971-04-20,1,F,0.17,mg/L,,FALSE,FALSE,0.17
"CA-BC Okanagan Basin Agreement 1974, Tech. Supplement V",C-3,Okanagan Lake,18,APRIL,1971-04-20,5,HCO3,133.0,mg/L,,FALSE,FALSE,133
"CA-BC Okanagan Basin Agreement 1974, Tech. Supplement V",C-3,Okanagan Lake,18,APRIL,1971-04-20,5,SO4,28.7,mg/L,,FALSE,FALSE,28.7
"CA-BC Okanagan Basin Agreement 1974, Tech. Supplement V",C-3,Okanagan Lake,18,APRIL,1971-04-20,5,Cl,1.1,mg/L,,FALSE,FALSE,1.1
"CA-BC Okanagan Basin Agreement 1974, Tech. Supplement V",C-3,Okanagan Lake,18,APRIL,1971-04-20,5,F,0.16,mg/L,,FALSE,FALSE,0.16
"CA-BC Okanagan Basin Agreement 1974, Tech. Supplement V",C-3,Okanagan Lake,18,APRIL,1971-04-20,10,HCO3,134.0,mg/L,,FALSE,FALSE,134
"CA-BC Okanagan Basin Agreement 1974, Tech. Supplement V",C-3,Okanagan Lake,18,APRIL,1971-04-20,10,SO4,28.7,mg/L,,FALSE,FALSE,28.7
"CA-BC Okanagan Basin Agreement 1974, Tech. Supplement V",C-3,Okanagan Lake,18,APRIL,1971-04-20,10,Cl,1.1,mg/L,,FALSE,FALSE,1.1
"CA-BC Okanagan Basin Agreement 1974, Tech. Supplement V",C-3,Okanagan Lake,18,APRIL,1971-04-20,10,F,0.16,mg/L,,FALSE,FALSE,0.16
"CA-BC Okanagan Basin Agreement 1974, Tech. Supplement V",C-3,Okanagan Lake,18,APRIL,1971-04-20,20,HCO3,134.0,mg/L,,FALSE,FALSE,134
"CA-BC Okanagan Basin Agreement 1974, Tech. Supplement V",C-3,Okanagan Lake,18,APRIL,1971-04-20,20,SO4,27.6,mg/L,,FALSE,FALSE,27.6
"CA-BC Okanagan Basin Agreement 1974, Tech. Supplement V",C-3,Okanagan Lake,18,APRIL,1971-04-20,20,Cl,1.1,mg/L,,FALSE,FALSE,1.1
"CA-BC Okanagan Basin Agreement 1974, Tech. Supplement V",C-3,Okanagan Lake,18,APRIL,1971-04-20,20,F,0.16,mg/L,,FALSE,FALSE,0.16
"CA-BC Okanagan Basin Agreement 1974, Tech. Supplement V",C-3,Okanagan Lake,18,JUNE,1971-06-20,1,HCO3,132.0,mg/L,,FALSE,FALSE,132
"CA-BC Okanagan Basin Agreement 1974, Tech. Supplement V",C-3,Okanagan Lake,18,JUNE,1971-06-20,1,SO4,27.1,mg/L,,FALSE,FALSE,27.1
"CA-BC Okanagan Basin Agreement 1974, Tech. Supplement V",C-3,Okanagan Lake,18,JUNE,1971-06-20,1,Cl,1.1,mg/L,,FALSE,FALSE,1.1
"CA-BC Okanagan Basin Agreement 1974, Tech. Supplement V",C-3,Okanagan Lake,18,JUNE,1971-06-20,1,F,0.16,mg/L,,FALSE,FALSE,0.16
"CA-BC Okanagan Basin Agreement 1974, Tech. Supplement V",C-3,Okanagan Lake,18,JUNE,1971-06-20,5,HCO3,129.0,mg/L,,FALSE,FALSE,129
"CA-BC Okanagan Basin Agreement 1974, Tech. Supplement V",C-3,Okanagan Lake,18,JUNE,1971-06-20,5,SO4,26.7,mg/L,,FALSE,FALSE,26.7
"CA-BC Okanagan Basin Agreement 1974, Tech. Supplement V",C-3,Okanagan Lake,18,JUNE,1971-06-20,5,Cl,1.1,mg/L,,FALSE,FALSE,1.1
"CA-BC Okanagan Basin Agreement 1974, Tech. Supplement V",C-3,Okanagan Lake,18,JUNE,1971-06-20,5,F,0.16,mg/L,,FALSE,FALSE,0.16
"CA-BC Okanagan Basin Agreement 1974, Tech. Supplement V",C-3,Okanagan Lake,18,JUNE,1971-06-20,10,HCO3,132.0,mg/L,,FALSE,FALSE,132
"CA-BC Okanagan Basin Agreement 1974, Tech. Supplement V",C-3,Okanagan Lake,18,JUNE,1971-06-20,10,SO4,27.5,mg/L,,FALSE,FALSE,27.5
"CA-BC Okanagan Basin Agreement 1974, Tech. Supplement V",C-3,Okanagan Lake,18,JUNE,1971-06-20,10,Cl,1.1,mg/L,,FALSE,FALSE,1.1
"CA-BC Okanagan Basin Agreement 1974, Tech. Supplement V",C-3,Okanagan Lake,18,JUNE,1971-06-20,10,F,0.16,mg/L,,FALSE,FALSE,0.16
"CA-BC Okanagan Basin Agreement 1974, Tech. Supplement V",C-3,Okanagan Lake,18,JUNE,1971-06-20,20,HCO3,133.0,mg/L,,FALSE,FALSE,133
"CA-BC Okanagan Basin Agreement 1974, Tech. Supplement V",C-3,Okanagan Lake,18,JUNE,1971-06-20,20,SO4,27.5,mg/L,,FALSE,FALSE,27.5
"CA-BC Okanagan Basin Agreement 1974, Tech. Supplement V",C-3,Okanagan Lake,18,JUNE,1971-06-20,20,Cl,1.2,mg/L,,FALSE,FALSE,1.2
"CA-BC Okanagan Basin Agreement 1974, Tech. Supplement V",C-3,Okanagan Lake,18,JUNE,1971-06-20,20,F,0.16,mg/L,,FALSE,FALSE,0.16
"CA-BC Okanagan Basin Agreement 1974, Tech. Supplement V",C-3,Okanagan Lake,18,AUGUST,1971-08-20,1,HCO3,123.0,mg/L,,FALSE,FALSE,123
"CA-BC Okanagan Basin Agreement 1974, Tech. Supplement V",C-3,Okanagan Lake,18,AUGUST,1971-08-20,1,SO4,26.0,mg/L,,FALSE,FALSE,26.0
"CA-BC Okanagan Basin Agreement 1974, Tech. Supplement V",C-3,Okanagan Lake,18,AUGUST,1971-08-20,1,Cl,1.0,mg/L,,FALSE,FALSE,1.0
"CA-BC Okanagan Basin Agreement 1974, Tech. Supplement V",C-3,Okanagan Lake,18,AUGUST,1971-08-20,1,F,0.17,mg/L,,FALSE,FALSE,0.17
"CA-BC Okanagan Basin Agreement 1974, Tech. Supplement V",C-3,Okanagan Lake,18,AUGUST,1971-08-20,10,HCO3,126.0,mg/L,,FALSE,FALSE,126
"CA-BC Okanagan Basin Agreement 1974, Tech. Supplement V",C-3,Okanagan Lake,18,AUGUST,1971-08-20,10,SO4,26.9,mg/L,,FALSE,FALSE,26.9
"CA-BC Okanagan Basin Agreement 1974, Tech. Supplement V",C-3,Okanagan Lake,18,AUGUST,1971-08-20,10,Cl,1.0,mg/L,,FALSE,FALSE,1.0
"CA-BC Okanagan Basin Agreement 1974, Tech. Supplement V",C-3,Okanagan Lake,18,AUGUST,1971-08-20,10,F,0.17,mg/L,,FALSE,FALSE,0.17
"CA-BC Okanagan Basin Agreement 1974, Tech. Supplement V",C-3,Okanagan Lake,18,AUGUST,1971-08-20,15,HCO3,132.0,mg/L,,FALSE,FALSE,132
"CA-BC Okanagan Basin Agreement 1974, Tech. Supplement V",C-3,Okanagan Lake,18,AUGUST,1971-08-20,15,SO4,26.4,mg/L,,FALSE,FALSE,26.4
"CA-BC Okanagan Basin Agreement 1974, Tech. Supplement V",C-3,Okanagan Lake,18,AUGUST,1971-08-20,15,Cl,0.9,mg/L,,FALSE,FALSE,0.9
"CA-BC Okanagan Basin Agreement 1974, Tech. Supplement V",C-3,Okanagan Lake,18,AUGUST,1971-08-20,15,F,0.16,mg/L,,FALSE,FALSE,0.16
"CA-BC Okanagan Basin Agreement 1974, Tech. Supplement V",C-3,Okanagan Lake,18,AUGUST,1971-08-20,19,HCO3,134.0,mg/L,,FALSE,FALSE,134
"CA-BC Okanagan Basin Agreement 1974, Tech. Supplement V",C-3,Okanagan Lake,18,AUGUST,1971-08-20,19,SO4,26.4,mg/L,,FALSE,FALSE,26.4
"CA-BC Okanagan Basin Agreement 1974, Tech. Supplement V",C-3,Okanagan Lake,18,AUGUST,1971-08-20,19,Cl,1.1,mg/L,,FALSE,FALSE,1.1
"CA-BC Okanagan Basin Agreement 1974, Tech. Supplement V",C-3,Okanagan Lake,18,AUGUST,1971-08-20,19,F,0.16,mg/L,,FALSE,FALSE,0.16
"CA-BC Okanagan Basin Agreement 1974, Tech. Supplement V",C-3,Okanagan Lake,18,OCTOBER,1971-10-19,1,HCO3,128.0,mg/L,,FALSE,FALSE,128
"CA-BC Okanagan Basin Agreement 1974, Tech. Supplement V",C-3,Okanagan Lake,18,OCTOBER,1971-10-19,1,SO4,27.6,mg/L,,FALSE,FALSE,27.6
"CA-BC Okanagan Basin Agreement 1974, Tech. Supplement V",C-3,Okanagan Lake,18,OCTOBER,1971-10-19,1,Cl,1.1,mg/L,,FALSE,FALSE,1.1
"CA-BC Okanagan Basin Agreement 1974, Tech. Supplement V",C-3,Okanagan Lake,18,OCTOBER,1971-10-19,1,F,0.17,mg/L,,FALSE,FALSE,0.17
"CA-BC Okanagan Basin Agreement 1974, Tech. Supplement V",C-3,Okanagan Lake,18,OCTOBER,1971-10-19,5,HCO3,128.0,mg/L,,FALSE,FALSE,128
"CA-BC Okanagan Basin Agreement 1974, Tech. Supplement V",C-3,Okanagan Lake,18,OCTOBER,1971-10-19,5,SO4,27.6,mg/L,,FALSE,FALSE,27.6
"CA-BC Okanagan Basin Agreement 1974, Tech. Supplement V",C-3,Okanagan Lake,18,OCTOBER,1971-10-19,5,Cl,1.1,mg/L,,FALSE,FALSE,1.1
"CA-BC Okanagan Basin Agreement 1974, Tech. Supplement V",C-3,Okanagan Lake,18,OCTOBER,1971-10-19,5,F,0.17,mg/L,,FALSE,FALSE,0.17
"CA-BC Okanagan Basin Agreement 1974, Tech. Supplement V",C-3,Okanagan Lake,18,OCTOBER,1971-10-19,10,HCO3,126.0,mg/L,,FALSE,FALSE,126
"CA-BC Okanagan Basin Agreement 1974, Tech. Supplement V",C-3,Okanagan Lake,18,OCTOBER,1971-10-19,10,SO4,28.2,mg/L,,FALSE,FALSE,28.2
"CA-BC Okanagan Basin Agreement 1974, Tech. Supplement V",C-3,Okanagan Lake,18,OCTOBER,1971-10-19,10,Cl,1.1,mg/L,,FALSE,FALSE,1.1
"CA-BC Okanagan Basin Agreement 1974, Tech. Supplement V",C-3,Okanagan Lake,18,OCTOBER,1971-10-19,10,F,0.17,mg/L,,FALSE,FALSE,0.17
"CA-BC Okanagan Basin Agreement 1974, Tech. Supplement V",C-3,Okanagan Lake,18,OCTOBER,1971-10-19,19,HCO3,129.0,mg/L,,FALSE,FALSE,129
"CA-BC Okanagan Basin Agreement 1974, Tech. Supplement V",C-3,Okanagan Lake,18,OCTOBER,1971-10-19,19,SO4,27.4,mg/L,,FALSE,FALSE,27.4
"CA-BC Okanagan Basin Agreement 1974, Tech. Supplement V",C-3,Okanagan Lake,18,OCTOBER,1971-10-19,19,Cl,1.1,mg/L,,FALSE,FALSE,1.1
"CA-BC Okanagan Basin Agreement 1974, Tech. Supplement V",C-3,Okanagan Lake,18,OCTOBER,1971-10-19,19,F,0.17,mg/L,,FALSE,FALSE,0.17
"CA-BC Okanagan Basin Agreement 1974, Tech. Supplement V",C-3,Okanagan Lake,1,APRIL,1971-04-18,1,HCO3,139.0,mg/L,,FALSE,FALSE,139
"CA-BC Okanagan Basin Agreement 1974, Tech. Supplement V",C-3,Okanagan Lake,1,APRIL,1971-04-18,1,SO4,27.5,mg/L,,FALSE,FALSE,27.5
"CA-BC Okanagan Basin Agreement 1974, Tech. Supplement V",C-3,Okanagan Lake,1,APRIL,1971-04-18,1,Cl,1.2,mg/L,,FALSE,FALSE,1.2
"CA-BC Okanagan Basin Agreement 1974, Tech. Supplement V",C-3,Okanagan Lake,1,APRIL,1971-04-18,1,F,0.17,mg/L,,FALSE,FALSE,0.17
"CA-BC Okanagan Basin Agreement 1974, Tech. Supplement V",C-3,Okanagan Lake,1,APRIL,1971-04-18,5,HCO3,132.0,mg/L,,FALSE,FALSE,132
"CA-BC Okanagan Basin Agreement 1974, Tech. Supplement V",C-3,Okanagan Lake,1,APRIL,1971-04-18,5,SO4,27.6,mg/L,,FALSE,FALSE,27.6
"CA-BC Okanagan Basin Agreement 1974, Tech. Supplement V",C-3,Okanagan Lake,1,APRIL,1971-04-18,5,Cl,1.2,mg/L,,FALSE,FALSE,1.2
"CA-BC Okanagan Basin Agreement 1974, Tech. Supplement V",C-3,Okanagan Lake,1,APRIL,1971-04-18,5,F,0.17,mg/L,,FALSE,FALSE,0.17
"CA-BC Okanagan Basin Agreement 1974, Tech. Supplement V",C-3,Okanagan Lake,1,APRIL,1971-04-18,10,HCO3,137.0,mg/L,,FALSE,FALSE,137
"CA-BC Okanagan Basin Agreement 1974, Tech. Supplement V",C-3,Okanagan Lake,1,APRIL,1971-04-18,10,SO4,27.6,mg/L,,FALSE,FALSE,27.6
"CA-BC Okanagan Basin Agreement 1974, Tech. Supplement V",C-3,Okanagan Lake,1,APRIL,1971-04-18,10,Cl,1.2,mg/L,,FALSE,FALSE,1.2
"CA-BC Okanagan Basin Agreement 1974, Tech. Supplement V",C-3,Okanagan Lake,1,APRIL,1971-04-18,10,F,0.17,mg/L,,FALSE,FALSE,0.17
"CA-BC Okanagan Basin Agreement 1974, Tech. Supplement V",C-3,Okanagan Lake,1,APRIL,1971-04-18,25,HCO3,133.0,mg/L,,FALSE,FALSE,133
"CA-BC Okanagan Basin Agreement 1974, Tech. Supplement V",C-3,Okanagan Lake,1,APRIL,1971-04-18,25,SO4,27.4,mg/L,,FALSE,FALSE,27.4
"CA-BC Okanagan Basin Agreement 1974, Tech. Supplement V",C-3,Okanagan Lake,1,APRIL,1971-04-18,25,Cl,1.2,mg/L,,FALSE,FALSE,1.2
"CA-BC Okanagan Basin Agreement 1974, Tech. Supplement V",C-3,Okanagan Lake,1,APRIL,1971-04-18,25,F,0.17,mg/L,,FALSE,FALSE,0.17
"CA-BC Okanagan Basin Agreement 1974, Tech. Supplement V",C-3,Okanagan Lake,1,APRIL,1971-04-18,50,HCO3,134.0,mg/L,,FALSE,FALSE,134
"CA-BC Okanagan Basin Agreement 1974, Tech. Supplement V",C-3,Okanagan Lake,1,APRIL,1971-04-18,50,SO4,28.0,mg/L,,FALSE,FALSE,28.0
"CA-BC Okanagan Basin Agreement 1974, Tech. Supplement V",C-3,Okanagan Lake,1,APRIL,1971-04-18,50,Cl,1.3,mg/L,,FALSE,FALSE,1.3
"CA-BC Okanagan Basin Agreement 1974, Tech. Supplement V",C-3,Okanagan Lake,1,APRIL,1971-04-18,50,F,0.17,mg/L,,FALSE,FALSE,0.17
"CA-BC Okanagan Basin Agreement 1974, Tech. Supplement V",C-3,Okanagan Lake,1,APRIL,1971-04-18,84,HCO3,137.0,mg/L,,FALSE,FALSE,137
"CA-BC Okanagan Basin Agreement 1974, Tech. Supplement V",C-3,Okanagan Lake,1,APRIL,1971-04-18,84,SO4,27.1,mg/L,,FALSE,FALSE,27.1
"CA-BC Okanagan Basin Agreement 1974, Tech. Supplement V",C-3,Okanagan Lake,1,APRIL,1971-04-18,84,Cl,1.2,mg/L,,FALSE,FALSE,1.2
"CA-BC Okanagan Basin Agreement 1974, Tech. Supplement V",C-3,Okanagan Lake,1,APRIL,1971-04-18,84,F,0.18,mg/L,,FALSE,FALSE,0.18
"CA-BC Okanagan Basin Agreement 1974, Tech. Supplement V",C-3,Okanagan Lake,1,JUNE,1971-06-19,1,HCO3,132.0,mg/L,,FALSE,FALSE,132
"CA-BC Okanagan Basin Agreement 1974, Tech. Supplement V",C-3,Okanagan Lake,1,JUNE,1971-06-19,1,SO4,26.5,mg/L,,FALSE,FALSE,26.5
"CA-BC Okanagan Basin Agreement 1974, Tech. Supplement V",C-3,Okanagan Lake,1,JUNE,1971-06-19,1,Cl,1.2,mg/L,,FALSE,FALSE,1.2
"CA-BC Okanagan Basin Agreement 1974, Tech. Supplement V",C-3,Okanagan Lake,1,JUNE,1971-06-19,1,F,0.18,mg/L,,FALSE,FALSE,0.18
"CA-BC Okanagan Basin Agreement 1974, Tech. Supplement V",C-3,Okanagan Lake,1,JUNE,1971-06-19,5,HCO3,131.0,mg/L,,FALSE,FALSE,131
"CA-BC Okanagan Basin Agreement 1974, Tech. Supplement V",C-3,Okanagan Lake,1,JUNE,1971-06-19,5,SO4,26.1,mg/L,,FALSE,FALSE,26.1
"CA-BC Okanagan Basin Agreement 1974, Tech. Supplement V",C-3,Okanagan Lake,1,JUNE,1971-06-19,5,Cl,1.1,mg/L,,FALSE,FALSE,1.1
"CA-BC Okanagan Basin Agreement 1974, Tech. Supplement V",C-3,Okanagan Lake,1,JUNE,1971-06-19,5,F,0.17,mg/L,,FALSE,FALSE,0.17
"CA-BC Okanagan Basin Agreement 1974, Tech. Supplement V",C-3,Okanagan Lake,1,JUNE,1971-06-19,10,HCO3,128.0,mg/L,,FALSE,FALSE,128
"CA-BC Okanagan Basin Agreement 1974, Tech. Supplement V",C-3,Okanagan Lake,1,JUNE,1971-06-19,10,SO4,25.6,mg/L,,FALSE,FALSE,25.6
"CA-BC Okanagan Basin Agreement 1974, Tech. Supplement V",C-3,Okanagan Lake,1,JUNE,1971-06-19,10,Cl,1.1,mg/L,,FALSE,FALSE,1.1
"CA-BC Okanagan Basin Agreement 1974, Tech. Supplement V",C-3,Okanagan Lake,1,JUNE,1971-06-19,10,F,0.15,mg/L,,FALSE,FALSE,0.15
"CA-BC Okanagan Basin Agreement 1974, Tech. Supplement V",C-3,Okanagan Lake,1,JUNE,1971-06-19,25,HCO3,134.0,mg/L,,FALSE,FALSE,134
"CA-BC Okanagan Basin Agreement 1974, Tech. Supplement V",C-3,Okanagan Lake,1,JUNE,1971-06-19,25,SO4,27.1,mg/L,,FALSE,FALSE,27.1
"CA-BC Okanagan Basin Agreement 1974, Tech. Supplement V",C-3,Okanagan Lake,1,JUNE,1971-06-19,25,Cl,1.2,mg/L,,FALSE,FALSE,1.2
"CA-BC Okanagan Basin Agreement 1974, Tech. Supplement V",C-3,Okanagan Lake,1,JUNE,1971-06-19,25,F,0.18,mg/L,,FALSE,FALSE,0.18
"CA-BC Okanagan Basin Agreement 1974, Tech. Supplement V",C-3,Okanagan Lake,1,JUNE,1971-06-19,50,HCO3,134.0,mg/L,,FALSE,FALSE,134
"CA-BC Okanagan Basin Agreement 1974, Tech. Supplement V",C-3,Okanagan Lake,1,JUNE,1971-06-19,50,SO4,27.4,mg/L,,FALSE,FALSE,27.4
"CA-BC Okanagan Basin Agreement 1974, Tech. Supplement V",C-3,Okanagan Lake,1,JUNE,1971-06-19,50,Cl,1.1,mg/L,,FALSE,FALSE,1.1
"CA-BC Okanagan Basin Agreement 1974, Tech. Supplement V",C-3,Okanagan Lake,1,JUNE,1971-06-19,50,F,0.18,mg/L,,FALSE,FALSE,0.18
"CA-BC Okanagan Basin Agreement 1974, Tech. Supplement V",C-3,Okanagan Lake,1,JUNE,1971-06-19,80,HCO3,137.0,mg/L,,FALSE,FALSE,137
"CA-BC Okanagan Basin Agreement 1974, Tech. Supplement V",C-3,Okanagan Lake,1,JUNE,1971-06-19,80,SO4,25.9,mg/L,,FALSE,FALSE,25.9
"CA-BC Okanagan Basin Agreement 1974, Tech. Supplement V",C-3,Okanagan Lake,1,JUNE,1971-06-19,80,Cl,1.1,mg/L,,FALSE,FALSE,1.1
"CA-BC Okanagan Basin Agreement 1974, Tech. Supplement V",C-3,Okanagan Lake,1,JUNE,1971-06-19,80,F,0.17,mg/L,,FALSE,FALSE,0.17
"CA-BC Okanagan Basin Agreement 1974, Tech. Supplement V",C-3,Okanagan Lake,1,AUGUST,1971-08-19,1,HCO3,128.0,mg/L,,FALSE,FALSE,128
"CA-BC Okanagan Basin Agreement 1974, Tech. Supplement V",C-3,Okanagan Lake,1,AUGUST,1971-08-19,1,SO4,26.3,mg/L,,FALSE,FALSE,26.3
"CA-BC Okanagan Basin Agreement 1974, Tech. Supplement V",C-3,Okanagan Lake,1,AUGUST,1971-08-19,1,Cl,1.1,mg/L,,FALSE,FALSE,1.1
"CA-BC Okanagan Basin Agreement 1974, Tech. Supplement V",C-3,Okanagan Lake,1,AUGUST,1971-08-19,1,F,0.16,mg/L,,FALSE,FALSE,0.16
"CA-BC Okanagan Basin Agreement 1974, Tech. Supplement V",C-3,Okanagan Lake,1,AUGUST,1971-08-19,5,HCO3,128.0,mg/L,,FALSE,FALSE,128
"CA-BC Okanagan Basin Agreement 1974, Tech. Supplement V",C-3,Okanagan Lake,1,AUGUST,1971-08-19,5,SO4,26.1,mg/L,,FALSE,FALSE,26.1
"CA-BC Okanagan Basin Agreement 1974, Tech. Supplement V",C-3,Okanagan Lake,1,AUGUST,1971-08-19,5,Cl,1.1,mg/L,,FALSE,FALSE,1.1
"CA-BC Okanagan Basin Agreement 1974, Tech. Supplement V",C-3,Okanagan Lake,1,AUGUST,1971-08-19,5,F,0.16,mg/L,,FALSE,FALSE,0.16
"CA-BC Okanagan Basin Agreement 1974, Tech. Supplement V",C-3,Okanagan Lake,1,AUGUST,1971-08-19,10,HCO3,128.0,mg/L,,FALSE,FALSE,128
"CA-BC Okanagan Basin Agreement 1974, Tech. Supplement V",C-3,Okanagan Lake,1,AUGUST,1971-08-19,10,SO4,26.3,mg/L,,FALSE,FALSE,26.3
"CA-BC Okanagan Basin Agreement 1974, Tech. Supplement V",C-3,Okanagan Lake,1,AUGUST,1971-08-19,10,Cl,1.1,mg/L,,FALSE,FALSE,1.1
"CA-BC Okanagan Basin Agreement 1974, Tech. Supplement V",C-3,Okanagan Lake,1,AUGUST,1971-08-19,10,F,0.16,mg/L,,FALSE,FALSE,0.16
"CA-BC Okanagan Basin Agreement 1974, Tech. Supplement V",C-3,Okanagan Lake,1,AUGUST,1971-08-19,25,HCO3,132.0,mg/L,,FALSE,FALSE,132
"CA-BC Okanagan Basin Agreement 1974, Tech. Supplement V",C-3,Okanagan Lake,1,AUGUST,1971-08-19,25,SO4,26.1,mg/L,,FALSE,FALSE,26.1
"CA-BC Okanagan Basin Agreement 1974, Tech. Supplement V",C-3,Okanagan Lake,1,AUGUST,1971-08-19,25,Cl,1.1,mg/L,,FALSE,FALSE,1.1
"CA-BC Okanagan Basin Agreement 1974, Tech. Supplement V",C-3,Okanagan Lake,1,AUGUST,1971-08-19,25,F,0.17,mg/L,,FALSE,FALSE,0.17
"CA-BC Okanagan Basin Agreement 1974, Tech. Supplement V",C-3,Okanagan Lake,1,AUGUST,1971-08-19,50,HCO3,133.0,mg/L,,FALSE,FALSE,133
"CA-BC Okanagan Basin Agreement 1974, Tech. Supplement V",C-3,Okanagan Lake,1,AUGUST,1971-08-19,50,SO4,26.4,mg/L,,FALSE,FALSE,26.4
"CA-BC Okanagan Basin Agreement 1974, Tech. Supplement V",C-3,Okanagan Lake,1,AUGUST,1971-08-19,50,Cl,1.1,mg/L,,FALSE,FALSE,1.1
"CA-BC Okanagan Basin Agreement 1974, Tech. Supplement V",C-3,Okanagan Lake,1,AUGUST,1971-08-19,50,F,0.17,mg/L,,FALSE,FALSE,0.17
"CA-BC Okanagan Basin Agreement 1974, Tech. Supplement V",C-3,Okanagan Lake,1,AUGUST,1971-08-19,83,HCO3,134.0,mg/L,,FALSE,FALSE,134
"CA-BC Okanagan Basin Agreement 1974, Tech. Supplement V",C-3,Okanagan Lake,1,AUGUST,1971-08-19,83,SO4,26.6,mg/L,,FALSE,FALSE,26.6
"CA-BC Okanagan Basin Agreement 1974, Tech. Supplement V",C-3,Okanagan Lake,1,AUGUST,1971-08-19,83,Cl,1.1,mg/L,,FALSE,FALSE,1.1
"CA-BC Okanagan Basin Agreement 1974, Tech. Supplement V",C-3,Okanagan Lake,1,AUGUST,1971-08-19,83,F,0.17,mg/L,,FALSE,FALSE,0.17
"CA-BC Okanagan Basin Agreement 1974, Tech. Supplement V",C-3,Okanagan Lake,1,OCTOBER,1971-10-19,1,HCO3,133.0,mg/L,,FALSE,FALSE,133
"CA-BC Okanagan Basin Agreement 1974, Tech. Supplement V",C-3,Okanagan Lake,1,OCTOBER,1971-10-19,1,SO4,26.8,mg/L,,FALSE,FALSE,26.8
"CA-BC Okanagan Basin Agreement 1974, Tech. Supplement V",C-3,Okanagan Lake,1,OCTOBER,1971-10-19,1,Cl,1.2,mg/L,,FALSE,FALSE,1.2
"CA-BC Okanagan Basin Agreement 1974, Tech. Supplement V",C-3,Okanagan Lake,1,OCTOBER,1971-10-19,1,F,0.16,mg/L,,FALSE,FALSE,0.16
"CA-BC Okanagan Basin Agreement 1974, Tech. Supplement V",C-3,Okanagan Lake,1,OCTOBER,1971-10-19,5,HCO3,133.0,mg/L,,FALSE,FALSE,133
"CA-BC Okanagan Basin Agreement 1974, Tech. Supplement V",C-3,Okanagan Lake,1,OCTOBER,1971-10-19,5,SO4,27.0,mg/L,,FALSE,FALSE,27.0
"CA-BC Okanagan Basin Agreement 1974, Tech. Supplement V",C-3,Okanagan Lake,1,OCTOBER,1971-10-19,5,Cl,1.1,mg/L,,FALSE,FALSE,1.1
"CA-BC Okanagan Basin Agreement 1974, Tech. Supplement V",C-3,Okanagan Lake,1,OCTOBER,1971-10-19,5,F,0.16,mg/L,,FALSE,FALSE,0.16
"CA-BC Okanagan Basin Agreement 1974, Tech. Supplement V",C-3,Okanagan Lake,1,OCTOBER,1971-10-19,10,HCO3,133.0,mg/L,,FALSE,FALSE,133
"CA-BC Okanagan Basin Agreement 1974, Tech. Supplement V",C-3,Okanagan Lake,1,OCTOBER,1971-10-19,10,SO4,27.3,mg/L,,FALSE,FALSE,27.3
"CA-BC Okanagan Basin Agreement 1974, Tech. Supplement V",C-3,Okanagan Lake,1,OCTOBER,1971-10-19,10,Cl,1.2,mg/L,,FALSE,FALSE,1.2
"CA-BC Okanagan Basin Agreement 1974, Tech. Supplement V",C-3,Okanagan Lake,1,OCTOBER,1971-10-19,10,F,0.16,mg/L,,FALSE,FALSE,0.16
"CA-BC Okanagan Basin Agreement 1974, Tech. Supplement V",C-3,Okanagan Lake,1,OCTOBER,1971-10-19,25,HCO3,133.0,mg/L,,FALSE,FALSE,133
"CA-BC Okanagan Basin Agreement 1974, Tech. Supplement V",C-3,Okanagan Lake,1,OCTOBER,1971-10-19,25,SO4,27.0,mg/L,,FALSE,FALSE,27.0
"CA-BC Okanagan Basin Agreement 1974, Tech. Supplement V",C-3,Okanagan Lake,1,OCTOBER,1971-10-19,25,Cl,1.2,mg/L,,FALSE,FALSE,1.2
"CA-BC Okanagan Basin Agreement 1974, Tech. Supplement V",C-3,Okanagan Lake,1,OCTOBER,1971-10-19,25,F,0.16,mg/L,,FALSE,FALSE,0.16
"CA-BC Okanagan Basin Agreement 1974, Tech. Supplement V",C-3,Okanagan Lake,1,OCTOBER,1971-10-19,50,HCO3,133.0,mg/L,,FALSE,FALSE,133
"CA-BC Okanagan Basin Agreement 1974, Tech. Supplement V",C-3,Okanagan Lake,1,OCTOBER,1971-10-19,50,SO4,27.0,mg/L,,FALSE,FALSE,27.0
"CA-BC Okanagan Basin Agreement 1974, Tech. Supplement V",C-3,Okanagan Lake,1,OCTOBER,1971-10-19,50,Cl,1.2,mg/L,,FALSE,FALSE,1.2
"CA-BC Okanagan Basin Agreement 1974, Tech. Supplement V",C-3,Okanagan Lake,1,OCTOBER,1971-10-19,50,F,0.17,mg/L,,FALSE,FALSE,0.17
"CA-BC Okanagan Basin Agreement 1974, Tech. Supplement V",C-3,Okanagan Lake,1,OCTOBER,1971-10-19,80,HCO3,133.0,mg/L,,FALSE,FALSE,133
"CA-BC Okanagan Basin Agreement 1974, Tech. Supplement V",C-3,Okanagan Lake,1,OCTOBER,1971-10-19,80,SO4,27.0,mg/L,,FALSE,FALSE,27.0
"CA-BC Okanagan Basin Agreement 1974, Tech. Supplement V",C-3,Okanagan Lake,1,OCTOBER,1971-10-19,80,Cl,1.2,mg/L,,FALSE,FALSE,1.2
"CA-BC Okanagan Basin Agreement 1974, Tech. Supplement V",C-3,Okanagan Lake,1,OCTOBER,1971-10-19,80,F,0.17,mg/L,,FALSE,FALSE,0.17
"CA-BC Okanagan Basin Agreement 1974, Tech. Supplement V",C-3,Okanagan Lake,4,APRIL,1971-04-18,1,HCO3,131.0,mg/L,,FALSE,FALSE,131
"CA-BC Okanagan Basin Agreement 1974, Tech. Supplement V",C-3,Okanagan Lake,4,APRIL,1971-04-18,1,SO4,26.9,mg/L,,FALSE,FALSE,26.9
"CA-BC Okanagan Basin Agreement 1974, Tech. Supplement V",C-3,Okanagan Lake,4,APRIL,1971-04-18,1,Cl,1.2,mg/L,,FALSE,FALSE,1.2
"CA-BC Okanagan Basin Agreement 1974, Tech. Supplement V",C-3,Okanagan Lake,4,APRIL,1971-04-18,1,F,0.17,mg/L,,FALSE,FALSE,0.17
"CA-BC Okanagan Basin Agreement 1974, Tech. Supplement V",C-3,Okanagan Lake,4,APRIL,1971-04-18,5,HCO3,133.0,mg/L,,FALSE,FALSE,133
"CA-BC Okanagan Basin Agreement 1974, Tech. Supplement V",C-3,Okanagan Lake,4,APRIL,1971-04-18,5,SO4,27.2,mg/L,,FALSE,FALSE,27.2
"CA-BC Okanagan Basin Agreement 1974, Tech. Supplement V",C-3,Okanagan Lake,4,APRIL,1971-04-18,5,Cl,1.0,mg/L,,FALSE,FALSE,1.0
"CA-BC Okanagan Basin Agreement 1974, Tech. Supplement V",C-3,Okanagan Lake,4,APRIL,1971-04-18,5,F,0.17,mg/L,,FALSE,FALSE,0.17
"CA-BC Okanagan Basin Agreement 1974, Tech. Supplement V",C-3,Okanagan Lake,4,APRIL,1971-04-18,10,HCO3,134.0,mg/L,,FALSE,FALSE,134
"CA-BC Okanagan Basin Agreement 1974, Tech. Supplement V",C-3,Okanagan Lake,4,APRIL,1971-04-18,10,SO4,28.0,mg/L,,FALSE,FALSE,28.0
"CA-BC Okanagan Basin Agreement 1974, Tech. Supplement V",C-3,Okanagan Lake,4,APRIL,1971-04-18,10,Cl,1.0,mg/L,,FALSE,FALSE,1.0
"CA-BC Okanagan Basin Agreement 1974, Tech. Supplement V",C-3,Okanagan Lake,4,APRIL,1971-04-18,10,F,0.17,mg/L,,FALSE,FALSE,0.17
"CA-BC Okanagan Basin Agreement 1974, Tech. Supplement V",C-3,Okanagan Lake,4,APRIL,1971-04-18,25,HCO3,134.0,mg/L,,FALSE,FALSE,134
"CA-BC Okanagan Basin Agreement 1974, Tech. Supplement V",C-3,Okanagan Lake,4,APRIL,1971-04-18,25,SO4,27.5,mg/L,,FALSE,FALSE,27.5
"CA-BC Okanagan Basin Agreement 1974, Tech. Supplement V",C-3,Okanagan Lake,4,APRIL,1971-04-18,25,Cl,1.0,mg/L,,FALSE,FALSE,1.0
"CA-BC Okanagan Basin Agreement 1974, Tech. Supplement V",C-3,Okanagan Lake,4,APRIL,1971-04-18,25,F,0.17,mg/L,,FALSE,FALSE,0.17
"CA-BC Okanagan Basin Agreement 1974, Tech. Supplement V",C-3,Okanagan Lake,4,APRIL,1971-04-18,50,HCO3,131.0,mg/L,,FALSE,FALSE,131
"CA-BC Okanagan Basin Agreement 1974, Tech. Supplement V",C-3,Okanagan Lake,4,APRIL,1971-04-18,50,SO4,27.4,mg/L,,FALSE,FALSE,27.4
"CA-BC Okanagan Basin Agreement 1974, Tech. Supplement V",C-3,Okanagan Lake,4,APRIL,1971-04-18,50,Cl,1.0,mg/L,,FALSE,FALSE,1.0
"CA-BC Okanagan Basin Agreement 1974, Tech. Supplement V",C-3,Okanagan Lake,4,APRIL,1971-04-18,50,F,0.17,mg/L,,FALSE,FALSE,0.17
"CA-BC Okanagan Basin Agreement 1974, Tech. Supplement V",C-3,Okanagan Lake,4,APRIL,1971-04-18,100,HCO3,134.0,mg/L,,FALSE,FALSE,134
"CA-BC Okanagan Basin Agreement 1974, Tech. Supplement V",C-3,Okanagan Lake,4,APRIL,1971-04-18,100,SO4,27.6,mg/L,,FALSE,FALSE,27.6
"CA-BC Okanagan Basin Agreement 1974, Tech. Supplement V",C-3,Okanagan Lake,4,APRIL,1971-04-18,100,Cl,1.0,mg/L,,FALSE,FALSE,1.0
"CA-BC Okanagan Basin Agreement 1974, Tech. Supplement V",C-3,Okanagan Lake,4,APRIL,1971-04-18,100,F,0.17,mg/L,,FALSE,FALSE,0.17
"CA-BC Okanagan Basin Agreement 1974, Tech. Supplement V",C-3,Okanagan Lake,4,APRIL,1971-04-18,123,HCO3,133.0,mg/L,,FALSE,FALSE,133
"CA-BC Okanagan Basin Agreement 1974, Tech. Supplement V",C-3,Okanagan Lake,4,APRIL,1971-04-18,123,SO4,29.4,mg/L,,FALSE,FALSE,29.4
"CA-BC Okanagan Basin Agreement 1974, Tech. Supplement V",C-3,Okanagan Lake,4,APRIL,1971-04-18,123,Cl,1.0,mg/L,,FALSE,FALSE,1.0
"CA-BC Okanagan Basin Agreement 1974, Tech. Supplement V",C-3,Okanagan Lake,4,APRIL,1971-04-18,123,F,0.17,mg/L,,FALSE,FALSE,0.17
"CA-BC Okanagan Basin Agreement 1974, Tech. Supplement V",C-3,Okanagan Lake,4,JUNE,1971-06-19,1,HCO3,129.0,mg/L,,FALSE,FALSE,129
"CA-BC Okanagan Basin Agreement 1974, Tech. Supplement V",C-3,Okanagan Lake,4,JUNE,1971-06-19,1,SO4,25.8,mg/L,,FALSE,FALSE,25.8
"CA-BC Okanagan Basin Agreement 1974, Tech. Supplement V",C-3,Okanagan Lake,4,JUNE,1971-06-19,1,Cl,1.2,mg/L,,FALSE,FALSE,1.2
"CA-BC Okanagan Basin Agreement 1974, Tech. Supplement V",C-3,Okanagan Lake,4,JUNE,1971-06-19,1,F,0.18,mg/L,,FALSE,FALSE,0.18
"CA-BC Okanagan Basin Agreement 1974, Tech. Supplement V",C-3,Okanagan Lake,4,JUNE,1971-06-19,5,HCO3,131.0,mg/L,,FALSE,FALSE,131
"CA-BC Okanagan Basin Agreement 1974, Tech. Supplement V",C-3,Okanagan Lake,4,JUNE,1971-06-19,5,SO4,26.1,mg/L,,FALSE,FALSE,26.1
"CA-BC Okanagan Basin Agreement 1974, Tech. Supplement V",C-3,Okanagan Lake,4,JUNE,1971-06-19,5,Cl,1.1,mg/L,,FALSE,FALSE,1.1
"CA-BC Okanagan Basin Agreement 1974, Tech. Supplement V",C-3,Okanagan Lake,4,JUNE,1971-06-19,5,F,0.18,mg/L,,FALSE,FALSE,0.18
"CA-BC Okanagan Basin Agreement 1974, Tech. Supplement V",C-3,Okanagan Lake,4,JUNE,1971-06-19,10,HCO3,132.0,mg/L,,FALSE,FALSE,132
"CA-BC Okanagan Basin Agreement 1974, Tech. Supplement V",C-3,Okanagan Lake,4,JUNE,1971-06-19,10,SO4,25.7,mg/L,,FALSE,FALSE,25.7
"CA-BC Okanagan Basin Agreement 1974, Tech. Supplement V",C-3,Okanagan Lake,4,JUNE,1971-06-19,10,Cl,1.1,mg/L,,FALSE,FALSE,1.1
"CA-BC Okanagan Basin Agreement 1974, Tech. Supplement V",C-3,Okanagan Lake,4,JUNE,1971-06-19,10,F,0.18,mg/L,,FALSE,FALSE,0.18
"CA-BC Okanagan Basin Agreement 1974, Tech. Supplement V",C-3,Okanagan Lake,4,JUNE,1971-06-19,25,HCO3,134.0,mg/L,,FALSE,FALSE,134
"CA-BC Okanagan Basin Agreement 1974, Tech. Supplement V",C-3,Okanagan Lake,4,JUNE,1971-06-19,25,SO4,27.0,mg/L,,FALSE,FALSE,27.0
"CA-BC Okanagan Basin Agreement 1974, Tech. Supplement V",C-3,Okanagan Lake,4,JUNE,1971-06-19,25,Cl,1.1,mg/L,,FALSE,FALSE,1.1
"CA-BC Okanagan Basin Agreement 1974, Tech. Supplement V",C-3,Okanagan Lake,4,JUNE,1971-06-19,25,F,0.18,mg/L,,FALSE,FALSE,0.18
"CA-BC Okanagan Basin Agreement 1974, Tech. Supplement V",C-3,Okanagan Lake,4,JUNE,1971-06-19,50,HCO3,135.0,mg/L,,FALSE,FALSE,135
"CA-BC Okanagan Basin Agreement 1974, Tech. Supplement V",C-3,Okanagan Lake,4,JUNE,1971-06-19,50,SO4,27.6,mg/L,,FALSE,FALSE,27.6
"CA-BC Okanagan Basin Agreement 1974, Tech. Supplement V",C-3,Okanagan Lake,4,JUNE,1971-06-19,50,Cl,1.1,mg/L,,FALSE,FALSE,1.1
"CA-BC Okanagan Basin Agreement 1974, Tech. Supplement V",C-3,Okanagan Lake,4,JUNE,1971-06-19,50,F,0.18,mg/L,,FALSE,FALSE,0.18
"CA-BC Okanagan Basin Agreement 1974, Tech. Supplement V",C-3,Okanagan Lake,4,JUNE,1971-06-19,100,HCO3,137.0,mg/L,,FALSE,FALSE,137
"CA-BC Okanagan Basin Agreement 1974, Tech. Supplement V",C-3,Okanagan Lake,4,JUNE,1971-06-19,100,SO4,27.0,mg/L,,FALSE,FALSE,27.0
"CA-BC Okanagan Basin Agreement 1974, Tech. Supplement V",C-3,Okanagan Lake,4,JUNE,1971-06-19,100,Cl,1.1,mg/L,,FALSE,FALSE,1.1
"CA-BC Okanagan Basin Agreement 1974, Tech. Supplement V",C-3,Okanagan Lake,4,JUNE,1971-06-19,100,F,0.18,mg/L,,FALSE,FALSE,0.18
"CA-BC Okanagan Basin Agreement 1974, Tech. Supplement V",C-3,Okanagan Lake,4,JUNE,1971-06-19,124,HCO3,137.0,mg/L,,FALSE,FALSE,137
"CA-BC Okanagan Basin Agreement 1974, Tech. Supplement V",C-3,Okanagan Lake,4,JUNE,1971-06-19,124,SO4,28.4,mg/L,,FALSE,FALSE,28.4
"CA-BC Okanagan Basin Agreement 1974, Tech. Supplement V",C-3,Okanagan Lake,4,JUNE,1971-06-19,124,Cl,1.2,mg/L,,FALSE,FALSE,1.2
"CA-BC Okanagan Basin Agreement 1974, Tech. Supplement V",C-3,Okanagan Lake,4,JUNE,1971-06-19,124,F,0.17,mg/L,,FALSE,FALSE,0.17
"CA-BC Okanagan Basin Agreement 1974, Tech. Supplement V",C-3,Okanagan Lake,4,AUGUST,1971-08-19,1,HCO3,127.0,mg/L,,FALSE,FALSE,127
"CA-BC Okanagan Basin Agreement 1974, Tech. Supplement V",C-3,Okanagan Lake,4,AUGUST,1971-08-19,1,SO4,26.3,mg/L,,FALSE,FALSE,26.3
"CA-BC Okanagan Basin Agreement 1974, Tech. Supplement V",C-3,Okanagan Lake,4,AUGUST,1971-08-19,1,Cl,1.1,mg/L,,FALSE,FALSE,1.1
"CA-BC Okanagan Basin Agreement 1974, Tech. Supplement V",C-3,Okanagan Lake,4,AUGUST,1971-08-19,1,F,0.17,mg/L,,FALSE,FALSE,0.17
"CA-BC Okanagan Basin Agreement 1974, Tech. Supplement V",C-3,Okanagan Lake,4,AUGUST,1971-08-19,5,HCO3,128.0,mg/L,,FALSE,FALSE,128
"CA-BC Okanagan Basin Agreement 1974, Tech. Supplement V",C-3,Okanagan Lake,4,AUGUST,1971-08-19,5,SO4,26.3,mg/L,,FALSE,FALSE,26.3
"CA-BC Okanagan Basin Agreement 1974, Tech. Supplement V",C-3,Okanagan Lake,4,AUGUST,1971-08-19,5,Cl,1.1,mg/L,,FALSE,FALSE,1.1
"CA-BC Okanagan Basin Agreement 1974, Tech. Supplement V",C-3,Okanagan Lake,4,AUGUST,1971-08-19,5,F,0.17,mg/L,,FALSE,FALSE,0.17
"CA-BC Okanagan Basin Agreement 1974, Tech. Supplement V",C-3,Okanagan Lake,4,AUGUST,1971-08-19,10,HCO3,128.0,mg/L,,FALSE,FALSE,128
"CA-BC Okanagan Basin Agreement 1974, Tech. Supplement V",C-3,Okanagan Lake,4,AUGUST,1971-08-19,10,SO4,26.1,mg/L,,FALSE,FALSE,26.1
"CA-BC Okanagan Basin Agreement 1974, Tech. Supplement V",C-3,Okanagan Lake,4,AUGUST,1971-08-19,10,Cl,1.1,mg/L,,FALSE,FALSE,1.1
"CA-BC Okanagan Basin Agreement 1974, Tech. Supplement V",C-3,Okanagan Lake,4,AUGUST,1971-08-19,10,F,0.16,mg/L,,FALSE,FALSE,0.16
"CA-BC Okanagan Basin Agreement 1974, Tech. Supplement V",C-3,Okanagan Lake,4,AUGUST,1971-08-19,25,HCO3,132.0,mg/L,,FALSE,FALSE,132
"CA-BC Okanagan Basin Agreement 1974, Tech. Supplement V",C-3,Okanagan Lake,4,AUGUST,1971-08-19,25,SO4,26.4,mg/L,,FALSE,FALSE,26.4
"CA-BC Okanagan Basin Agreement 1974, Tech. Supplement V",C-3,Okanagan Lake,4,AUGUST,1971-08-19,25,Cl,1.1,mg/L,,FALSE,FALSE,1.1
"CA-BC Okanagan Basin Agreement 1974, Tech. Supplement V",C-3,Okanagan Lake,4,AUGUST,1971-08-19,25,F,0.16,mg/L,,FALSE,FALSE,0.16
"CA-BC Okanagan Basin Agreement 1974, Tech. Supplement V",C-3,Okanagan Lake,4,AUGUST,1971-08-19,50,HCO3,134.0,mg/L,,FALSE,FALSE,134
"CA-BC Okanagan Basin Agreement 1974, Tech. Supplement V",C-3,Okanagan Lake,4,AUGUST,1971-08-19,50,SO4,26.6,mg/L,,FALSE,FALSE,26.6
"CA-BC Okanagan Basin Agreement 1974, Tech. Supplement V",C-3,Okanagan Lake,4,AUGUST,1971-08-19,50,Cl,1.1,mg/L,,FALSE,FALSE,1.1
"CA-BC Okanagan Basin Agreement 1974, Tech. Supplement V",C-3,Okanagan Lake,4,AUGUST,1971-08-19,50,F,0.16,mg/L,,FALSE,FALSE,0.16
"CA-BC Okanagan Basin Agreement 1974, Tech. Supplement V",C-3,Okanagan Lake,4,AUGUST,1971-08-19,100,HCO3,134.0,mg/L,,FALSE,FALSE,134
"CA-BC Okanagan Basin Agreement 1974, Tech. Supplement V",C-3,Okanagan Lake,4,AUGUST,1971-08-19,100,SO4,27.1,mg/L,,FALSE,FALSE,27.1
"CA-BC Okanagan Basin Agreement 1974, Tech. Supplement V",C-3,Okanagan Lake,4,AUGUST,1971-08-19,100,Cl,1.1,mg/L,,FALSE,FALSE,1.1
"CA-BC Okanagan Basin Agreement 1974, Tech. Supplement V",C-3,Okanagan Lake,4,AUGUST,1971-08-19,100,F,0.15,mg/L,,FALSE,FALSE,0.15
"CA-BC Okanagan Basin Agreement 1974, Tech. Supplement V",C-3,Okanagan Lake,4,AUGUST,1971-08-19,133,HCO3,134.0,mg/L,,FALSE,FALSE,134
"CA-BC Okanagan Basin Agreement 1974, Tech. Supplement V",C-3,Okanagan Lake,4,AUGUST,1971-08-19,133,SO4,26.4,mg/L,,FALSE,FALSE,26.4
"CA-BC Okanagan Basin Agreement 1974, Tech. Supplement V",C-3,Okanagan Lake,4,AUGUST,1971-08-19,133,Cl,1.1,mg/L,,FALSE,FALSE,1.1
"CA-BC Okanagan Basin Agreement 1974, Tech. Supplement V",C-3,Okanagan Lake,4,AUGUST,1971-08-19,133,F,0.16,mg/L,,FALSE,FALSE,0.16
"CA-BC Okanagan Basin Agreement 1974, Tech. Supplement V",C-3,Okanagan Lake,4,OCTOBER,1971-10-19,1,HCO3,129.0,mg/L,,FALSE,FALSE,129
"CA-BC Okanagan Basin Agreement 1974, Tech. Supplement V",C-3,Okanagan Lake,4,OCTOBER,1971-10-19,1,SO4,27.0,mg/L,,FALSE,FALSE,27.0
"CA-BC Okanagan Basin Agreement 1974, Tech. Supplement V",C-3,Okanagan Lake,4,OCTOBER,1971-10-19,1,Cl,1.2,mg/L,,FALSE,FALSE,1.2
"CA-BC Okanagan Basin Agreement 1974, Tech. Supplement V",C-3,Okanagan Lake,4,OCTOBER,1971-10-19,1,F,0.16,mg/L,,FALSE,FALSE,0.16
"CA-BC Okanagan Basin Agreement 1974, Tech. Supplement V",C-3,Okanagan Lake,4,OCTOBER,1971-10-19,5,HCO3,129.0,mg/L,,FALSE,FALSE,129
"CA-BC Okanagan Basin Agreement 1974, Tech. Supplement V",C-3,Okanagan Lake,4,OCTOBER,1971-10-19,5,SO4,27.0,mg/L,,FALSE,FALSE,27.0
"CA-BC Okanagan Basin Agreement 1974, Tech. Supplement V",C-3,Okanagan Lake,4,OCTOBER,1971-10-19,5,Cl,1.2,mg/L,,FALSE,FALSE,1.2
"CA-BC Okanagan Basin Agreement 1974, Tech. Supplement V",C-3,Okanagan Lake,4,OCTOBER,1971-10-19,5,F,0.16,mg/L,,FALSE,FALSE,0.16
"CA-BC Okanagan Basin Agreement 1974, Tech. Supplement V",C-3,Okanagan Lake,4,OCTOBER,1971-10-19,10,HCO3,129.0,mg/L,,FALSE,FALSE,129
"CA-BC Okanagan Basin Agreement 1974, Tech. Supplement V",C-3,Okanagan Lake,4,OCTOBER,1971-10-19,10,SO4,26.8,mg/L,,FALSE,FALSE,26.8
"CA-BC Okanagan Basin Agreement 1974, Tech. Supplement V",C-3,Okanagan Lake,4,OCTOBER,1971-10-19,10,Cl,1.2,mg/L,,FALSE,FALSE,1.2
"CA-BC Okanagan Basin Agreement 1974, Tech. Supplement V",C-3,Okanagan Lake,4,OCTOBER,1971-10-19,10,F,0.16,mg/L,,FALSE,FALSE,0.16
"CA-BC Okanagan Basin Agreement 1974, Tech. Supplement V",C-3,Okanagan Lake,4,OCTOBER,1971-10-19,25,HCO3,132.0,mg/L,,FALSE,FALSE,132
"CA-BC Okanagan Basin Agreement 1974, Tech. Supplement V",C-3,Okanagan Lake,4,OCTOBER,1971-10-19,25,SO4,27.0,mg/L,,FALSE,FALSE,27.0
"CA-BC Okanagan Basin Agreement 1974, Tech. Supplement V",C-3,Okanagan Lake,4,OCTOBER,1971-10-19,25,Cl,1.2,mg/L,,FALSE,FALSE,1.2
"CA-BC Okanagan Basin Agreement 1974, Tech. Supplement V",C-3,Okanagan Lake,4,OCTOBER,1971-10-19,25,F,0.16,mg/L,,FALSE,FALSE,0.16
"CA-BC Okanagan Basin Agreement 1974, Tech. Supplement V",C-3,Okanagan Lake,4,OCTOBER,1971-10-19,50,HCO3,133.0,mg/L,,FALSE,FALSE,133
"CA-BC Okanagan Basin Agreement 1974, Tech. Supplement V",C-3,Okanagan Lake,4,OCTOBER,1971-10-19,50,SO4,27.0,mg/L,,FALSE,FALSE,27.0
"CA-BC Okanagan Basin Agreement 1974, Tech. Supplement V",C-3,Okanagan Lake,4,OCTOBER,1971-10-19,50,Cl,1.1,mg/L,,FALSE,FALSE,1.1
"CA-BC Okanagan Basin Agreement 1974, Tech. Supplement V",C-3,Okanagan Lake,4,OCTOBER,1971-10-19,50,F,0.17,mg/L,,FALSE,FALSE,0.17
"CA-BC Okanagan Basin Agreement 1974, Tech. Supplement V",C-3,Okanagan Lake,4,OCTOBER,1971-10-19,100,HCO3,133.0,mg/L,,FALSE,FALSE,133
"CA-BC Okanagan Basin Agreement 1974, Tech. Supplement V",C-3,Okanagan Lake,4,OCTOBER,1971-10-19,100,SO4,27.0,mg/L,,FALSE,FALSE,27.0
"CA-BC Okanagan Basin Agreement 1974, Tech. Supplement V",C-3,Okanagan Lake,4,OCTOBER,1971-10-19,100,Cl,1.1,mg/L,,FALSE,FALSE,1.1
"CA-BC Okanagan Basin Agreement 1974, Tech. Supplement V",C-3,Okanagan Lake,4,OCTOBER,1971-10-19,100,F,0.17,mg/L,,FALSE,FALSE,0.17
"CA-BC Okanagan Basin Agreement 1974, Tech. Supplement V",C-3,Okanagan Lake,4,OCTOBER,1971-10-19,133,HCO3,134.0,mg/L,,FALSE,FALSE,134
"CA-BC Okanagan Basin Agreement 1974, Tech. Supplement V",C-3,Okanagan Lake,4,OCTOBER,1971-10-19,133,SO4,27.3,mg/L,,FALSE,FALSE,27.3
"CA-BC Okanagan Basin Agreement 1974, Tech. Supplement V",C-3,Okanagan Lake,4,OCTOBER,1971-10-19,133,Cl,1.1,mg/L,,FALSE,FALSE,1.1
"CA-BC Okanagan Basin Agreement 1974, Tech. Supplement V",C-3,Okanagan Lake,4,OCTOBER,1971-10-19,133,F,0.16,mg/L,,FALSE,FALSE,0.16
"CA-BC Okanagan Basin Agreement 1974, Tech. Supplement V",C-3,Okanagan Lake,8,APRIL,1971-04-18,1,HCO3,133.0,mg/L,,FALSE,FALSE,133
"CA-BC Okanagan Basin Agreement 1974, Tech. Supplement V",C-3,Okanagan Lake,8,APRIL,1971-04-18,1,SO4,26.9,mg/L,,FALSE,FALSE,26.9
"CA-BC Okanagan Basin Agreement 1974, Tech. Supplement V",C-3,Okanagan Lake,8,APRIL,1971-04-18,1,Cl,1.1,mg/L,,FALSE,FALSE,1.1
"CA-BC Okanagan Basin Agreement 1974, Tech. Supplement V",C-3,Okanagan Lake,8,APRIL,1971-04-18,1,F,0.17,mg/L,,FALSE,FALSE,0.17
"CA-BC Okanagan Basin Agreement 1974, Tech. Supplement V",C-3,Okanagan Lake,8,APRIL,1971-04-18,5,HCO3,135.0,mg/L,,FALSE,FALSE,135
"CA-BC Okanagan Basin Agreement 1974, Tech. Supplement V",C-3,Okanagan Lake,8,APRIL,1971-04-18,5,SO4,27.4,mg/L,,FALSE,FALSE,27.4
"CA-BC Okanagan Basin Agreement 1974, Tech. Supplement V",C-3,Okanagan Lake,8,APRIL,1971-04-18,5,Cl,1.0,mg/L,,FALSE,FALSE,1.0
"CA-BC Okanagan Basin Agreement 1974, Tech. Supplement V",C-3,Okanagan Lake,8,APRIL,1971-04-18,5,F,0.17,mg/L,,FALSE,FALSE,0.17
"CA-BC Okanagan Basin Agreement 1974, Tech. Supplement V",C-3,Okanagan Lake,8,APRIL,1971-04-18,10,HCO3,133.0,mg/L,,FALSE,FALSE,133
"CA-BC Okanagan Basin Agreement 1974, Tech. Supplement V",C-3,Okanagan Lake,8,APRIL,1971-04-18,10,SO4,27.7,mg/L,,FALSE,FALSE,27.7
"CA-BC Okanagan Basin Agreement 1974, Tech. Supplement V",C-3,Okanagan Lake,8,APRIL,1971-04-18,10,Cl,1.0,mg/L,,FALSE,FALSE,1.0
"CA-BC Okanagan Basin Agreement 1974, Tech. Supplement V",C-3,Okanagan Lake,8,APRIL,1971-04-18,10,F,0.17,mg/L,,FALSE,FALSE,0.17
"CA-BC Okanagan Basin Agreement 1974, Tech. Supplement V",C-3,Okanagan Lake,8,APRIL,1971-04-18,25,HCO3,133.0,mg/L,,FALSE,FALSE,133
"CA-BC Okanagan Basin Agreement 1974, Tech. Supplement V",C-3,Okanagan Lake,8,APRIL,1971-04-18,25,SO4,27.7,mg/L,,FALSE,FALSE,27.7
"CA-BC Okanagan Basin Agreement 1974, Tech. Supplement V",C-3,Okanagan Lake,8,APRIL,1971-04-18,25,Cl,1.0,mg/L,,FALSE,FALSE,1.0
"CA-BC Okanagan Basin Agreement 1974, Tech. Supplement V",C-3,Okanagan Lake,8,APRIL,1971-04-18,25,F,0.17,mg/L,,FALSE,FALSE,0.17
"CA-BC Okanagan Basin Agreement 1974, Tech. Supplement V",C-3,Okanagan Lake,8,APRIL,1971-04-18,50,HCO3,133.0,mg/L,,FALSE,FALSE,133
"CA-BC Okanagan Basin Agreement 1974, Tech. Supplement V",C-3,Okanagan Lake,8,APRIL,1971-04-18,50,SO4,27.6,mg/L,,FALSE,FALSE,27.6
"CA-BC Okanagan Basin Agreement 1974, Tech. Supplement V",C-3,Okanagan Lake,8,APRIL,1971-04-18,50,Cl,1.0,mg/L,,FALSE,FALSE,1.0
"CA-BC Okanagan Basin Agreement 1974, Tech. Supplement V",C-3,Okanagan Lake,8,APRIL,1971-04-18,50,F,0.17,mg/L,,FALSE,FALSE,0.17
"CA-BC Okanagan Basin Agreement 1974, Tech. Supplement V",C-3,Okanagan Lake,8,JUNE,1971-06-19,1,HCO3,128.0,mg/L,,FALSE,FALSE,128
"CA-BC Okanagan Basin Agreement 1974, Tech. Supplement V",C-3,Okanagan Lake,8,JUNE,1971-06-19,1,SO4,26.8,mg/L,,FALSE,FALSE,26.8
"CA-BC Okanagan Basin Agreement 1974, Tech. Supplement V",C-3,Okanagan Lake,8,JUNE,1971-06-19,1,Cl,1.2,mg/L,,FALSE,FALSE,1.2
"CA-BC Okanagan Basin Agreement 1974, Tech. Supplement V",C-3,Okanagan Lake,8,JUNE,1971-06-19,1,F,0.16,mg/L,,FALSE,FALSE,0.16
"CA-BC Okanagan Basin Agreement 1974, Tech. Supplement V",C-3,Okanagan Lake,8,JUNE,1971-06-19,5,HCO3,129.0,mg/L,,FALSE,FALSE,129
"CA-BC Okanagan Basin Agreement 1974, Tech. Supplement V",C-3,Okanagan Lake,8,JUNE,1971-06-19,5,SO4,25.7,mg/L,,FALSE,FALSE,25.7
"CA-BC Okanagan Basin Agreement 1974, Tech. Supplement V",C-3,Okanagan Lake,8,JUNE,1971-06-19,5,Cl,1.3,mg/L,,FALSE,FALSE,1.3
"CA-BC Okanagan Basin Agreement 1974, Tech. Supplement V",C-3,Okanagan Lake,8,JUNE,1971-06-19,5,F,0.17,mg/L,,FALSE,FALSE,0.17
"CA-BC Okanagan Basin Agreement 1974, Tech. Supplement V",C-3,Okanagan Lake,8,JUNE,1971-06-19,10,HCO3,129.0,mg/L,,FALSE,FALSE,129
"CA-BC Okanagan Basin Agreement 1974, Tech. Supplement V",C-3,Okanagan Lake,8,JUNE,1971-06-19,10,SO4,25.7,mg/L,,FALSE,FALSE,25.7
"CA-BC Okanagan Basin Agreement 1974, Tech. Supplement V",C-3,Okanagan Lake,8,JUNE,1971-06-19,10,Cl,1.1,mg/L,,FALSE,FALSE,1.1
"CA-BC Okanagan Basin Agreement 1974, Tech. Supplement V",C-3,Okanagan Lake,8,JUNE,1971-06-19,10,F,0.17,mg/L,,FALSE,FALSE,0.17
"CA-BC Okanagan Basin Agreement 1974, Tech. Supplement V",C-3,Okanagan Lake,8,JUNE,1971-06-19,25,HCO3,132.0,mg/L,,FALSE,FALSE,132
"CA-BC Okanagan Basin Agreement 1974, Tech. Supplement V",C-3,Okanagan Lake,8,JUNE,1971-06-19,25,SO4,27.0,mg/L,,FALSE,FALSE,27.0
"CA-BC Okanagan Basin Agreement 1974, Tech. Supplement V",C-3,Okanagan Lake,8,JUNE,1971-06-19,25,Cl,1.1,mg/L,,FALSE,FALSE,1.1
"CA-BC Okanagan Basin Agreement 1974, Tech. Supplement V",C-3,Okanagan Lake,8,JUNE,1971-06-19,25,F,0.18,mg/L,,FALSE,FALSE,0.18
"CA-BC Okanagan Basin Agreement 1974, Tech. Supplement V",C-3,Okanagan Lake,8,JUNE,1971-06-19,50,HCO3,134.0,mg/L,,FALSE,FALSE,134
"CA-BC Okanagan Basin Agreement 1974, Tech. Supplement V",C-3,Okanagan Lake,8,JUNE,1971-06-19,50,SO4,27.0,mg/L,,FALSE,FALSE,27.0
"CA-BC Okanagan Basin Agreement 1974, Tech. Supplement V",C-3,Okanagan Lake,8,JUNE,1971-06-19,50,Cl,1.1,mg/L,,FALSE,FALSE,1.1
"CA-BC Okanagan Basin Agreement 1974, Tech. Supplement V",C-3,Okanagan Lake,8,JUNE,1971-06-19,50,F,0.18,mg/L,,FALSE,FALSE,0.18
"CA-BC Okanagan Basin Agreement 1974, Tech. Supplement V",C-3,Okanagan Lake,8,JUNE,1971-06-19,68,HCO3,134.0,mg/L,,FALSE,FALSE,134
"CA-BC Okanagan Basin Agreement 1974, Tech. Supplement V",C-3,Okanagan Lake,8,JUNE,1971-06-19,68,SO4,27.6,mg/L,,FALSE,FALSE,27.6
"CA-BC Okanagan Basin Agreement 1974, Tech. Supplement V",C-3,Okanagan Lake,8,JUNE,1971-06-19,68,Cl,0.1,mg/L,,FALSE,FALSE,0.1
"CA-BC Okanagan Basin Agreement 1974, Tech. Supplement V",C-3,Okanagan Lake,8,JUNE,1971-06-19,68,F,0.18,mg/L,,FALSE,FALSE,0.18
"CA-BC Okanagan Basin Agreement 1974, Tech. Supplement V",C-3,Okanagan Lake,8,AUGUST,1971-08-19,1,HCO3,128.0,mg/L,,FALSE,FALSE,128
"CA-BC Okanagan Basin Agreement 1974, Tech. Supplement V",C-3,Okanagan Lake,8,AUGUST,1971-08-19,1,SO4,26.3,mg/L,,FALSE,FALSE,26.3
"CA-BC Okanagan Basin Agreement 1974, Tech. Supplement V",C-3,Okanagan Lake,8,AUGUST,1971-08-19,1,Cl,1.1,mg/L,,FALSE,FALSE,1.1
"CA-BC Okanagan Basin Agreement 1974, Tech. Supplement V",C-3,Okanagan Lake,8,AUGUST,1971-08-19,1,F,0.16,mg/L,,FALSE,FALSE,0.16
"CA-BC Okanagan Basin Agreement 1974, Tech. Supplement V",C-3,Okanagan Lake,8,AUGUST,1971-08-19,5,HCO3,128.0,mg/L,,FALSE,FALSE,128
"CA-BC Okanagan Basin Agreement 1974, Tech. Supplement V",C-3,Okanagan Lake,8,AUGUST,1971-08-19,5,SO4,26.1,mg/L,,FALSE,FALSE,26.1
"CA-BC Okanagan Basin Agreement 1974, Tech. Supplement V",C-3,Okanagan Lake,8,AUGUST,1971-08-19,5,Cl,1.1,mg/L,,FALSE,FALSE,1.1
"CA-BC Okanagan Basin Agreement 1974, Tech. Supplement V",C-3,Okanagan Lake,8,AUGUST,1971-08-19,5,F,0.15,mg/L,,FALSE,FALSE,0.15
"CA-BC Okanagan Basin Agreement 1974, Tech. Supplement V",C-3,Okanagan Lake,8,AUGUST,1971-08-19,10,HCO3,128.0,mg/L,,FALSE,FALSE,128
"CA-BC Okanagan Basin Agreement 1974, Tech. Supplement V",C-3,Okanagan Lake,8,AUGUST,1971-08-19,10,SO4,26.1,mg/L,,FALSE,FALSE,26.1
"CA-BC Okanagan Basin Agreement 1974, Tech. Supplement V",C-3,Okanagan Lake,8,AUGUST,1971-08-19,10,Cl,1.1,mg/L,,FALSE,FALSE,1.1
"CA-BC Okanagan Basin Agreement 1974, Tech. Supplement V",C-3,Okanagan Lake,8,AUGUST,1971-08-19,10,F,0.15,mg/L,,FALSE,FALSE,0.15
"CA-BC Okanagan Basin Agreement 1974, Tech. Supplement V",C-3,Okanagan Lake,8,AUGUST,1971-08-19,25,HCO3,132.0,mg/L,,FALSE,FALSE,132
"CA-BC Okanagan Basin Agreement 1974, Tech. Supplement V",C-3,Okanagan Lake,8,AUGUST,1971-08-19,25,SO4,26.1,mg/L,,FALSE,FALSE,26.1
"CA-BC Okanagan Basin Agreement 1974, Tech. Supplement V",C-3,Okanagan Lake,8,AUGUST,1971-08-19,25,Cl,1.1,mg/L,,FALSE,FALSE,1.1
"CA-BC Okanagan Basin Agreement 1974, Tech. Supplement V",C-3,Okanagan Lake,8,AUGUST,1971-08-19,25,F,0.15,mg/L,,FALSE,FALSE,0.15
"CA-BC Okanagan Basin Agreement 1974, Tech. Supplement V",C-3,Okanagan Lake,8,AUGUST,1971-08-19,50,HCO3,133.0,mg/L,,FALSE,FALSE,133
"CA-BC Okanagan Basin Agreement 1974, Tech. Supplement V",C-3,Okanagan Lake,8,AUGUST,1971-08-19,50,SO4,26.4,mg/L,,FALSE,FALSE,26.4
"CA-BC Okanagan Basin Agreement 1974, Tech. Supplement V",C-3,Okanagan Lake,8,AUGUST,1971-08-19,50,Cl,1.1,mg/L,,FALSE,FALSE,1.1
"CA-BC Okanagan Basin Agreement 1974, Tech. Supplement V",C-3,Okanagan Lake,8,AUGUST,1971-08-19,50,F,0.16,mg/L,,FALSE,FALSE,0.16
"CA-BC Okanagan Basin Agreement 1974, Tech. Supplement V",C-3,Okanagan Lake,8,AUGUST,1971-08-19,75,HCO3,134.0,mg/L,,FALSE,FALSE,134
"CA-BC Okanagan Basin Agreement 1974, Tech. Supplement V",C-3,Okanagan Lake,8,AUGUST,1971-08-19,75,SO4,26.3,mg/L,,FALSE,FALSE,26.3
"CA-BC Okanagan Basin Agreement 1974, Tech. Supplement V",C-3,Okanagan Lake,8,AUGUST,1971-08-19,75,Cl,1.1,mg/L,,FALSE,FALSE,1.1
"CA-BC Okanagan Basin Agreement 1974, Tech. Supplement V",C-3,Okanagan Lake,8,AUGUST,1971-08-19,75,F,0.16,mg/L,,FALSE,FALSE,0.16
"CA-BC Okanagan Basin Agreement 1974, Tech. Supplement V",C-3,Okanagan Lake,8,OCTOBER,1971-10-19,1,HCO3,129.0,mg/L,,FALSE,FALSE,129
"CA-BC Okanagan Basin Agreement 1974, Tech. Supplement V",C-3,Okanagan Lake,8,OCTOBER,1971-10-19,1,SO4,26.8,mg/L,,FALSE,FALSE,26.8
"CA-BC Okanagan Basin Agreement 1974, Tech. Supplement V",C-3,Okanagan Lake,8,OCTOBER,1971-10-19,1,Cl,1.1,mg/L,,FALSE,FALSE,1.1
"CA-BC Okanagan Basin Agreement 1974, Tech. Supplement V",C-3,Okanagan Lake,8,OCTOBER,1971-10-19,1,F,0.16,mg/L,,FALSE,FALSE,0.16
"CA-BC Okanagan Basin Agreement 1974, Tech. Supplement V",C-3,Okanagan Lake,8,OCTOBER,1971-10-19,5,HCO3,128.0,mg/L,,FALSE,FALSE,128
"CA-BC Okanagan Basin Agreement 1974, Tech. Supplement V",C-3,Okanagan Lake,8,OCTOBER,1971-10-19,5,SO4,26.8,mg/L,,FALSE,FALSE,26.8
"CA-BC Okanagan Basin Agreement 1974, Tech. Supplement V",C-3,Okanagan Lake,8,OCTOBER,1971-10-19,5,Cl,1.1,mg/L,,FALSE,FALSE,1.1
"CA-BC Okanagan Basin Agreement 1974, Tech. Supplement V",C-3,Okanagan Lake,8,OCTOBER,1971-10-19,5,F,0.16,mg/L,,FALSE,FALSE,0.16
"CA-BC Okanagan Basin Agreement 1974, Tech. Supplement V",C-3,Okanagan Lake,8,OCTOBER,1971-10-19,10,HCO3,128.0,mg/L,,FALSE,FALSE,128
"CA-BC Okanagan Basin Agreement 1974, Tech. Supplement V",C-3,Okanagan Lake,8,OCTOBER,1971-10-19,10,SO4,27.0,mg/L,,FALSE,FALSE,27.0
"CA-BC Okanagan Basin Agreement 1974, Tech. Supplement V",C-3,Okanagan Lake,8,OCTOBER,1971-10-19,10,Cl,1.1,mg/L,,FALSE,FALSE,1.1
"CA-BC Okanagan Basin Agreement 1974, Tech. Supplement V",C-3,Okanagan Lake,8,OCTOBER,1971-10-19,10,F,0.17,mg/L,,FALSE,FALSE,0.17
"CA-BC Okanagan Basin Agreement 1974, Tech. Supplement V",C-3,Okanagan Lake,8,OCTOBER,1971-10-19,20,HCO3,,mg/L,,FALSE,TRUE,ND
"CA-BC Okanagan Basin Agreement 1974, Tech. Supplement V",C-3,Okanagan Lake,8,OCTOBER,1971-10-19,20,SO4,26.8,mg/L,,FALSE,FALSE,26.8
"CA-BC Okanagan Basin Agreement 1974, Tech. Supplement V",C-3,Okanagan Lake,8,OCTOBER,1971-10-19,20,Cl,1.1,mg/L,,FALSE,FALSE,1.1
"CA-BC Okanagan Basin Agreement 1974, Tech. Supplement V",C-3,Okanagan Lake,8,OCTOBER,1971-10-19,20,F,0.17,mg/L,,FALSE,FALSE,0.17
"CA-BC Okanagan Basin Agreement 1974, Tech. Supplement V",C-3,Okanagan Lake,8,OCTOBER,1971-10-19,35,HCO3,131.0,mg/L,,FALSE,FALSE,131
"CA-BC Okanagan Basin Agreement 1974, Tech. Supplement V",C-3,Okanagan Lake,8,OCTOBER,1971-10-19,35,SO4,26.7,mg/L,,FALSE,FALSE,26.7
"CA-BC Okanagan Basin Agreement 1974, Tech. Supplement V",C-3,Okanagan Lake,8,OCTOBER,1971-10-19,35,Cl,1.1,mg/L,,FALSE,FALSE,1.1
"CA-BC Okanagan Basin Agreement 1974, Tech. Supplement V",C-3,Okanagan Lake,8,OCTOBER,1971-10-19,35,F,0.17,mg/L,,FALSE,FALSE,0.17
"CA-BC Okanagan Basin Agreement 1974, Tech. Supplement V",C-3,Okanagan Lake,8,OCTOBER,1971-10-19,48,HCO3,134.0,mg/L,,FALSE,FALSE,134
"CA-BC Okanagan Basin Agreement 1974, Tech. Supplement V",C-3,Okanagan Lake,8,OCTOBER,1971-10-19,48,SO4,27.2,mg/L,,FALSE,FALSE,27.2
"CA-BC Okanagan Basin Agreement 1974, Tech. Supplement V",C-3,Okanagan Lake,8,OCTOBER,1971-10-19,48,Cl,1.1,mg/L,,FALSE,FALSE,1.1
"CA-BC Okanagan Basin Agreement 1974, Tech. Supplement V",C-3,Okanagan Lake,8,OCTOBER,1971-10-19,48,F,0.17,mg/L,,FALSE,FALSE,0.17
"CA-BC Okanagan Basin Agreement 1974, Tech. Supplement V",C-3,Skaha Lake,1,APRIL,1971-04-18,1,HCO3,140.0,mg/L,,FALSE,FALSE,140
"CA-BC Okanagan Basin Agreement 1974, Tech. Supplement V",C-3,Skaha Lake,1,APRIL,1971-04-18,1,SO4,28.7,mg/L,,FALSE,FALSE,28.7
"CA-BC Okanagan Basin Agreement 1974, Tech. Supplement V",C-3,Skaha Lake,1,APRIL,1971-04-18,1,Cl,1.4,mg/L,,FALSE,FALSE,1.4
"CA-BC Okanagan Basin Agreement 1974, Tech. Supplement V",C-3,Skaha Lake,1,APRIL,1971-04-18,1,F,0.17,mg/L,,FALSE,FALSE,0.17
"CA-BC Okanagan Basin Agreement 1974, Tech. Supplement V",C-3,Skaha Lake,1,APRIL,1971-04-18,5,HCO3,133.0,mg/L,,FALSE,FALSE,133
"CA-BC Okanagan Basin Agreement 1974, Tech. Supplement V",C-3,Skaha Lake,1,APRIL,1971-04-18,5,SO4,28.1,mg/L,,FALSE,FALSE,28.1
"CA-BC Okanagan Basin Agreement 1974, Tech. Supplement V",C-3,Skaha Lake,1,APRIL,1971-04-18,5,Cl,1.4,mg/L,,FALSE,FALSE,1.4
"CA-BC Okanagan Basin Agreement 1974, Tech. Supplement V",C-3,Skaha Lake,1,APRIL,1971-04-18,5,F,0.18,mg/L,,FALSE,FALSE,0.18
"CA-BC Okanagan Basin Agreement 1974, Tech. Supplement V",C-3,Skaha Lake,1,APRIL,1971-04-18,10,HCO3,138.0,mg/L,,FALSE,FALSE,138
"CA-BC Okanagan Basin Agreement 1974, Tech. Supplement V",C-3,Skaha Lake,1,APRIL,1971-04-18,10,SO4,28.4,mg/L,,FALSE,FALSE,28.4
"CA-BC Okanagan Basin Agreement 1974, Tech. Supplement V",C-3,Skaha Lake,1,APRIL,1971-04-18,10,Cl,1.5,mg/L,,FALSE,FALSE,1.5
"CA-BC Okanagan Basin Agreement 1974, Tech. Supplement V",C-3,Skaha Lake,1,APRIL,1971-04-18,10,F,0.18,mg/L,,FALSE,FALSE,0.18
"CA-BC Okanagan Basin Agreement 1974, Tech. Supplement V",C-3,Skaha Lake,1,JUNE,1971-06-23,1,HCO3,128.0,mg/L,,FALSE,FALSE,128
"CA-BC Okanagan Basin Agreement 1974, Tech. Supplement V",C-3,Skaha Lake,1,JUNE,1971-06-23,1,SO4,25.5,mg/L,,FALSE,FALSE,25.5
"CA-BC Okanagan Basin Agreement 1974, Tech. Supplement V",C-3,Skaha Lake,1,JUNE,1971-06-23,1,Cl,1.1,mg/L,,FALSE,FALSE,1.1
"CA-BC Okanagan Basin Agreement 1974, Tech. Supplement V",C-3,Skaha Lake,1,JUNE,1971-06-23,1,F,0.17,mg/L,,FALSE,FALSE,0.17
"CA-BC Okanagan Basin Agreement 1974, Tech. Supplement V",C-3,Skaha Lake,1,JUNE,1971-06-23,5,HCO3,126.0,mg/L,,FALSE,FALSE,126
"CA-BC Okanagan Basin Agreement 1974, Tech. Supplement V",C-3,Skaha Lake,1,JUNE,1971-06-23,5,SO4,25.5,mg/L,,FALSE,FALSE,25.5
"CA-BC Okanagan Basin Agreement 1974, Tech. Supplement V",C-3,Skaha Lake,1,JUNE,1971-06-23,5,Cl,1.2,mg/L,,FALSE,FALSE,1.2
"CA-BC Okanagan Basin Agreement 1974, Tech. Supplement V",C-3,Skaha Lake,1,JUNE,1971-06-23,5,F,0.17,mg/L,,FALSE,FALSE,0.17
"CA-BC Okanagan Basin Agreement 1974, Tech. Supplement V",C-3,Skaha Lake,1,JUNE,1971-06-23,10,HCO3,126.0,mg/L,,FALSE,FALSE,126
"CA-BC Okanagan Basin Agreement 1974, Tech. Supplement V",C-3,Skaha Lake,1,JUNE,1971-06-23,10,SO4,25.1,mg/L,,FALSE,FALSE,25.1
"CA-BC Okanagan Basin Agreement 1974, Tech. Supplement V",C-3,Skaha Lake,1,JUNE,1971-06-23,10,Cl,1.1,mg/L,,FALSE,FALSE,1.1
"CA-BC Okanagan Basin Agreement 1974, Tech. Supplement V",C-3,Skaha Lake,1,JUNE,1971-06-23,10,F,0.17,mg/L,,FALSE,FALSE,0.17
"CA-BC Okanagan Basin Agreement 1974, Tech. Supplement V",C-3,Skaha Lake,1,AUGUST,1971-08-18,1,HCO3,117.0,mg/L,,FALSE,FALSE,117
"CA-BC Okanagan Basin Agreement 1974, Tech. Supplement V",C-3,Skaha Lake,1,AUGUST,1971-08-18,1,SO4,26.9,mg/L,,FALSE,FALSE,26.9
"CA-BC Okanagan Basin Agreement 1974, Tech. Supplement V",C-3,Skaha Lake,1,AUGUST,1971-08-18,1,Cl,1.3,mg/L,,FALSE,FALSE,1.3
"CA-BC Okanagan Basin Agreement 1974, Tech. Supplement V",C-3,Skaha Lake,1,AUGUST,1971-08-18,1,F,0.19,mg/L,,FALSE,FALSE,0.19
"CA-BC Okanagan Basin Agreement 1974, Tech. Supplement V",C-3,Skaha Lake,1,AUGUST,1971-08-18,5,HCO3,124.0,mg/L,,FALSE,FALSE,124
"CA-BC Okanagan Basin Agreement 1974, Tech. Supplement V",C-3,Skaha Lake,1,AUGUST,1971-08-18,5,SO4,27.9,mg/L,,FALSE,FALSE,27.9
"CA-BC Okanagan Basin Agreement 1974, Tech. Supplement V",C-3,Skaha Lake,1,AUGUST,1971-08-18,5,Cl,1.3,mg/L,,FALSE,FALSE,1.3
"CA-BC Okanagan Basin Agreement 1974, Tech. Supplement V",C-3,Skaha Lake,1,AUGUST,1971-08-18,5,F,0.19,mg/L,,FALSE,FALSE,0.19
"CA-BC Okanagan Basin Agreement 1974, Tech. Supplement V",C-3,Skaha Lake,1,AUGUST,1971-08-18,10,HCO3,118.0,mg/L,,FALSE,FALSE,118
"CA-BC Okanagan Basin Agreement 1974, Tech. Supplement V",C-3,Skaha Lake,1,AUGUST,1971-08-18,10,SO4,28.1,mg/L,,FALSE,FALSE,28.1
"CA-BC Okanagan Basin Agreement 1974, Tech. Supplement V",C-3,Skaha Lake,1,AUGUST,1971-08-18,10,Cl,1.3,mg/L,,FALSE,FALSE,1.3
"CA-BC Okanagan Basin Agreement 1974, Tech. Supplement V",C-3,Skaha Lake,1,AUGUST,1971-08-18,10,F,0.19,mg/L,,FALSE,FALSE,0.19
"CA-BC Okanagan Basin Agreement 1974, Tech. Supplement V",C-3,Skaha Lake,1,OCTOBER,1971-10-18,1,HCO3,121.0,mg/L,,FALSE,FALSE,121
"CA-BC Okanagan Basin Agreement 1974, Tech. Supplement V",C-3,Skaha Lake,1,OCTOBER,1971-10-18,1,SO4,27.8,mg/L,,FALSE,FALSE,27.8
"CA-BC Okanagan Basin Agreement 1974, Tech. Supplement V",C-3,Skaha Lake,1,OCTOBER,1971-10-18,1,Cl,1.4,mg/L,,FALSE,FALSE,1.4
"CA-BC Okanagan Basin Agreement 1974, Tech. Supplement V",C-3,Skaha Lake,1,OCTOBER,1971-10-18,1,F,0.18,mg/L,,FALSE,FALSE,0.18
"CA-BC Okanagan Basin Agreement 1974, Tech. Supplement V",C-3,Skaha Lake,1,OCTOBER,1971-10-18,5,HCO3,121.0,mg/L,,FALSE,FALSE,121
"CA-BC Okanagan Basin Agreement 1974, Tech. Supplement V",C-3,Skaha Lake,1,OCTOBER,1971-10-18,5,SO4,28.0,mg/L,,FALSE,FALSE,28.0
"CA-BC Okanagan Basin Agreement 1974, Tech. Supplement V",C-3,Skaha Lake,1,OCTOBER,1971-10-18,5,Cl,1.4,mg/L,,FALSE,FALSE,1.4
"CA-BC Okanagan Basin Agreement 1974, Tech. Supplement V",C-3,Skaha Lake,1,OCTOBER,1971-10-18,5,F,0.18,mg/L,,FALSE,FALSE,0.18
"CA-BC Okanagan Basin Agreement 1974, Tech. Supplement V",C-3,Skaha Lake,1,OCTOBER,1971-10-18,10,HCO3,127.0,mg/L,,FALSE,FALSE,127
"CA-BC Okanagan Basin Agreement 1974, Tech. Supplement V",C-3,Skaha Lake,1,OCTOBER,1971-10-18,10,SO4,,mg/L,,FALSE,FALSE,27 8
"CA-BC Okanagan Basin Agreement 1974, Tech. Supplement V",C-3,Skaha Lake,1,OCTOBER,1971-10-18,10,Cl,1.4,mg/L,,FALSE,FALSE,1.4
"CA-BC Okanagan Basin Agreement 1974, Tech. Supplement V",C-3,Skaha Lake,1,OCTOBER,1971-10-18,10,F,0.18,mg/L,,FALSE,FALSE,0.18
"CA-BC Okanagan Basin Agreement 1974, Tech. Supplement V",C-3,Skaha Lake,2,APRIL,1971-04-18,1,HCO3,132.0,mg/L,,FALSE,FALSE,132
"CA-BC Okanagan Basin Agreement 1974, Tech. Supplement V",C-3,Skaha Lake,2,APRIL,1971-04-18,1,SO4,28.1,mg/L,,FALSE,FALSE,28.1
"CA-BC Okanagan Basin Agreement 1974, Tech. Supplement V",C-3,Skaha Lake,2,APRIL,1971-04-18,1,Cl,1.4,mg/L,,FALSE,FALSE,1.4
"CA-BC Okanagan Basin Agreement 1974, Tech. Supplement V",C-3,Skaha Lake,2,APRIL,1971-04-18,1,F,0.18,mg/L,,FALSE,FALSE,0.18
"CA-BC Okanagan Basin Agreement 1974, Tech. Supplement V",C-3,Skaha Lake,2,APRIL,1971-04-18,5,HCO3,132.0,mg/L,,FALSE,FALSE,132
"CA-BC Okanagan Basin Agreement 1974, Tech. Supplement V",C-3,Skaha Lake,2,APRIL,1971-04-18,5,SO4,28.7,mg/L,,FALSE,FALSE,28.7
"CA-BC Okanagan Basin Agreement 1974, Tech. Supplement V",C-3,Skaha Lake,2,APRIL,1971-04-18,5,Cl,1.4,mg/L,,FALSE,FALSE,1.4
"CA-BC Okanagan Basin Agreement 1974, Tech. Supplement V",C-3,Skaha Lake,2,APRIL,1971-04-18,5,F,0.18,mg/L,,FALSE,FALSE,0.18
"CA-BC Okanagan Basin Agreement 1974, Tech. Supplement V",C-3,Skaha Lake,2,APRIL,1971-04-18,10,HCO3,134.0,mg/L,,FALSE,FALSE,134
"CA-BC Okanagan Basin Agreement 1974, Tech. Supplement V",C-3,Skaha Lake,2,APRIL,1971-04-18,10,SO4,28.2,mg/L,,FALSE,FALSE,28.2
"CA-BC Okanagan Basin Agreement 1974, Tech. Supplement V",C-3,Skaha Lake,2,APRIL,1971-04-18,10,Cl,1.4,mg/L,,FALSE,FALSE,1.4
"CA-BC Okanagan Basin Agreement 1974, Tech. Supplement V",C-3,Skaha Lake,2,APRIL,1971-04-18,10,F,0.18,mg/L,,FALSE,FALSE,0.18
"CA-BC Okanagan Basin Agreement 1974, Tech. Supplement V",C-3,Skaha Lake,2,APRIL,1971-04-18,25,HCO3,134.0,mg/L,,FALSE,FALSE,134
"CA-BC Okanagan Basin Agreement 1974, Tech. Supplement V",C-3,Skaha Lake,2,APRIL,1971-04-18,25,SO4,28.2,mg/L,,FALSE,FALSE,28.2
"CA-BC Okanagan Basin Agreement 1974, Tech. Supplement V",C-3,Skaha Lake,2,APRIL,1971-04-18,25,Cl,1.4,mg/L,,FALSE,FALSE,1.4
"CA-BC Okanagan Basin Agreement 1974, Tech. Supplement V",C-3,Skaha Lake,2,APRIL,1971-04-18,25,F,0.18,mg/L,,FALSE,FALSE,0.18
"CA-BC Okanagan Basin Agreement 1974, Tech. Supplement V",C-3,Skaha Lake,2,APRIL,1971-04-18,47,HCO3,134.0,mg/L,,FALSE,FALSE,134
"CA-BC Okanagan Basin Agreement 1974, Tech. Supplement V",C-3,Skaha Lake,2,APRIL,1971-04-18,47,SO4,27.4,mg/L,,FALSE,FALSE,27.4
"CA-BC Okanagan Basin Agreement 1974, Tech. Supplement V",C-3,Skaha Lake,2,APRIL,1971-04-18,47,Cl,1.4,mg/L,,FALSE,FALSE,1.4
"CA-BC Okanagan Basin Agreement 1974, Tech. Supplement V",C-3,Skaha Lake,2,APRIL,1971-04-18,47,F,0.19,mg/L,,FALSE,FALSE,0.19
"CA-BC Okanagan Basin Agreement 1974, Tech. Supplement V",C-3,Skaha Lake,2,JUNE,1971-06-23,1,HCO3,124.0,mg/L,,FALSE,FALSE,124
"CA-BC Okanagan Basin Agreement 1974, Tech. Supplement V",C-3,Skaha Lake,2,JUNE,1971-06-23,1,SO4,25.3,mg/L,,FALSE,FALSE,25.3
"CA-BC Okanagan Basin Agreement 1974, Tech. Supplement V",C-3,Skaha Lake,2,JUNE,1971-06-23,1,Cl,1.5,mg/L,,FALSE,FALSE,1.5
"CA-BC Okanagan Basin Agreement 1974, Tech. Supplement V",C-3,Skaha Lake,2,JUNE,1971-06-23,1,F,0.16,mg/L,,FALSE,FALSE,0.16
"CA-BC Okanagan Basin Agreement 1974, Tech. Supplement V",C-3,Skaha Lake,2,JUNE,1971-06-23,5,HCO3,126.0,mg/L,,FALSE,FALSE,126
"CA-BC Okanagan Basin Agreement 1974, Tech. Supplement V",C-3,Skaha Lake,2,JUNE,1971-06-23,5,SO4,25.3,mg/L,,FALSE,FALSE,25.3
"CA-BC Okanagan Basin Agreement 1974, Tech. Supplement V",C-3,Skaha Lake,2,JUNE,1971-06-23,5,Cl,1.1,mg/L,,FALSE,FALSE,1.1
"CA-BC Okanagan Basin Agreement 1974, Tech. Supplement V",C-3,Skaha Lake,2,JUNE,1971-06-23,5,F,0.16,mg/L,,FALSE,FALSE,0.16
"CA-BC Okanagan Basin Agreement 1974, Tech. Supplement V",C-3,Skaha Lake,2,JUNE,1971-06-23,10,HCO3,124.0,mg/L,,FALSE,FALSE,124
"CA-BC Okanagan Basin Agreement 1974, Tech. Supplement V",C-3,Skaha Lake,2,JUNE,1971-06-23,10,SO4,25.3,mg/L,,FALSE,FALSE,25.3
"CA-BC Okanagan Basin Agreement 1974, Tech. Supplement V",C-3,Skaha Lake,2,JUNE,1971-06-23,10,Cl,1.1,mg/L,,FALSE,FALSE,1.1
"CA-BC Okanagan Basin Agreement 1974, Tech. Supplement V",C-3,Skaha Lake,2,JUNE,1971-06-23,10,F,0.16,mg/L,,FALSE,FALSE,0.16
"CA-BC Okanagan Basin Agreement 1974, Tech. Supplement V",C-3,Skaha Lake,2,JUNE,1971-06-23,15,HCO3,135.0,mg/L,,FALSE,FALSE,135
"CA-BC Okanagan Basin Agreement 1974, Tech. Supplement V",C-3,Skaha Lake,2,JUNE,1971-06-23,15,SO4,27.7,mg/L,,FALSE,FALSE,27.7
"CA-BC Okanagan Basin Agreement 1974, Tech. Supplement V",C-3,Skaha Lake,2,JUNE,1971-06-23,15,Cl,1.2,mg/L,,FALSE,FALSE,1.2
"CA-BC Okanagan Basin Agreement 1974, Tech. Supplement V",C-3,Skaha Lake,2,JUNE,1971-06-23,15,F,0.17,mg/L,,FALSE,FALSE,0.17
"CA-BC Okanagan Basin Agreement 1974, Tech. Supplement V",C-3,Skaha Lake,2,JUNE,1971-06-23,20,HCO3,137.0,mg/L,,FALSE,FALSE,137
"CA-BC Okanagan Basin Agreement 1974, Tech. Supplement V",C-3,Skaha Lake,2,JUNE,1971-06-23,20,SO4,27.7,mg/L,,FALSE,FALSE,27.7
"CA-BC Okanagan Basin Agreement 1974, Tech. Supplement V",C-3,Skaha Lake,2,JUNE,1971-06-23,20,Cl,1.2,mg/L,,FALSE,FALSE,1.2
"CA-BC Okanagan Basin Agreement 1974, Tech. Supplement V",C-3,Skaha Lake,2,JUNE,1971-06-23,20,F,0.18,mg/L,,FALSE,FALSE,0.18
"CA-BC Okanagan Basin Agreement 1974, Tech. Supplement V",C-3,Skaha Lake,2,JUNE,1971-06-23,30,HCO3,139.0,mg/L,,FALSE,FALSE,139
"CA-BC Okanagan Basin Agreement 1974, Tech. Supplement V",C-3,Skaha Lake,2,JUNE,1971-06-23,30,SO4,28.0,mg/L,,FALSE,FALSE,28.0
"CA-BC Okanagan Basin Agreement 1974, Tech. Supplement V",C-3,Skaha Lake,2,JUNE,1971-06-23,30,Cl,1.3,mg/L,,FALSE,FALSE,1.3
"CA-BC Okanagan Basin Agreement 1974, Tech. Supplement V",C-3,Skaha Lake,2,JUNE,1971-06-23,30,F,0.18,mg/L,,FALSE,FALSE,0.18
"CA-BC Okanagan Basin Agreement 1974, Tech. Supplement V",C-3,Skaha Lake,2,JUNE,1971-06-23,44,HCO3,142.0,mg/L,,FALSE,FALSE,142
"CA-BC Okanagan Basin Agreement 1974, Tech. Supplement V",C-3,Skaha Lake,2,JUNE,1971-06-23,44,SO4,28.7,mg/L,,FALSE,FALSE,28.7
"CA-BC Okanagan Basin Agreement 1974, Tech. Supplement V",C-3,Skaha Lake,2,JUNE,1971-06-23,44,Cl,1.1,mg/L,,FALSE,FALSE,1.1
"CA-BC Okanagan Basin Agreement 1974, Tech. Supplement V",C-3,Skaha Lake,2,JUNE,1971-06-23,44,F,0.18,mg/L,,FALSE,FALSE,0.18
"CA-BC Okanagan Basin Agreement 1974, Tech. Supplement V",C-3,Skaha Lake,2,AUGUST,1971-08-18,1,HCO3,119.0,mg/L,,FALSE,FALSE,119
"CA-BC Okanagan Basin Agreement 1974, Tech. Supplement V",C-3,Skaha Lake,2,AUGUST,1971-08-18,1,SO4,26.2,mg/L,,FALSE,FALSE,26.2
"CA-BC Okanagan Basin Agreement 1974, Tech. Supplement V",C-3,Skaha Lake,2,AUGUST,1971-08-18,1,Cl,1.3,mg/L,,FALSE,FALSE,1.3
"CA-BC Okanagan Basin Agreement 1974, Tech. Supplement V",C-3,Skaha Lake,2,AUGUST,1971-08-18,1,F,0.19,mg/L,,FALSE,FALSE,0.19
"CA-BC Okanagan Basin Agreement 1974, Tech. Supplement V",C-3,Skaha Lake,2,AUGUST,1971-08-18,5,HCO3,119.0,mg/L,,FALSE,FALSE,119
"CA-BC Okanagan Basin Agreement 1974, Tech. Supplement V",C-3,Skaha Lake,2,AUGUST,1971-08-18,5,SO4,26.9,mg/L,,FALSE,FALSE,26.9
"CA-BC Okanagan Basin Agreement 1974, Tech. Supplement V",C-3,Skaha Lake,2,AUGUST,1971-08-18,5,Cl,1.3,mg/L,,FALSE,FALSE,1.3
"CA-BC Okanagan Basin Agreement 1974, Tech. Supplement V",C-3,Skaha Lake,2,AUGUST,1971-08-18,5,F,0.19,mg/L,,FALSE,FALSE,0.19
"CA-BC Okanagan Basin Agreement 1974, Tech. Supplement V",C-3,Skaha Lake,2,AUGUST,1971-08-18,15,HCO3,131.0,mg/L,,FALSE,FALSE,131
"CA-BC Okanagan Basin Agreement 1974, Tech. Supplement V",C-3,Skaha Lake,2,AUGUST,1971-08-18,15,SO4,27.7,mg/L,,FALSE,FALSE,27.7
"CA-BC Okanagan Basin Agreement 1974, Tech. Supplement V",C-3,Skaha Lake,2,AUGUST,1971-08-18,15,Cl,1.3,mg/L,,FALSE,FALSE,1.3
"CA-BC Okanagan Basin Agreement 1974, Tech. Supplement V",C-3,Skaha Lake,2,AUGUST,1971-08-18,15,F,0.2,mg/L,,FALSE,FALSE,0.20
"CA-BC Okanagan Basin Agreement 1974, Tech. Supplement V",C-3,Skaha Lake,2,AUGUST,1971-08-18,30,HCO3,129.0,mg/L,,FALSE,FALSE,129
"CA-BC Okanagan Basin Agreement 1974, Tech. Supplement V",C-3,Skaha Lake,2,AUGUST,1971-08-18,30,SO4,30.0,mg/L,,FALSE,FALSE,30.0
"CA-BC Okanagan Basin Agreement 1974, Tech. Supplement V",C-3,Skaha Lake,2,AUGUST,1971-08-18,30,Cl,1.3,mg/L,,FALSE,FALSE,1.3
"CA-BC Okanagan Basin Agreement 1974, Tech. Supplement V",C-3,Skaha Lake,2,AUGUST,1971-08-18,30,F,0.2,mg/L,,FALSE,FALSE,0.20
"CA-BC Okanagan Basin Agreement 1974, Tech. Supplement V",C-3,Skaha Lake,2,AUGUST,1971-08-18,48,HCO3,132.0,mg/L,,FALSE,FALSE,132
"CA-BC Okanagan Basin Agreement 1974, Tech. Supplement V",C-3,Skaha Lake,2,AUGUST,1971-08-18,48,SO4,27.4,mg/L,,FALSE,FALSE,27.4
"CA-BC Okanagan Basin Agreement 1974, Tech. Supplement V",C-3,Skaha Lake,2,AUGUST,1971-08-18,48,Cl,1.3,mg/L,,FALSE,FALSE,1.3
"CA-BC Okanagan Basin Agreement 1974, Tech. Supplement V",C-3,Skaha Lake,2,AUGUST,1971-08-18,48,F,0.2,mg/L,,FALSE,FALSE,0.20
"CA-BC Okanagan Basin Agreement 1974, Tech. Supplement V",C-3,Skaha Lake,2,OCTOBER,1971-10-18,1,HCO3,118.0,mg/L,,FALSE,FALSE,118
"CA-BC Okanagan Basin Agreement 1974, Tech. Supplement V",C-3,Skaha Lake,2,OCTOBER,1971-10-18,1,SO4,28.0,mg/L,,FALSE,FALSE,28.0
"CA-BC Okanagan Basin Agreement 1974, Tech. Supplement V",C-3,Skaha Lake,2,OCTOBER,1971-10-18,1,Cl,1.4,mg/L,,FALSE,FALSE,1.4
"CA-BC Okanagan Basin Agreement 1974, Tech. Supplement V",C-3,Skaha Lake,2,OCTOBER,1971-10-18,1,F,0.18,mg/L,,FALSE,FALSE,0.18
"CA-BC Okanagan Basin Agreement 1974, Tech. Supplement V",C-3,Skaha Lake,2,OCTOBER,1971-10-18,10,HCO3,121.0,mg/L,,FALSE,FALSE,121
"CA-BC Okanagan Basin Agreement 1974, Tech. Supplement V",C-3,Skaha Lake,2,OCTOBER,1971-10-18,10,SO4,27.7,mg/L,,FALSE,FALSE,27.7
"CA-BC Okanagan Basin Agreement 1974, Tech. Supplement V",C-3,Skaha Lake,2,OCTOBER,1971-10-18,10,Cl,1.8,mg/L,,FALSE,FALSE,1.8
"CA-BC Okanagan Basin Agreement 1974, Tech. Supplement V",C-3,Skaha Lake,2,OCTOBER,1971-10-18,10,F,0.18,mg/L,,FALSE,FALSE,0.18
"CA-BC Okanagan Basin Agreement 1974, Tech. Supplement V",C-3,Skaha Lake,2,OCTOBER,1971-10-18,20,HCO3,134.0,mg/L,,FALSE,FALSE,134
"CA-BC Okanagan Basin Agreement 1974, Tech. Supplement V",C-3,Skaha Lake,2,OCTOBER,1971-10-18,20,SO4,27.7,mg/L,,FALSE,FALSE,27.7
"CA-BC Okanagan Basin Agreement 1974, Tech. Supplement V",C-3,Skaha Lake,2,OCTOBER,1971-10-18,20,Cl,1.5,mg/L,,FALSE,FALSE,1.5
"CA-BC Okanagan Basin Agreement 1974, Tech. Supplement V",C-3,Skaha Lake,2,OCTOBER,1971-10-18,20,F,0.19,mg/L,,FALSE,FALSE,0.19
"CA-BC Okanagan Basin Agreement 1974, Tech. Supplement V",C-3,Skaha Lake,2,OCTOBER,1971-10-18,30,HCO3,135.0,mg/L,,FALSE,FALSE,135
"CA-BC Okanagan Basin Agreement 1974, Tech. Supplement V",C-3,Skaha Lake,2,OCTOBER,1971-10-18,30,SO4,28.0,mg/L,,FALSE,FALSE,28.0
"CA-BC Okanagan Basin Agreement 1974, Tech. Supplement V",C-3,Skaha Lake,2,OCTOBER,1971-10-18,30,Cl,1.5,mg/L,,FALSE,FALSE,1.5
"CA-BC Okanagan Basin Agreement 1974, Tech. Supplement V",C-3,Skaha Lake,2,OCTOBER,1971-10-18,30,F,0.2,mg/L,,FALSE,FALSE,0.20
"CA-BC Okanagan Basin Agreement 1974, Tech. Supplement V",C-3,Skaha Lake,2,OCTOBER,1971-10-18,48,HCO3,135.0,mg/L,,FALSE,FALSE,135
"CA-BC Okanagan Basin Agreement 1974, Tech. Supplement V",C-3,Skaha Lake,2,OCTOBER,1971-10-18,48,SO4,27.2,mg/L,,FALSE,FALSE,27.2
"CA-BC Okanagan Basin Agreement 1974, Tech. Supplement V",C-3,Skaha Lake,2,OCTOBER,1971-10-18,48,Cl,1.5,mg/L,,FALSE,FALSE,1.5
"CA-BC Okanagan Basin Agreement 1974, Tech. Supplement V",C-3,Skaha Lake,2,OCTOBER,1971-10-18,48,F,0.19,mg/L,,FALSE,FALSE,0.19
"CA-BC Okanagan Basin Agreement 1974, Tech. Supplement V",C-3,Skaha Lake,4,APRIL,1971-04-18,1,HCO3,133.0,mg/L,,FALSE,FALSE,133
"CA-BC Okanagan Basin Agreement 1974, Tech. Supplement V",C-3,Skaha Lake,4,APRIL,1971-04-18,1,SO4,28.4,mg/L,,FALSE,FALSE,28.4
"CA-BC Okanagan Basin Agreement 1974, Tech. Supplement V",C-3,Skaha Lake,4,APRIL,1971-04-18,1,Cl,1.4,mg/L,,FALSE,FALSE,1.4
"CA-BC Okanagan Basin Agreement 1974, Tech. Supplement V",C-3,Skaha Lake,4,APRIL,1971-04-18,1,F,0.18,mg/L,,FALSE,FALSE,0.18
"CA-BC Okanagan Basin Agreement 1974, Tech. Supplement V",C-3,Skaha Lake,4,APRIL,1971-04-18,5,HCO3,133.0,mg/L,,FALSE,FALSE,133
"CA-BC Okanagan Basin Agreement 1974, Tech. Supplement V",C-3,Skaha Lake,4,APRIL,1971-04-18,5,SO4,27.7,mg/L,,FALSE,FALSE,27.7
"CA-BC Okanagan Basin Agreement 1974, Tech. Supplement V",C-3,Skaha Lake,4,APRIL,1971-04-18,5,Cl,1.4,mg/L,,FALSE,FALSE,1.4
"CA-BC Okanagan Basin Agreement 1974, Tech. Supplement V",C-3,Skaha Lake,4,APRIL,1971-04-18,5,F,0.19,mg/L,,FALSE,FALSE,0.19
"CA-BC Okanagan Basin Agreement 1974, Tech. Supplement V",C-3,Skaha Lake,4,APRIL,1971-04-18,10,HCO3,133.0,mg/L,,FALSE,FALSE,133
"CA-BC Okanagan Basin Agreement 1974, Tech. Supplement V",C-3,Skaha Lake,4,APRIL,1971-04-18,10,SO4,28.1,mg/L,,FALSE,FALSE,28.1
"CA-BC Okanagan Basin Agreement 1974, Tech. Supplement V",C-3,Skaha Lake,4,APRIL,1971-04-18,10,Cl,1.4,mg/L,,FALSE,FALSE,1.4
"CA-BC Okanagan Basin Agreement 1974, Tech. Supplement V",C-3,Skaha Lake,4,APRIL,1971-04-18,10,F,0.18,mg/L,,FALSE,FALSE,0.18
"CA-BC Okanagan Basin Agreement 1974, Tech. Supplement V",C-3,Skaha Lake,4,APRIL,1971-04-18,25,HCO3,134.0,mg/L,,FALSE,FALSE,134
"CA-BC Okanagan Basin Agreement 1974, Tech. Supplement V",C-3,Skaha Lake,4,APRIL,1971-04-18,25,SO4,28.1,mg/L,,FALSE,FALSE,28.1
"CA-BC Okanagan Basin Agreement 1974, Tech. Supplement V",C-3,Skaha Lake,4,APRIL,1971-04-18,25,Cl,1.4,mg/L,,FALSE,FALSE,1.4
"CA-BC Okanagan Basin Agreement 1974, Tech. Supplement V",C-3,Skaha Lake,4,APRIL,1971-04-18,25,F,0.19,mg/L,,FALSE,FALSE,0.19
"CA-BC Okanagan Basin Agreement 1974, Tech. Supplement V",C-3,Skaha Lake,4,APRIL,1971-04-18,48,HCO3,138.0,mg/L,,FALSE,FALSE,138
"CA-BC Okanagan Basin Agreement 1974, Tech. Supplement V",C-3,Skaha Lake,4,APRIL,1971-04-18,48,SO4,28.4,mg/L,,FALSE,FALSE,28.4
"CA-BC Okanagan Basin Agreement 1974, Tech. Supplement V",C-3,Skaha Lake,4,APRIL,1971-04-18,48,Cl,1.4,mg/L,,FALSE,FALSE,1.4
"CA-BC Okanagan Basin Agreement 1974, Tech. Supplement V",C-3,Skaha Lake,4,APRIL,1971-04-18,48,F,0.18,mg/L,,FALSE,FALSE,0.18
"CA-BC Okanagan Basin Agreement 1974, Tech. Supplement V",C-3,Skaha Lake,4,JUNE,1971-06-23,1,HCO3,131.0,mg/L,,FALSE,FALSE,131
"CA-BC Okanagan Basin Agreement 1974, Tech. Supplement V",C-3,Skaha Lake,4,JUNE,1971-06-23,1,SO4,25.6,mg/L,,FALSE,FALSE,25.6
"CA-BC Okanagan Basin Agreement 1974, Tech. Supplement V",C-3,Skaha Lake,4,JUNE,1971-06-23,1,Cl,1.2,mg/L,,FALSE,FALSE,1.2
"CA-BC Okanagan Basin Agreement 1974, Tech. Supplement V",C-3,Skaha Lake,4,JUNE,1971-06-23,1,F,0.16,mg/L,,FALSE,FALSE,0.16
"CA-BC Okanagan Basin Agreement 1974, Tech. Supplement V",C-3,Skaha Lake,4,JUNE,1971-06-23,5,HCO3,124.0,mg/L,,FALSE,FALSE,124
"CA-BC Okanagan Basin Agreement 1974, Tech. Supplement V",C-3,Skaha Lake,4,JUNE,1971-06-23,5,SO4,25.0,mg/L,,FALSE,FALSE,25.0
"CA-BC Okanagan Basin Agreement 1974, Tech. Supplement V",C-3,Skaha Lake,4,JUNE,1971-06-23,5,Cl,1.2,mg/L,,FALSE,FALSE,1.2
"CA-BC Okanagan Basin Agreement 1974, Tech. Supplement V",C-3,Skaha Lake,4,JUNE,1971-06-23,5,F,0.16,mg/L,,FALSE,FALSE,0.16
"CA-BC Okanagan Basin Agreement 1974, Tech. Supplement V",C-3,Skaha Lake,4,JUNE,1971-06-23,10,HCO3,124.0,mg/L,,FALSE,FALSE,124
"CA-BC Okanagan Basin Agreement 1974, Tech. Supplement V",C-3,Skaha Lake,4,JUNE,1971-06-23,10,SO4,25.1,mg/L,,FALSE,FALSE,25.1
"CA-BC Okanagan Basin Agreement 1974, Tech. Supplement V",C-3,Skaha Lake,4,JUNE,1971-06-23,10,Cl,1.2,mg/L,,FALSE,FALSE,1.2
"CA-BC Okanagan Basin Agreement 1974, Tech. Supplement V",C-3,Skaha Lake,4,JUNE,1971-06-23,10,F,0.16,mg/L,,FALSE,FALSE,0.16
"CA-BC Okanagan Basin Agreement 1974, Tech. Supplement V",C-3,Skaha Lake,4,JUNE,1971-06-23,15,HCO3,132.0,mg/L,,FALSE,FALSE,132
"CA-BC Okanagan Basin Agreement 1974, Tech. Supplement V",C-3,Skaha Lake,4,JUNE,1971-06-23,15,SO4,27.3,mg/L,,FALSE,FALSE,27.3
"CA-BC Okanagan Basin Agreement 1974, Tech. Supplement V",C-3,Skaha Lake,4,JUNE,1971-06-23,15,Cl,1.3,mg/L,,FALSE,FALSE,1.3
"CA-BC Okanagan Basin Agreement 1974, Tech. Supplement V",C-3,Skaha Lake,4,JUNE,1971-06-23,15,F,0.17,mg/L,,FALSE,FALSE,0.17
"CA-BC Okanagan Basin Agreement 1974, Tech. Supplement V",C-3,Skaha Lake,4,JUNE,1971-06-23,20,HCO3,136.0,mg/L,,FALSE,FALSE,136
"CA-BC Okanagan Basin Agreement 1974, Tech. Supplement V",C-3,Skaha Lake,4,JUNE,1971-06-23,20,SO4,27.4,mg/L,,FALSE,FALSE,27.4
"CA-BC Okanagan Basin Agreement 1974, Tech. Supplement V",C-3,Skaha Lake,4,JUNE,1971-06-23,20,Cl,1.2,mg/L,,FALSE,FALSE,1.2
"CA-BC Okanagan Basin Agreement 1974, Tech. Supplement V",C-3,Skaha Lake,4,JUNE,1971-06-23,20,F,0.17,mg/L,,FALSE,FALSE,0.17
"CA-BC Okanagan Basin Agreement 1974, Tech. Supplement V",C-3,Skaha Lake,4,JUNE,1971-06-23,30,HCO3,139.0,mg/L,,FALSE,FALSE,139
"CA-BC Okanagan Basin Agreement 1974, Tech. Supplement V",C-3,Skaha Lake,4,JUNE,1971-06-23,30,SO4,28.0,mg/L,,FALSE,FALSE,28.0
"CA-BC Okanagan Basin Agreement 1974, Tech. Supplement V",C-3,Skaha Lake,4,JUNE,1971-06-23,30,Cl,1.3,mg/L,,FALSE,FALSE,1.3
"CA-BC Okanagan Basin Agreement 1974, Tech. Supplement V",C-3,Skaha Lake,4,JUNE,1971-06-23,30,F,0.17,mg/L,,FALSE,FALSE,0.17
"CA-BC Okanagan Basin Agreement 1974, Tech. Supplement V",C-3,Skaha Lake,4,JUNE,1971-06-23,44,HCO3,139.0,mg/L,,FALSE,FALSE,139
"CA-BC Okanagan Basin Agreement 1974, Tech. Supplement V",C-3,Skaha Lake,4,JUNE,1971-06-23,44,SO4,28.0,mg/L,,FALSE,FALSE,28.0
"CA-BC Okanagan Basin Agreement 1974, Tech. Supplement V",C-3,Skaha Lake,4,JUNE,1971-06-23,44,Cl,1.3,mg/L,,FALSE,FALSE,1.3
"CA-BC Okanagan Basin Agreement 1974, Tech. Supplement V",C-3,Skaha Lake,4,JUNE,1971-06-23,44,F,0.17,mg/L,,FALSE,FALSE,0.17
"CA-BC Okanagan Basin Agreement 1974, Tech. Supplement V",C-3,Skaha Lake,4,AUGUST,1971-08-18,1,HCO3,119.0,mg/L,,FALSE,FALSE,119
"CA-BC Okanagan Basin Agreement 1974, Tech. Supplement V",C-3,Skaha Lake,4,AUGUST,1971-08-18,1,SO4,27.1,mg/L,,FALSE,FALSE,27.1
"CA-BC Okanagan Basin Agreement 1974, Tech. Supplement V",C-3,Skaha Lake,4,AUGUST,1971-08-18,1,Cl,1.3,mg/L,,FALSE,FALSE,1.3
"CA-BC Okanagan Basin Agreement 1974, Tech. Supplement V",C-3,Skaha Lake,4,AUGUST,1971-08-18,1,F,0.19,mg/L,,FALSE,FALSE,0.19
"CA-BC Okanagan Basin Agreement 1974, Tech. Supplement V",C-3,Skaha Lake,4,AUGUST,1971-08-18,5,HCO3,119.0,mg/L,,FALSE,FALSE,119
"CA-BC Okanagan Basin Agreement 1974, Tech. Supplement V",C-3,Skaha Lake,4,AUGUST,1971-08-18,5,SO4,27.7,mg/L,,FALSE,FALSE,27.7
"CA-BC Okanagan Basin Agreement 1974, Tech. Supplement V",C-3,Skaha Lake,4,AUGUST,1971-08-18,5,Cl,1.3,mg/L,,FALSE,FALSE,1.3
"CA-BC Okanagan Basin Agreement 1974, Tech. Supplement V",C-3,Skaha Lake,4,AUGUST,1971-08-18,5,F,0.19,mg/L,,FALSE,FALSE,0.19
"CA-BC Okanagan Basin Agreement 1974, Tech. Supplement V",C-3,Skaha Lake,4,AUGUST,1971-08-18,15,HCO3,132.0,mg/L,,FALSE,FALSE,132
"CA-BC Okanagan Basin Agreement 1974, Tech. Supplement V",C-3,Skaha Lake,4,AUGUST,1971-08-18,15,SO4,27.7,mg/L,,FALSE,FALSE,27.7
"CA-BC Okanagan Basin Agreement 1974, Tech. Supplement V",C-3,Skaha Lake,4,AUGUST,1971-08-18,15,Cl,1.4,mg/L,,FALSE,FALSE,1.4
"CA-BC Okanagan Basin Agreement 1974, Tech. Supplement V",C-3,Skaha Lake,4,AUGUST,1971-08-18,15,F,0.2,mg/L,,FALSE,FALSE,0.20
"CA-BC Okanagan Basin Agreement 1974, Tech. Supplement V",C-3,Skaha Lake,4,AUGUST,1971-08-18,30,HCO3,136.0,mg/L,,FALSE,FALSE,136
"CA-BC Okanagan Basin Agreement 1974, Tech. Supplement V",C-3,Skaha Lake,4,AUGUST,1971-08-18,30,SO4,27.1,mg/L,,FALSE,FALSE,27.1
"CA-BC Okanagan Basin Agreement 1974, Tech. Supplement V",C-3,Skaha Lake,4,AUGUST,1971-08-18,30,Cl,1.4,mg/L,,FALSE,FALSE,1.4
"CA-BC Okanagan Basin Agreement 1974, Tech. Supplement V",C-3,Skaha Lake,4,AUGUST,1971-08-18,30,F,0.2,mg/L,,FALSE,FALSE,0.20
"CA-BC Okanagan Basin Agreement 1974, Tech. Supplement V",C-3,Skaha Lake,4,AUGUST,1971-08-18,45,HCO3,133.0,mg/L,,FALSE,FALSE,133
"CA-BC Okanagan Basin Agreement 1974, Tech. Supplement V",C-3,Skaha Lake,4,AUGUST,1971-08-18,45,SO4,27.4,mg/L,,FALSE,FALSE,27.4
"CA-BC Okanagan Basin Agreement 1974, Tech. Supplement V",C-3,Skaha Lake,4,AUGUST,1971-08-18,45,Cl,1.4,mg/L,,FALSE,FALSE,1.4
"CA-BC Okanagan Basin Agreement 1974, Tech. Supplement V",C-3,Skaha Lake,4,AUGUST,1971-08-18,45,F,0.2,mg/L,,FALSE,FALSE,0.20
"CA-BC Okanagan Basin Agreement 1974, Tech. Supplement V",C-3,Skaha Lake,4,OCTOBER,1971-10-18,1,HCO3,118.0,mg/L,,FALSE,FALSE,118
"CA-BC Okanagan Basin Agreement 1974, Tech. Supplement V",C-3,Skaha Lake,4,OCTOBER,1971-10-18,1,SO4,28.0,mg/L,,FALSE,FALSE,28.0
"CA-BC Okanagan Basin Agreement 1974, Tech. Supplement V",C-3,Skaha Lake,4,OCTOBER,1971-10-18,1,Cl,1.4,mg/L,,FALSE,FALSE,1.4
"CA-BC Okanagan Basin Agreement 1974, Tech. Supplement V",C-3,Skaha Lake,4,OCTOBER,1971-10-18,1,F,0.18,mg/L,,FALSE,FALSE,0.18
"CA-BC Okanagan Basin Agreement 1974, Tech. Supplement V",C-3,Skaha Lake,4,OCTOBER,1971-10-18,10,HCO3,121.0,mg/L,,FALSE,FALSE,121
"CA-BC Okanagan Basin Agreement 1974, Tech. Supplement V",C-3,Skaha Lake,4,OCTOBER,1971-10-18,10,SO4,27.3,mg/L,,FALSE,FALSE,27.3
"CA-BC Okanagan Basin Agreement 1974, Tech. Supplement V",C-3,Skaha Lake,4,OCTOBER,1971-10-18,10,Cl,1.4,mg/L,,FALSE,FALSE,1.4
"CA-BC Okanagan Basin Agreement 1974, Tech. Supplement V",C-3,Skaha Lake,4,OCTOBER,1971-10-18,10,F,0.18,mg/L,,FALSE,FALSE,0.18
"CA-BC Okanagan Basin Agreement 1974, Tech. Supplement V",C-3,Skaha Lake,4,OCTOBER,1971-10-18,20,HCO3,134.0,mg/L,,FALSE,FALSE,134
"CA-BC Okanagan Basin Agreement 1974, Tech. Supplement V",C-3,Skaha Lake,4,OCTOBER,1971-10-18,20,SO4,27.5,mg/L,,FALSE,FALSE,27.5
"CA-BC Okanagan Basin Agreement 1974, Tech. Supplement V",C-3,Skaha Lake,4,OCTOBER,1971-10-18,20,Cl,1.4,mg/L,,FALSE,FALSE,1.4
"CA-BC Okanagan Basin Agreement 1974, Tech. Supplement V",C-3,Skaha Lake,4,OCTOBER,1971-10-18,20,F,0.19,mg/L,,FALSE,FALSE,0.19
"CA-BC Okanagan Basin Agreement 1974, Tech. Supplement V",C-3,Skaha Lake,4,OCTOBER,1971-10-18,30,HCO3,135.0,mg/L,,FALSE,FALSE,135
"CA-BC Okanagan Basin Agreement 1974, Tech. Supplement V",C-3,Skaha Lake,4,OCTOBER,1971-10-18,30,SO4,28.0,mg/L,,FALSE,FALSE,28.0
"CA-BC Okanagan Basin Agreement 1974, Tech. Supplement V",C-3,Skaha Lake,4,OCTOBER,1971-10-18,30,Cl,1.5,mg/L,,FALSE,FALSE,1.5
"CA-BC Okanagan Basin Agreement 1974, Tech. Supplement V",C-3,Skaha Lake,4,OCTOBER,1971-10-18,30,F,0.19,mg/L,,FALSE,FALSE,0.19
"CA-BC Okanagan Basin Agreement 1974, Tech. Supplement V",C-3,Skaha Lake,4,OCTOBER,1971-10-18,44,HCO3,135.0,mg/L,,FALSE,FALSE,135
"CA-BC Okanagan Basin Agreement 1974, Tech. Supplement V",C-3,Skaha Lake,4,OCTOBER,1971-10-18,44,SO4,27.2,mg/L,,FALSE,FALSE,27.2
"CA-BC Okanagan Basin Agreement 1974, Tech. Supplement V",C-3,Skaha Lake,4,OCTOBER,1971-10-18,44,Cl,1.5,mg/L,,FALSE,FALSE,1.5
"CA-BC Okanagan Basin Agreement 1974, Tech. Supplement V",C-3,Skaha Lake,4,OCTOBER,1971-10-18,44,F,0.19,mg/L,,FALSE,FALSE,0.19
"CA-BC Okanagan Basin Agreement 1974, Tech. Supplement V",C-3,Skaha Lake,5,APRIL,1971-04-18,1,HCO3,133.0,mg/L,,FALSE,FALSE,133
"CA-BC Okanagan Basin Agreement 1974, Tech. Supplement V",C-3,Skaha Lake,5,APRIL,1971-04-18,1,SO4,27.1,mg/L,,FALSE,FALSE,27.1
"CA-BC Okanagan Basin Agreement 1974, Tech. Supplement V",C-3,Skaha Lake,5,APRIL,1971-04-18,1,Cl,1.4,mg/L,,FALSE,FALSE,1.4
"CA-BC Okanagan Basin Agreement 1974, Tech. Supplement V",C-3,Skaha Lake,5,APRIL,1971-04-18,1,F,0.18,mg/L,,FALSE,FALSE,0.18
"CA-BC Okanagan Basin Agreement 1974, Tech. Supplement V",C-3,Skaha Lake,5,APRIL,1971-04-18,5,HCO3,133.0,mg/L,,FALSE,FALSE,133
"CA-BC Okanagan Basin Agreement 1974, Tech. Supplement V",C-3,Skaha Lake,5,APRIL,1971-04-18,5,SO4,28.7,mg/L,,FALSE,FALSE,28.7
"CA-BC Okanagan Basin Agreement 1974, Tech. Supplement V",C-3,Skaha Lake,5,APRIL,1971-04-18,5,Cl,1.4,mg/L,,FALSE,FALSE,1.4
"CA-BC Okanagan Basin Agreement 1974, Tech. Supplement V",C-3,Skaha Lake,5,APRIL,1971-04-18,5,F,0.18,mg/L,,FALSE,FALSE,0.18
"CA-BC Okanagan Basin Agreement 1974, Tech. Supplement V",C-3,Skaha Lake,5,APRIL,1971-04-18,10,HCO3,133.0,mg/L,,FALSE,FALSE,133
"CA-BC Okanagan Basin Agreement 1974, Tech. Supplement V",C-3,Skaha Lake,5,APRIL,1971-04-18,10,SO4,27.1,mg/L,,FALSE,FALSE,27.1
"CA-BC Okanagan Basin Agreement 1974, Tech. Supplement V",C-3,Skaha Lake,5,APRIL,1971-04-18,10,Cl,1.4,mg/L,,FALSE,FALSE,1.4
"CA-BC Okanagan Basin Agreement 1974, Tech. Supplement V",C-3,Skaha Lake,5,APRIL,1971-04-18,10,F,0.18,mg/L,,FALSE,FALSE,0.18
"CA-BC Okanagan Basin Agreement 1974, Tech. Supplement V",C-3,Skaha Lake,5,APRIL,1971-04-18,25,HCO3,133.0,mg/L,,FALSE,FALSE,133
"CA-BC Okanagan Basin Agreement 1974, Tech. Supplement V",C-3,Skaha Lake,5,APRIL,1971-04-18,25,SO4,21.9,mg/L,,FALSE,FALSE,21.9
"CA-BC Okanagan Basin Agreement 1974, Tech. Supplement V",C-3,Skaha Lake,5,APRIL,1971-04-18,25,Cl,1.4,mg/L,,FALSE,FALSE,1.4
"CA-BC Okanagan Basin Agreement 1974, Tech. Supplement V",C-3,Skaha Lake,5,APRIL,1971-04-18,25,F,0.18,mg/L,,FALSE,FALSE,0.18
"CA-BC Okanagan Basin Agreement 1974, Tech. Supplement V",C-3,Skaha Lake,5,APRIL,1971-04-18,37,HCO3,138.0,mg/L,,FALSE,FALSE,138
"CA-BC Okanagan Basin Agreement 1974, Tech. Supplement V",C-3,Skaha Lake,5,APRIL,1971-04-18,37,SO4,,mg/L,,FALSE,FALSE,20..5
"CA-BC Okanagan Basin Agreement 1974, Tech. Supplement V",C-3,Skaha Lake,5,APRIL,1971-04-18,37,Cl,1.4,mg/L,,FALSE,FALSE,1.4
"CA-BC Okanagan Basin Agreement 1974, Tech. Supplement V",C-3,Skaha Lake,5,APRIL,1971-04-18,37,F,0.18,mg/L,,FALSE,FALSE,0.18
"CA-BC Okanagan Basin Agreement 1974, Tech. Supplement V",C-3,Skaha Lake,5,JUNE,1971-06-23,1,HCO3,127.0,mg/L,,FALSE,FALSE,127
"CA-BC Okanagan Basin Agreement 1974, Tech. Supplement V",C-3,Skaha Lake,5,JUNE,1971-06-23,1,SO4,25.9,mg/L,,FALSE,FALSE,25.9
"CA-BC Okanagan Basin Agreement 1974, Tech. Supplement V",C-3,Skaha Lake,5,JUNE,1971-06-23,1,Cl,1.4,mg/L,,FALSE,FALSE,1.4
"CA-BC Okanagan Basin Agreement 1974, Tech. Supplement V",C-3,Skaha Lake,5,JUNE,1971-06-23,1,F,0.13,mg/L,,FALSE,FALSE,0.13
"CA-BC Okanagan Basin Agreement 1974, Tech. Supplement V",C-3,Skaha Lake,5,JUNE,1971-06-23,5,HCO3,127.0,mg/L,,FALSE,FALSE,127
"CA-BC Okanagan Basin Agreement 1974, Tech. Supplement V",C-3,Skaha Lake,5,JUNE,1971-06-23,5,SO4,26.1,mg/L,,FALSE,FALSE,26.1
"CA-BC Okanagan Basin Agreement 1974, Tech. Supplement V",C-3,Skaha Lake,5,JUNE,1971-06-23,5,Cl,1.1,mg/L,,FALSE,FALSE,1.1
"CA-BC Okanagan Basin Agreement 1974, Tech. Supplement V",C-3,Skaha Lake,5,JUNE,1971-06-23,5,F,0.15,mg/L,,FALSE,FALSE,0.15
"CA-BC Okanagan Basin Agreement 1974, Tech. Supplement V",C-3,Skaha Lake,5,JUNE,1971-06-23,10,HCO3,128.0,mg/L,,FALSE,FALSE,128
"CA-BC Okanagan Basin Agreement 1974, Tech. Supplement V",C-3,Skaha Lake,5,JUNE,1971-06-23,10,SO4,25.9,mg/L,,FALSE,FALSE,25.9
"CA-BC Okanagan Basin Agreement 1974, Tech. Supplement V",C-3,Skaha Lake,5,JUNE,1971-06-23,10,Cl,1.1,mg/L,,FALSE,FALSE,1.1
"CA-BC Okanagan Basin Agreement 1974, Tech. Supplement V",C-3,Skaha Lake,5,JUNE,1971-06-23,10,F,0.15,mg/L,,FALSE,FALSE,0.15
"CA-BC Okanagan Basin Agreement 1974, Tech. Supplement V",C-3,Skaha Lake,5,JUNE,1971-06-23,15,HCO3,136.0,mg/L,,FALSE,FALSE,136
"CA-BC Okanagan Basin Agreement 1974, Tech. Supplement V",C-3,Skaha Lake,5,JUNE,1971-06-23,15,SO4,,mg/L,,FALSE,FALSE,26-7
"CA-BC Okanagan Basin Agreement 1974, Tech. Supplement V",C-3,Skaha Lake,5,JUNE,1971-06-23,15,Cl,1.3,mg/L,,FALSE,FALSE,1.3
"CA-BC Okanagan Basin Agreement 1974, Tech. Supplement V",C-3,Skaha Lake,5,JUNE,1971-06-23,15,F,0.17,mg/L,,FALSE,FALSE,0.17
"CA-BC Okanagan Basin Agreement 1974, Tech. Supplement V",C-3,Skaha Lake,5,JUNE,1971-06-23,20,HCO3,137.0,mg/L,,FALSE,FALSE,137
"CA-BC Okanagan Basin Agreement 1974, Tech. Supplement V",C-3,Skaha Lake,5,JUNE,1971-06-23,20,SO4,27.3,mg/L,,FALSE,FALSE,27.3
"CA-BC Okanagan Basin Agreement 1974, Tech. Supplement V",C-3,Skaha Lake,5,JUNE,1971-06-23,20,Cl,1.2,mg/L,,FALSE,FALSE,1.2
"CA-BC Okanagan Basin Agreement 1974, Tech. Supplement V",C-3,Skaha Lake,5,JUNE,1971-06-23,20,F,0.17,mg/L,,FALSE,FALSE,0.17
"CA-BC Okanagan Basin Agreement 1974, Tech. Supplement V",C-3,Skaha Lake,5,JUNE,1971-06-23,30,HCO3,139.0,mg/L,,FALSE,FALSE,139
"CA-BC Okanagan Basin Agreement 1974, Tech. Supplement V",C-3,Skaha Lake,5,JUNE,1971-06-23,30,SO4,27.7,mg/L,,FALSE,FALSE,27.7
"CA-BC Okanagan Basin Agreement 1974, Tech. Supplement V",C-3,Skaha Lake,5,JUNE,1971-06-23,30,Cl,1.4,mg/L,,FALSE,FALSE,1.4
"CA-BC Okanagan Basin Agreement 1974, Tech. Supplement V",C-3,Skaha Lake,5,JUNE,1971-06-23,30,F,0.17,mg/L,,FALSE,FALSE,0.17
"CA-BC Okanagan Basin Agreement 1974, Tech. Supplement V",C-3,Skaha Lake,5,JUNE,1971-06-23,44,Cl,1.4,mg/L,,FALSE,FALSE,1.4
"CA-BC Okanagan Basin Agreement 1974, Tech. Supplement V",C-3,Skaha Lake,5,JUNE,1971-06-23,44,F,0.17,mg/L,,FALSE,FALSE,0.17
"CA-BC Okanagan Basin Agreement 1974, Tech. Supplement V",C-3,Skaha Lake,5,AUGUST,1971-08-18,1,HCO3,122.0,mg/L,,FALSE,FALSE,122
"CA-BC Okanagan Basin Agreement 1974, Tech. Supplement V",C-3,Skaha Lake,5,AUGUST,1971-08-18,1,SO4,29.1,mg/L,,FALSE,FALSE,29.1
"CA-BC Okanagan Basin Agreement 1974, Tech. Supplement V",C-3,Skaha Lake,5,AUGUST,1971-08-18,1,Cl,1.3,mg/L,,FALSE,FALSE,1.3
"CA-BC Okanagan Basin Agreement 1974, Tech. Supplement V",C-3,Skaha Lake,5,AUGUST,1971-08-18,1,F,0.2,mg/L,,FALSE,FALSE,0.20
"CA-BC Okanagan Basin Agreement 1974, Tech. Supplement V",C-3,Skaha Lake,5,AUGUST,1971-08-18,5,HCO3,122.0,mg/L,,FALSE,FALSE,122
"CA-BC Okanagan Basin Agreement 1974, Tech. Supplement V",C-3,Skaha Lake,5,AUGUST,1971-08-18,5,SO4,27.5,mg/L,,FALSE,FALSE,27.5
"CA-BC Okanagan Basin Agreement 1974, Tech. Supplement V",C-3,Skaha Lake,5,AUGUST,1971-08-18,5,Cl,1.3,mg/L,,FALSE,FALSE,1.3
"CA-BC Okanagan Basin Agreement 1974, Tech. Supplement V",C-3,Skaha Lake,5,AUGUST,1971-08-18,5,F,0.2,mg/L,,FALSE,FALSE,0.20
"CA-BC Okanagan Basin Agreement 1974, Tech. Supplement V",C-3,Skaha Lake,5,AUGUST,1971-08-18,10,HCO3,128.0,mg/L,,FALSE,FALSE,128
"CA-BC Okanagan Basin Agreement 1974, Tech. Supplement V",C-3,Skaha Lake,5,AUGUST,1971-08-18,10,SO4,27.3,mg/L,,FALSE,FALSE,27.3
"CA-BC Okanagan Basin Agreement 1974, Tech. Supplement V",C-3,Skaha Lake,5,AUGUST,1971-08-18,10,Cl,1.3,mg/L,,FALSE,FALSE,1.3
"CA-BC Okanagan Basin Agreement 1974, Tech. Supplement V",C-3,Skaha Lake,5,AUGUST,1971-08-18,10,F,0.2,mg/L,,FALSE,FALSE,0.20
"CA-BC Okanagan Basin Agreement 1974, Tech. Supplement V",C-3,Skaha Lake,5,AUGUST,1971-08-18,25,HCO3,135.0,mg/L,,FALSE,FALSE,135
"CA-BC Okanagan Basin Agreement 1974, Tech. Supplement V",C-3,Skaha Lake,5,AUGUST,1971-08-18,25,SO4,28.0,mg/L,,FALSE,FALSE,28.0
"CA-BC Okanagan Basin Agreement 1974, Tech. Supplement V",C-3,Skaha Lake,5,AUGUST,1971-08-18,25,Cl,1.4,mg/L,,FALSE,FALSE,1.4
"CA-BC Okanagan Basin Agreement 1974, Tech. Supplement V",C-3,Skaha Lake,5,AUGUST,1971-08-18,25,F,0.2,mg/L,,FALSE,FALSE,0.20
"CA-BC Okanagan Basin Agreement 1974, Tech. Supplement V",C-3,Skaha Lake,5,AUGUST,1971-08-18,38,HCO3,135.0,mg/L,,FALSE,FALSE,135
"CA-BC Okanagan Basin Agreement 1974, Tech. Supplement V",C-3,Skaha Lake,5,AUGUST,1971-08-18,38,SO4,27.6,mg/L,,FALSE,FALSE,27.6
"CA-BC Okanagan Basin Agreement 1974, Tech. Supplement V",C-3,Skaha Lake,5,AUGUST,1971-08-18,38,Cl,1.4,mg/L,,FALSE,FALSE,1.4
"CA-BC Okanagan Basin Agreement 1974, Tech. Supplement V",C-3,Skaha Lake,5,AUGUST,1971-08-18,38,F,0.2,mg/L,,FALSE,FALSE,0.20
"CA-BC Okanagan Basin Agreement 1974, Tech. Supplement V",C-3,Skaha Lake,5,OCTOBER,1971-10-18,1,HCO3,116.0,mg/L,,FALSE,FALSE,116
"CA-BC Okanagan Basin Agreement 1974, Tech. Supplement V",C-3,Skaha Lake,5,OCTOBER,1971-10-18,1,SO4,28.0,mg/L,,FALSE,FALSE,28.0
"CA-BC Okanagan Basin Agreement 1974, Tech. Supplement V",C-3,Skaha Lake,5,OCTOBER,1971-10-18,1,Cl,1.4,mg/L,,FALSE,FALSE,1.4
"CA-BC Okanagan Basin Agreement 1974, Tech. Supplement V",C-3,Skaha Lake,5,OCTOBER,1971-10-18,1,F,0.18,mg/L,,FALSE,FALSE,0.18
"CA-BC Okanagan Basin Agreement 1974, Tech. Supplement V",C-3,Skaha Lake,5,OCTOBER,1971-10-18,15,HCO3,117.0,mg/L,,FALSE,FALSE,117
"CA-BC Okanagan Basin Agreement 1974, Tech. Supplement V",C-3,Skaha Lake,5,OCTOBER,1971-10-18,15,SO4,27.5,mg/L,,FALSE,FALSE,27.5
"CA-BC Okanagan Basin Agreement 1974, Tech. Supplement V",C-3,Skaha Lake,5,OCTOBER,1971-10-18,15,Cl,1.4,mg/L,,FALSE,FALSE,1.4
"CA-BC Okanagan Basin Agreement 1974, Tech. Supplement V",C-3,Skaha Lake,5,OCTOBER,1971-10-18,15,F,0.2,mg/L,,FALSE,FALSE,0.20
"CA-BC Okanagan Basin Agreement 1974, Tech. Supplement V",C-3,Skaha Lake,5,OCTOBER,1971-10-18,18,HCO3,134.0,mg/L,,FALSE,FALSE,134
"CA-BC Okanagan Basin Agreement 1974, Tech. Supplement V",C-3,Skaha Lake,5,OCTOBER,1971-10-18,18,SO4,27.8,mg/L,,FALSE,FALSE,27.8
"CA-BC Okanagan Basin Agreement 1974, Tech. Supplement V",C-3,Skaha Lake,5,OCTOBER,1971-10-18,18,Cl,1.5,mg/L,,FALSE,FALSE,1.5
"CA-BC Okanagan Basin Agreement 1974, Tech. Supplement V",C-3,Skaha Lake,5,OCTOBER,1971-10-18,18,F,0.2,mg/L,,FALSE,FALSE,0.20
"CA-BC Okanagan Basin Agreement 1974, Tech. Supplement V",C-3,Skaha Lake,5,OCTOBER,1971-10-18,30,HCO3,137.0,mg/L,,FALSE,FALSE,137
"CA-BC Okanagan Basin Agreement 1974, Tech. Supplement V",C-3,Skaha Lake,5,OCTOBER,1971-10-18,30,SO4,27.5,mg/L,,FALSE,FALSE,27.5
"CA-BC Okanagan Basin Agreement 1974, Tech. Supplement V",C-3,Skaha Lake,5,OCTOBER,1971-10-18,30,Cl,1.4,mg/L,,FALSE,FALSE,1.4
"CA-BC Okanagan Basin Agreement 1974, Tech. Supplement V",C-3,Skaha Lake,5,OCTOBER,1971-10-18,30,F,0.19,mg/L,,FALSE,FALSE,0.19
"CA-BC Okanagan Basin Agreement 1974, Tech. Supplement V",C-3,Skaha Lake,5,OCTOBER,1971-10-18,39,HCO3,138.0,mg/L,,FALSE,FALSE,138
"CA-BC Okanagan Basin Agreement 1974, Tech. Supplement V",C-3,Skaha Lake,5,OCTOBER,1971-10-18,39,SO4,26.9,mg/L,,FALSE,FALSE,26.9
"CA-BC Okanagan Basin Agreement 1974, Tech. Supplement V",C-3,Skaha Lake,5,OCTOBER,1971-10-18,39,Cl,1.5,mg/L,,FALSE,FALSE,1.5
"CA-BC Okanagan Basin Agreement 1974, Tech. Supplement V",C-3,Skaha Lake,5,OCTOBER,1971-10-18,39,F,0.19,mg/L,,FALSE,FALSE,0.19
"CA-BC Okanagan Basin Agreement 1974, Tech. Supplement V",C-3,Osoyoos Lake,1,APRIL,1971-04-17,1,HCO3,149.0,mg/L,,FALSE,FALSE,149
"CA-BC Okanagan Basin Agreement 1974, Tech. Supplement V",C-3,Osoyoos Lake,1,APRIL,1971-04-17,1,SO4,31.5,mg/L,,FALSE,FALSE,31.5
"CA-BC Okanagan Basin Agreement 1974, Tech. Supplement V",C-3,Osoyoos Lake,1,APRIL,1971-04-17,1,Cl,1.9,mg/L,,FALSE,FALSE,1.9
"CA-BC Okanagan Basin Agreement 1974, Tech. Supplement V",C-3,Osoyoos Lake,1,APRIL,1971-04-17,1,F,0.21,mg/L,,FALSE,FALSE,0.21
"CA-BC Okanagan Basin Agreement 1974, Tech. Supplement V",C-3,Osoyoos Lake,1,APRIL,1971-04-17,5,HCO3,149.0,mg/L,,FALSE,FALSE,149
"CA-BC Okanagan Basin Agreement 1974, Tech. Supplement V",C-3,Osoyoos Lake,1,APRIL,1971-04-17,5,SO4,31.8,mg/L,,FALSE,FALSE,31.8
"CA-BC Okanagan Basin Agreement 1974, Tech. Supplement V",C-3,Osoyoos Lake,1,APRIL,1971-04-17,5,Cl,1.4,mg/L,,FALSE,FALSE,1.4
"CA-BC Okanagan Basin Agreement 1974, Tech. Supplement V",C-3,Osoyoos Lake,1,APRIL,1971-04-17,5,F,0.21,mg/L,,FALSE,FALSE,0.21
"CA-BC Okanagan Basin Agreement 1974, Tech. Supplement V",C-3,Osoyoos Lake,1,APRIL,1971-04-17,10,HCO3,150.0,mg/L,,FALSE,FALSE,150
"CA-BC Okanagan Basin Agreement 1974, Tech. Supplement V",C-3,Osoyoos Lake,1,APRIL,1971-04-17,10,SO4,31.2,mg/L,,FALSE,FALSE,31.2
"CA-BC Okanagan Basin Agreement 1974, Tech. Supplement V",C-3,Osoyoos Lake,1,APRIL,1971-04-17,10,Cl,1.4,mg/L,,FALSE,FALSE,1.4
"CA-BC Okanagan Basin Agreement 1974, Tech. Supplement V",C-3,Osoyoos Lake,1,APRIL,1971-04-17,10,F,0.21,mg/L,,FALSE,FALSE,0.21
"CA-BC Okanagan Basin Agreement 1974, Tech. Supplement V",C-3,Osoyoos Lake,1,APRIL,1971-04-17,25,HCO3,149.0,mg/L,,FALSE,FALSE,149
"CA-BC Okanagan Basin Agreement 1974, Tech. Supplement V",C-3,Osoyoos Lake,1,APRIL,1971-04-17,25,SO4,30.9,mg/L,,FALSE,FALSE,30.9
"CA-BC Okanagan Basin Agreement 1974, Tech. Supplement V",C-3,Osoyoos Lake,1,APRIL,1971-04-17,25,Cl,1.4,mg/L,,FALSE,FALSE,1.4
"CA-BC Okanagan Basin Agreement 1974, Tech. Supplement V",C-3,Osoyoos Lake,1,APRIL,1971-04-17,25,F,0.21,mg/L,,FALSE,FALSE,0.21
"CA-BC Okanagan Basin Agreement 1974, Tech. Supplement V",C-3,Osoyoos Lake,1,APRIL,1971-04-17,35,HCO3,150.0,mg/L,,FALSE,FALSE,150
"CA-BC Okanagan Basin Agreement 1974, Tech. Supplement V",C-3,Osoyoos Lake,1,APRIL,1971-04-17,35,SO4,31.2,mg/L,,FALSE,FALSE,31.2
"CA-BC Okanagan Basin Agreement 1974, Tech. Supplement V",C-3,Osoyoos Lake,1,APRIL,1971-04-17,35,Cl,1.6,mg/L,,FALSE,FALSE,1.6
"CA-BC Okanagan Basin Agreement 1974, Tech. Supplement V",C-3,Osoyoos Lake,1,APRIL,1971-04-17,35,F,0.21,mg/L,,FALSE,FALSE,0.21
"CA-BC Okanagan Basin Agreement 1974, Tech. Supplement V",C-3,Osoyoos Lake,1,JUNE,1971-06-22,1,HCO3,120.0,mg/L,,FALSE,FALSE,120
"CA-BC Okanagan Basin Agreement 1974, Tech. Supplement V",C-3,Osoyoos Lake,1,JUNE,1971-06-22,1,SO4,,mg/L,,FALSE,TRUE,ND
"CA-BC Okanagan Basin Agreement 1974, Tech. Supplement V",C-3,Osoyoos Lake,1,JUNE,1971-06-22,1,Cl,7.3,mg/L,,FALSE,FALSE,7.3
"CA-BC Okanagan Basin Agreement 1974, Tech. Supplement V",C-3,Osoyoos Lake,1,JUNE,1971-06-22,1,F,0.17,mg/L,,FALSE,FALSE,0.17
"CA-BC Okanagan Basin Agreement 1974, Tech. Supplement V",C-3,Osoyoos Lake,1,JUNE,1971-06-22,5,HCO3,120.0,mg/L,,FALSE,FALSE,120
"CA-BC Okanagan Basin Agreement 1974, Tech. Supplement V",C-3,Osoyoos Lake,1,JUNE,1971-06-22,5,SO4,24.2,mg/L,,FALSE,FALSE,24.2
"CA-BC Okanagan Basin Agreement 1974, Tech. Supplement V",C-3,Osoyoos Lake,1,JUNE,1971-06-22,5,Cl,1.4,mg/L,,FALSE,FALSE,1.4
"CA-BC Okanagan Basin Agreement 1974, Tech. Supplement V",C-3,Osoyoos Lake,1,JUNE,1971-06-22,5,F,0.17,mg/L,,FALSE,FALSE,0.17
"CA-BC Okanagan Basin Agreement 1974, Tech. Supplement V",C-3,Osoyoos Lake,1,JUNE,1971-06-22,10,HCO3,122.0,mg/L,,FALSE,FALSE,122
"CA-BC Okanagan Basin Agreement 1974, Tech. Supplement V",C-3,Osoyoos Lake,1,JUNE,1971-06-22,10,SO4,24.1,mg/L,,FALSE,FALSE,24.1
"CA-BC Okanagan Basin Agreement 1974, Tech. Supplement V",C-3,Osoyoos Lake,1,JUNE,1971-06-22,10,Cl,1.2,mg/L,,FALSE,FALSE,1.2
"CA-BC Okanagan Basin Agreement 1974, Tech. Supplement V",C-3,Osoyoos Lake,1,JUNE,1971-06-22,10,F,0.17,mg/L,,FALSE,FALSE,0.17
"CA-BC Okanagan Basin Agreement 1974, Tech. Supplement V",C-3,Osoyoos Lake,1,JUNE,1971-06-22,15,HCO3,124.0,mg/L,,FALSE,FALSE,124
"CA-BC Okanagan Basin Agreement 1974, Tech. Supplement V",C-3,Osoyoos Lake,1,JUNE,1971-06-22,15,SO4,25.5,mg/L,,FALSE,FALSE,25.5
"CA-BC Okanagan Basin Agreement 1974, Tech. Supplement V",C-3,Osoyoos Lake,1,JUNE,1971-06-22,15,Cl,1.3,mg/L,,FALSE,FALSE,1.3
"CA-BC Okanagan Basin Agreement 1974, Tech. Supplement V",C-3,Osoyoos Lake,1,JUNE,1971-06-22,15,F,0.17,mg/L,,FALSE,FALSE,0.17
"CA-BC Okanagan Basin Agreement 1974, Tech. Supplement V",C-3,Osoyoos Lake,1,JUNE,1971-06-22,20,HCO3,129.0,mg/L,,FALSE,FALSE,129
"CA-BC Okanagan Basin Agreement 1974, Tech. Supplement V",C-3,Osoyoos Lake,1,JUNE,1971-06-22,20,SO4,26.4,mg/L,,FALSE,FALSE,26.4
"CA-BC Okanagan Basin Agreement 1974, Tech. Supplement V",C-3,Osoyoos Lake,1,JUNE,1971-06-22,20,Cl,1.2,mg/L,,FALSE,FALSE,1.2
"CA-BC Okanagan Basin Agreement 1974, Tech. Supplement V",C-3,Osoyoos Lake,1,JUNE,1971-06-22,20,F,0.19,mg/L,,FALSE,FALSE,0.19
"CA-BC Okanagan Basin Agreement 1974, Tech. Supplement V",C-3,Osoyoos Lake,1,JUNE,1971-06-22,25,HCO3,146.0,mg/L,,FALSE,FALSE,146
"CA-BC Okanagan Basin Agreement 1974, Tech. Supplement V",C-3,Osoyoos Lake,1,JUNE,1971-06-22,25,SO4,28.7,mg/L,,FALSE,FALSE,28.7
"CA-BC Okanagan Basin Agreement 1974, Tech. Supplement V",C-3,Osoyoos Lake,1,JUNE,1971-06-22,25,Cl,1.3,mg/L,,FALSE,FALSE,1.3
"CA-BC Okanagan Basin Agreement 1974, Tech. Supplement V",C-3,Osoyoos Lake,1,JUNE,1971-06-22,25,F,0.21,mg/L,,FALSE,FALSE,0.21
"CA-BC Okanagan Basin Agreement 1974, Tech. Supplement V",C-3,Osoyoos Lake,1,JUNE,1971-06-22,30,HCO3,149.0,mg/L,,FALSE,FALSE,149
"CA-BC Okanagan Basin Agreement 1974, Tech. Supplement V",C-3,Osoyoos Lake,1,JUNE,1971-06-22,30,SO4,29.4,mg/L,,FALSE,FALSE,29.4
"CA-BC Okanagan Basin Agreement 1974, Tech. Supplement V",C-3,Osoyoos Lake,1,JUNE,1971-06-22,30,Cl,1.4,mg/L,,FALSE,FALSE,1.4
"CA-BC Okanagan Basin Agreement 1974, Tech. Supplement V",C-3,Osoyoos Lake,1,JUNE,1971-06-22,30,F,0.2,mg/L,,FALSE,FALSE,0.20
"CA-BC Okanagan Basin Agreement 1974, Tech. Supplement V",C-3,Osoyoos Lake,1,JUNE,1971-06-22,36,HCO3,151.0,mg/L,,FALSE,FALSE,151
"CA-BC Okanagan Basin Agreement 1974, Tech. Supplement V",C-3,Osoyoos Lake,1,JUNE,1971-06-22,36,SO4,23.6,mg/L,,FALSE,FALSE,23.6
"CA-BC Okanagan Basin Agreement 1974, Tech. Supplement V",C-3,Osoyoos Lake,1,JUNE,1971-06-22,36,Cl,1.2,mg/L,,FALSE,FALSE,1.2
"CA-BC Okanagan Basin Agreement 1974, Tech. Supplement V",C-3,Osoyoos Lake,1,JUNE,1971-06-22,36,F,0.17,mg/L,,FALSE,FALSE,0.17
"CA-BC Okanagan Basin Agreement 1974, Tech. Supplement V",C-3,Osoyoos Lake,1,AUGUST,1971-08-20,1,HCO3,121.0,mg/L,,FALSE,FALSE,121
"CA-BC Okanagan Basin Agreement 1974, Tech. Supplement V",C-3,Osoyoos Lake,1,AUGUST,1971-08-20,1,SO4,28.4,mg/L,,FALSE,FALSE,28.4
"CA-BC Okanagan Basin Agreement 1974, Tech. Supplement V",C-3,Osoyoos Lake,1,AUGUST,1971-08-20,1,Cl,1.5,mg/L,,FALSE,FALSE,1.5
"CA-BC Okanagan Basin Agreement 1974, Tech. Supplement V",C-3,Osoyoos Lake,1,AUGUST,1971-08-20,1,F,0.2,mg/L,,FALSE,FALSE,0.20
"CA-BC Okanagan Basin Agreement 1974, Tech. Supplement V",C-3,Osoyoos Lake,1,AUGUST,1971-08-20,5,HCO3,121.0,mg/L,,FALSE,FALSE,121
"CA-BC Okanagan Basin Agreement 1974, Tech. Supplement V",C-3,Osoyoos Lake,1,AUGUST,1971-08-20,5,SO4,26.7,mg/L,,FALSE,FALSE,26.7
"CA-BC Okanagan Basin Agreement 1974, Tech. Supplement V",C-3,Osoyoos Lake,1,AUGUST,1971-08-20,5,Cl,1.5,mg/L,,FALSE,FALSE,1.5
"CA-BC Okanagan Basin Agreement 1974, Tech. Supplement V",C-3,Osoyoos Lake,1,AUGUST,1971-08-20,5,F,0.2,mg/L,,FALSE,FALSE,0.20
"CA-BC Okanagan Basin Agreement 1974, Tech. Supplement V",C-3,Osoyoos Lake,1,AUGUST,1971-08-20,10,HCO3,143.0,mg/L,,FALSE,FALSE,143
"CA-BC Okanagan Basin Agreement 1974, Tech. Supplement V",C-3,Osoyoos Lake,1,AUGUST,1971-08-20,10,SO4,29.4,mg/L,,FALSE,FALSE,29.4
"CA-BC Okanagan Basin Agreement 1974, Tech. Supplement V",C-3,Osoyoos Lake,1,AUGUST,1971-08-20,10,Cl,1.6,mg/L,,FALSE,FALSE,1.6
"CA-BC Okanagan Basin Agreement 1974, Tech. Supplement V",C-3,Osoyoos Lake,1,AUGUST,1971-08-20,10,F,0.21,mg/L,,FALSE,FALSE,0.21
"CA-BC Okanagan Basin Agreement 1974, Tech. Supplement V",C-3,Osoyoos Lake,1,AUGUST,1971-08-20,18,HCO3,128.0,mg/L,,FALSE,FALSE,128
"CA-BC Okanagan Basin Agreement 1974, Tech. Supplement V",C-3,Osoyoos Lake,1,AUGUST,1971-08-20,18,SO4,29.7,mg/L,,FALSE,FALSE,29.7
"CA-BC Okanagan Basin Agreement 1974, Tech. Supplement V",C-3,Osoyoos Lake,1,AUGUST,1971-08-20,18,Cl,1.5,mg/L,,FALSE,FALSE,1.5
"CA-BC Okanagan Basin Agreement 1974, Tech. Supplement V",C-3,Osoyoos Lake,1,AUGUST,1971-08-20,18,F,0.2,mg/L,,FALSE,FALSE,0.20
"CA-BC Okanagan Basin Agreement 1974, Tech. Supplement V",C-3,Osoyoos Lake,1,AUGUST,1971-08-20,30,HCO3,146.0,mg/L,,FALSE,FALSE,146
"CA-BC Okanagan Basin Agreement 1974, Tech. Supplement V",C-3,Osoyoos Lake,1,AUGUST,1971-08-20,30,SO4,29.6,mg/L,,FALSE,FALSE,29.6
"CA-BC Okanagan Basin Agreement 1974, Tech. Supplement V",C-3,Osoyoos Lake,1,AUGUST,1971-08-20,30,Cl,1.6,mg/L,,FALSE,FALSE,1.6
"CA-BC Okanagan Basin Agreement 1974, Tech. Supplement V",C-3,Osoyoos Lake,1,AUGUST,1971-08-20,30,F,0.21,mg/L,,FALSE,FALSE,0.21
"CA-BC Okanagan Basin Agreement 1974, Tech. Supplement V",C-3,Osoyoos Lake,1,AUGUST,1971-08-20,35,HCO3,146.0,mg/L,,FALSE,FALSE,146
"CA-BC Okanagan Basin Agreement 1974, Tech. Supplement V",C-3,Osoyoos Lake,1,AUGUST,1971-08-20,35,SO4,27.6,mg/L,,FALSE,FALSE,27.6
"CA-BC Okanagan Basin Agreement 1974, Tech. Supplement V",C-3,Osoyoos Lake,1,AUGUST,1971-08-20,35,Cl,1.6,mg/L,,FALSE,FALSE,1.6
"CA-BC Okanagan Basin Agreement 1974, Tech. Supplement V",C-3,Osoyoos Lake,1,AUGUST,1971-08-20,35,F,0.21,mg/L,,FALSE,FALSE,0.21
"CA-BC Okanagan Basin Agreement 1974, Tech. Supplement V",C-3,Osoyoos Lake,1,OCTOBER,1971-10-17,1,HCO3,137.0,mg/L,,FALSE,FALSE,137
"CA-BC Okanagan Basin Agreement 1974, Tech. Supplement V",C-3,Osoyoos Lake,1,OCTOBER,1971-10-17,1,SO4,28.7,mg/L,,FALSE,FALSE,28.7
"CA-BC Okanagan Basin Agreement 1974, Tech. Supplement V",C-3,Osoyoos Lake,1,OCTOBER,1971-10-17,1,Cl,1.5,mg/L,,FALSE,FALSE,1.5
"CA-BC Okanagan Basin Agreement 1974, Tech. Supplement V",C-3,Osoyoos Lake,1,OCTOBER,1971-10-17,1,F,0.21,mg/L,,FALSE,FALSE,0.21
"CA-BC Okanagan Basin Agreement 1974, Tech. Supplement V",C-3,Osoyoos Lake,1,OCTOBER,1971-10-17,15,HCO3,138.0,mg/L,,FALSE,FALSE,138
"CA-BC Okanagan Basin Agreement 1974, Tech. Supplement V",C-3,Osoyoos Lake,1,OCTOBER,1971-10-17,15,SO4,29.1,mg/L,,FALSE,FALSE,29.1
"CA-BC Okanagan Basin Agreement 1974, Tech. Supplement V",C-3,Osoyoos Lake,1,OCTOBER,1971-10-17,15,Cl,1.5,mg/L,,FALSE,FALSE,1.5
"CA-BC Okanagan Basin Agreement 1974, Tech. Supplement V",C-3,Osoyoos Lake,1,OCTOBER,1971-10-17,15,F,0.21,mg/L,,FALSE,FALSE,0.21
"CA-BC Okanagan Basin Agreement 1974, Tech. Supplement V",C-3,Osoyoos Lake,1,OCTOBER,1971-10-17,17,HCO3,138.0,mg/L,,FALSE,FALSE,138
"CA-BC Okanagan Basin Agreement 1974, Tech. Supplement V",C-3,Osoyoos Lake,1,OCTOBER,1971-10-17,17,SO4,29.1,mg/L,,FALSE,FALSE,29.1
"CA-BC Okanagan Basin Agreement 1974, Tech. Supplement V",C-3,Osoyoos Lake,1,OCTOBER,1971-10-17,17,Cl,1.5,mg/L,,FALSE,FALSE,1.5
"CA-BC Okanagan Basin Agreement 1974, Tech. Supplement V",C-3,Osoyoos Lake,1,OCTOBER,1971-10-17,17,F,0.21,mg/L,,FALSE,FALSE,0.21
"CA-BC Okanagan Basin Agreement 1974, Tech. Supplement V",C-3,Osoyoos Lake,1,OCTOBER,1971-10-17,20,HCO3,146.0,mg/L,,FALSE,FALSE,146
"CA-BC Okanagan Basin Agreement 1974, Tech. Supplement V",C-3,Osoyoos Lake,1,OCTOBER,1971-10-17,20,SO4,27.5,mg/L,,FALSE,FALSE,27.5
"CA-BC Okanagan Basin Agreement 1974, Tech. Supplement V",C-3,Osoyoos Lake,1,OCTOBER,1971-10-17,20,Cl,1.6,mg/L,,FALSE,FALSE,1.6
"CA-BC Okanagan Basin Agreement 1974, Tech. Supplement V",C-3,Osoyoos Lake,1,OCTOBER,1971-10-17,20,F,0.21,mg/L,,FALSE,FALSE,0.21
"CA-BC Okanagan Basin Agreement 1974, Tech. Supplement V",C-3,Osoyoos Lake,1,OCTOBER,1971-10-17,35,HCO3,145.0,mg/L,,FALSE,FALSE,145
"CA-BC Okanagan Basin Agreement 1974, Tech. Supplement V",C-3,Osoyoos Lake,1,OCTOBER,1971-10-17,35,SO4,27.6,mg/L,,FALSE,FALSE,27.6
"CA-BC Okanagan Basin Agreement 1974, Tech. Supplement V",C-3,Osoyoos Lake,1,OCTOBER,1971-10-17,35,Cl,1.5,mg/L,,FALSE,FALSE,1.5
"CA-BC Okanagan Basin Agreement 1974, Tech. Supplement V",C-3,Osoyoos Lake,1,OCTOBER,1971-10-17,35,F,0.21,mg/L,,FALSE,FALSE,0.21
"CA-BC Okanagan Basin Agreement 1974, Tech. Supplement V",C-3,Osoyoos Lake,3,APRIL,1971-04-17,1,HCO3,148.0,mg/L,,FALSE,FALSE,148
"CA-BC Okanagan Basin Agreement 1974, Tech. Supplement V",C-3,Osoyoos Lake,3,APRIL,1971-04-17,1,SO4,40.0,mg/L,,FALSE,FALSE,40.0
"CA-BC Okanagan Basin Agreement 1974, Tech. Supplement V",C-3,Osoyoos Lake,3,APRIL,1971-04-17,1,Cl,1.1,mg/L,,FALSE,FALSE,1.1
"CA-BC Okanagan Basin Agreement 1974, Tech. Supplement V",C-3,Osoyoos Lake,3,APRIL,1971-04-17,1,F,0.21,mg/L,,FALSE,FALSE,0.21
"CA-BC Okanagan Basin Agreement 1974, Tech. Supplement V",C-3,Osoyoos Lake,3,APRIL,1971-04-17,5,HCO3,145.0,mg/L,,FALSE,FALSE,145
"CA-BC Okanagan Basin Agreement 1974, Tech. Supplement V",C-3,Osoyoos Lake,3,APRIL,1971-04-17,5,SO4,31.5,mg/L,,FALSE,FALSE,31.5
"CA-BC Okanagan Basin Agreement 1974, Tech. Supplement V",C-3,Osoyoos Lake,3,APRIL,1971-04-17,5,Cl,1.5,mg/L,,FALSE,FALSE,1.5
"CA-BC Okanagan Basin Agreement 1974, Tech. Supplement V",C-3,Osoyoos Lake,3,APRIL,1971-04-17,5,F,0.21,mg/L,,FALSE,FALSE,0.21
"CA-BC Okanagan Basin Agreement 1974, Tech. Supplement V",C-3,Osoyoos Lake,3,APRIL,1971-04-17,10,HCO3,150.0,mg/L,,FALSE,FALSE,150
"CA-BC Okanagan Basin Agreement 1974, Tech. Supplement V",C-3,Osoyoos Lake,3,APRIL,1971-04-17,10,SO4,31.2,mg/L,,FALSE,FALSE,31.2
"CA-BC Okanagan Basin Agreement 1974, Tech. Supplement V",C-3,Osoyoos Lake,3,APRIL,1971-04-17,10,Cl,1.5,mg/L,,FALSE,FALSE,1.5
"CA-BC Okanagan Basin Agreement 1974, Tech. Supplement V",C-3,Osoyoos Lake,3,APRIL,1971-04-17,10,F,0.21,mg/L,,FALSE,FALSE,0.21
"CA-BC Okanagan Basin Agreement 1974, Tech. Supplement V",C-3,Osoyoos Lake,3,APRIL,1971-04-17,25,HCO3,151.0,mg/L,,FALSE,FALSE,151
"CA-BC Okanagan Basin Agreement 1974, Tech. Supplement V",C-3,Osoyoos Lake,3,APRIL,1971-04-17,25,SO4,29.7,mg/L,,FALSE,FALSE,29.7
"CA-BC Okanagan Basin Agreement 1974, Tech. Supplement V",C-3,Osoyoos Lake,3,APRIL,1971-04-17,25,Cl,1.5,mg/L,,FALSE,FALSE,1.5
"CA-BC Okanagan Basin Agreement 1974, Tech. Supplement V",C-3,Osoyoos Lake,3,APRIL,1971-04-17,25,F,0.21,mg/L,,FALSE,FALSE,0.21
"CA-BC Okanagan Basin Agreement 1974, Tech. Supplement V",C-3,Osoyoos Lake,3,APRIL,1971-04-17,40,HCO3,153.0,mg/L,,FALSE,FALSE,153
"CA-BC Okanagan Basin Agreement 1974, Tech. Supplement V",C-3,Osoyoos Lake,3,APRIL,1971-04-17,40,SO4,30.4,mg/L,,FALSE,FALSE,30.4
"CA-BC Okanagan Basin Agreement 1974, Tech. Supplement V",C-3,Osoyoos Lake,3,APRIL,1971-04-17,40,Cl,1.6,mg/L,,FALSE,FALSE,1.6
"CA-BC Okanagan Basin Agreement 1974, Tech. Supplement V",C-3,Osoyoos Lake,3,APRIL,1971-04-17,40,F,0.21,mg/L,,FALSE,FALSE,0.21
"CA-BC Okanagan Basin Agreement 1974, Tech. Supplement V",C-3,Osoyoos Lake,3,JUNE,1971-06-22,1,HCO3,121.0,mg/L,,FALSE,FALSE,121
"CA-BC Okanagan Basin Agreement 1974, Tech. Supplement V",C-3,Osoyoos Lake,3,JUNE,1971-06-22,1,SO4,24.5,mg/L,,FALSE,FALSE,24.5
"CA-BC Okanagan Basin Agreement 1974, Tech. Supplement V",C-3,Osoyoos Lake,3,JUNE,1971-06-22,1,Cl,3.6,mg/L,,FALSE,FALSE,3.6
"CA-BC Okanagan Basin Agreement 1974, Tech. Supplement V",C-3,Osoyoos Lake,3,JUNE,1971-06-22,1,F,0.18,mg/L,,FALSE,FALSE,0.18
"CA-BC Okanagan Basin Agreement 1974, Tech. Supplement V",C-3,Osoyoos Lake,3,JUNE,1971-06-22,8,HCO3,121.0,mg/L,,FALSE,FALSE,121
"CA-BC Okanagan Basin Agreement 1974, Tech. Supplement V",C-3,Osoyoos Lake,3,JUNE,1971-06-22,8,SO4,23.6,mg/L,,FALSE,FALSE,23.6
"CA-BC Okanagan Basin Agreement 1974, Tech. Supplement V",C-3,Osoyoos Lake,3,JUNE,1971-06-22,8,Cl,1.4,mg/L,,FALSE,FALSE,1.4
"CA-BC Okanagan Basin Agreement 1974, Tech. Supplement V",C-3,Osoyoos Lake,3,JUNE,1971-06-22,8,F,,mg/L,,FALSE,FALSE,0 18
"CA-BC Okanagan Basin Agreement 1974, Tech. Supplement V",C-3,Osoyoos Lake,3,JUNE,1971-06-22,12,HCO3,122.0,mg/L,,FALSE,FALSE,122
"CA-BC Okanagan Basin Agreement 1974, Tech. Supplement V",C-3,Osoyoos Lake,3,JUNE,1971-06-22,12,SO4,24.4,mg/L,,FALSE,FALSE,24.4
"CA-BC Okanagan Basin Agreement 1974, Tech. Supplement V",C-3,Osoyoos Lake,3,JUNE,1971-06-22,12,Cl,1.3,mg/L,,FALSE,FALSE,1.3
"CA-BC Okanagan Basin Agreement 1974, Tech. Supplement V",C-3,Osoyoos Lake,3,JUNE,1971-06-22,12,F,0.18,mg/L,,FALSE,FALSE,0.18
"CA-BC Okanagan Basin Agreement 1974, Tech. Supplement V",C-3,Osoyoos Lake,3,JUNE,1971-06-22,20,HCO3,149.0,mg/L,,FALSE,FALSE,149
"CA-BC Okanagan Basin Agreement 1974, Tech. Supplement V",C-3,Osoyoos Lake,3,JUNE,1971-06-22,20,SO4,30.5,mg/L,,FALSE,FALSE,30.5
"CA-BC Okanagan Basin Agreement 1974, Tech. Supplement V",C-3,Osoyoos Lake,3,JUNE,1971-06-22,20,Cl,1.5,mg/L,,FALSE,FALSE,1.5
"CA-BC Okanagan Basin Agreement 1974, Tech. Supplement V",C-3,Osoyoos Lake,3,JUNE,1971-06-22,20,F,0.21,mg/L,,FALSE,FALSE,0.21
"CA-BC Okanagan Basin Agreement 1974, Tech. Supplement V",C-3,Osoyoos Lake,3,JUNE,1971-06-22,30,HCO3,151.0,mg/L,,FALSE,FALSE,151
"CA-BC Okanagan Basin Agreement 1974, Tech. Supplement V",C-3,Osoyoos Lake,3,JUNE,1971-06-22,30,SO4,29.7,mg/L,,FALSE,FALSE,29.7
"CA-BC Okanagan Basin Agreement 1974, Tech. Supplement V",C-3,Osoyoos Lake,3,JUNE,1971-06-22,30,Cl,1.5,mg/L,,FALSE,FALSE,1.5
"CA-BC Okanagan Basin Agreement 1974, Tech. Supplement V",C-3,Osoyoos Lake,3,JUNE,1971-06-22,30,F,0.21,mg/L,,FALSE,FALSE,0.21
"CA-BC Okanagan Basin Agreement 1974, Tech. Supplement V",C-3,Osoyoos Lake,3,JUNE,1971-06-22,40,HCO3,151.0,mg/L,,FALSE,FALSE,151
"CA-BC Okanagan Basin Agreement 1974, Tech. Supplement V",C-3,Osoyoos Lake,3,JUNE,1971-06-22,40,SO4,29.4,mg/L,,FALSE,FALSE,29.4
"CA-BC Okanagan Basin Agreement 1974, Tech. Supplement V",C-3,Osoyoos Lake,3,JUNE,1971-06-22,40,Cl,1.5,mg/L,,FALSE,FALSE,1.5
"CA-BC Okanagan Basin Agreement 1974, Tech. Supplement V",C-3,Osoyoos Lake,3,JUNE,1971-06-22,40,F,0.21,mg/L,,FALSE,FALSE,0.21
"CA-BC Okanagan Basin Agreement 1974, Tech. Supplement V",C-3,Osoyoos Lake,3,AUGUST,1971-08-20,1,HCO3,121.0,mg/L,,FALSE,FALSE,121
"CA-BC Okanagan Basin Agreement 1974, Tech. Supplement V",C-3,Osoyoos Lake,3,AUGUST,1971-08-20,1,SO4,27.6,mg/L,,FALSE,FALSE,27.6
"CA-BC Okanagan Basin Agreement 1974, Tech. Supplement V",C-3,Osoyoos Lake,3,AUGUST,1971-08-20,1,Cl,1.4,mg/L,,FALSE,FALSE,1.4
"CA-BC Okanagan Basin Agreement 1974, Tech. Supplement V",C-3,Osoyoos Lake,3,AUGUST,1971-08-20,1,F,0.2,mg/L,,FALSE,FALSE,0.20
"CA-BC Okanagan Basin Agreement 1974, Tech. Supplement V",C-3,Osoyoos Lake,3,AUGUST,1971-08-20,5,HCO3,123.0,mg/L,,FALSE,FALSE,123
"CA-BC Okanagan Basin Agreement 1974, Tech. Supplement V",C-3,Osoyoos Lake,3,AUGUST,1971-08-20,5,SO4,26.2,mg/L,,FALSE,FALSE,26.2
"CA-BC Okanagan Basin Agreement 1974, Tech. Supplement V",C-3,Osoyoos Lake,3,AUGUST,1971-08-20,5,Cl,1.4,mg/L,,FALSE,FALSE,1.4
"CA-BC Okanagan Basin Agreement 1974, Tech. Supplement V",C-3,Osoyoos Lake,3,AUGUST,1971-08-20,5,F,0.2,mg/L,,FALSE,FALSE,0.20
"CA-BC Okanagan Basin Agreement 1974, Tech. Supplement V",C-3,Osoyoos Lake,3,AUGUST,1971-08-20,15,HCO3,131.0,mg/L,,FALSE,FALSE,131
"CA-BC Okanagan Basin Agreement 1974, Tech. Supplement V",C-3,Osoyoos Lake,3,AUGUST,1971-08-20,15,SO4,26.1,mg/L,,FALSE,FALSE,26.1
"CA-BC Okanagan Basin Agreement 1974, Tech. Supplement V",C-3,Osoyoos Lake,3,AUGUST,1971-08-20,15,Cl,1.4,mg/L,,FALSE,FALSE,1.4
"CA-BC Okanagan Basin Agreement 1974, Tech. Supplement V",C-3,Osoyoos Lake,3,AUGUST,1971-08-20,15,F,0.2,mg/L,,FALSE,FALSE,0.20
"CA-BC Okanagan Basin Agreement 1974, Tech. Supplement V",C-3,Osoyoos Lake,3,AUGUST,1971-08-20,20,HCO3,144.0,mg/L,,FALSE,FALSE,144
"CA-BC Okanagan Basin Agreement 1974, Tech. Supplement V",C-3,Osoyoos Lake,3,AUGUST,1971-08-20,20,SO4,28.1,mg/L,,FALSE,FALSE,28.1
"CA-BC Okanagan Basin Agreement 1974, Tech. Supplement V",C-3,Osoyoos Lake,3,AUGUST,1971-08-20,20,Cl,1.6,mg/L,,FALSE,FALSE,1.6
"CA-BC Okanagan Basin Agreement 1974, Tech. Supplement V",C-3,Osoyoos Lake,3,AUGUST,1971-08-20,20,F,0.21,mg/L,,FALSE,FALSE,0.21
"CA-BC Okanagan Basin Agreement 1974, Tech. Supplement V",C-3,Osoyoos Lake,3,AUGUST,1971-08-20,30,HCO3,145.0,mg/L,,FALSE,FALSE,145
"CA-BC Okanagan Basin Agreement 1974, Tech. Supplement V",C-3,Osoyoos Lake,3,AUGUST,1971-08-20,30,SO4,28.4,mg/L,,FALSE,FALSE,28.4
"CA-BC Okanagan Basin Agreement 1974, Tech. Supplement V",C-3,Osoyoos Lake,3,AUGUST,1971-08-20,30,Cl,1.6,mg/L,,FALSE,FALSE,1.6
"CA-BC Okanagan Basin Agreement 1974, Tech. Supplement V",C-3,Osoyoos Lake,3,AUGUST,1971-08-20,30,F,0.21,mg/L,,FALSE,FALSE,0.21
"CA-BC Okanagan Basin Agreement 1974, Tech. Supplement V",C-3,Osoyoos Lake,3,AUGUST,1971-08-20,41,HCO3,143.0,mg/L,,FALSE,FALSE,143
"CA-BC Okanagan Basin Agreement 1974, Tech. Supplement V",C-3,Osoyoos Lake,3,AUGUST,1971-08-20,41,SO4,27.6,mg/L,,FALSE,FALSE,27.6
"CA-BC Okanagan Basin Agreement 1974, Tech. Supplement V",C-3,Osoyoos Lake,3,AUGUST,1971-08-20,41,Cl,1.5,mg/L,,FALSE,FALSE,1.5
"CA-BC Okanagan Basin Agreement 1974, Tech. Supplement V",C-3,Osoyoos Lake,3,AUGUST,1971-08-20,41,F,0.21,mg/L,,FALSE,FALSE,0.21
"CA-BC Okanagan Basin Agreement 1974, Tech. Supplement V",C-3,Osoyoos Lake,3,OCTOBER,1971-10-17,1,HCO3,137.0,mg/L,,FALSE,FALSE,137
"CA-BC Okanagan Basin Agreement 1974, Tech. Supplement V",C-3,Osoyoos Lake,3,OCTOBER,1971-10-17,1,SO4,28.4,mg/L,,FALSE,FALSE,28.4
"CA-BC Okanagan Basin Agreement 1974, Tech. Supplement V",C-3,Osoyoos Lake,3,OCTOBER,1971-10-17,1,Cl,1.5,mg/L,,FALSE,FALSE,1.5
"CA-BC Okanagan Basin Agreement 1974, Tech. Supplement V",C-3,Osoyoos Lake,3,OCTOBER,1971-10-17,1,F,0.21,mg/L,,FALSE,FALSE,0.21
"CA-BC Okanagan Basin Agreement 1974, Tech. Supplement V",C-3,Osoyoos Lake,3,OCTOBER,1971-10-17,15,HCO3,131.0,mg/L,,FALSE,FALSE,131
"CA-BC Okanagan Basin Agreement 1974, Tech. Supplement V",C-3,Osoyoos Lake,3,OCTOBER,1971-10-17,15,SO4,28.1,mg/L,,FALSE,FALSE,28.1
"CA-BC Okanagan Basin Agreement 1974, Tech. Supplement V",C-3,Osoyoos Lake,3,OCTOBER,1971-10-17,15,Cl,1.5,mg/L,,FALSE,FALSE,1.5
"CA-BC Okanagan Basin Agreement 1974, Tech. Supplement V",C-3,Osoyoos Lake,3,OCTOBER,1971-10-17,15,F,0.21,mg/L,,FALSE,FALSE,0.21
"CA-BC Okanagan Basin Agreement 1974, Tech. Supplement V",C-3,Osoyoos Lake,3,OCTOBER,1971-10-17,20,HCO3,137.0,mg/L,,FALSE,FALSE,137
"CA-BC Okanagan Basin Agreement 1974, Tech. Supplement V",C-3,Osoyoos Lake,3,OCTOBER,1971-10-17,20,SO4,28.3,mg/L,,FALSE,FALSE,28.3
"CA-BC Okanagan Basin Agreement 1974, Tech. Supplement V",C-3,Osoyoos Lake,3,OCTOBER,1971-10-17,20,Cl,1.5,mg/L,,FALSE,FALSE,1.5
"CA-BC Okanagan Basin Agreement 1974, Tech. Supplement V",C-3,Osoyoos Lake,3,OCTOBER,1971-10-17,20,F,0.21,mg/L,,FALSE,FALSE,0.21
"CA-BC Okanagan Basin Agreement 1974, Tech. Supplement V",C-3,Osoyoos Lake,3,OCTOBER,1971-10-17,25,HCO3,140.0,mg/L,,FALSE,FALSE,140
"CA-BC Okanagan Basin Agreement 1974, Tech. Supplement V",C-3,Osoyoos Lake,3,OCTOBER,1971-10-17,25,SO4,28.3,mg/L,,FALSE,FALSE,28.3
"CA-BC Okanagan Basin Agreement 1974, Tech. Supplement V",C-3,Osoyoos Lake,3,OCTOBER,1971-10-17,25,Cl,1.5,mg/L,,FALSE,FALSE,1.5
"CA-BC Okanagan Basin Agreement 1974, Tech. Supplement V",C-3,Osoyoos Lake,3,OCTOBER,1971-10-17,25,F,0.22,mg/L,,FALSE,FALSE,0.22
"CA-BC Okanagan Basin Agreement 1974, Tech. Supplement V",C-3,Osoyoos Lake,3,OCTOBER,1971-10-17,37,HCO3,141.0,mg/L,,FALSE,FALSE,141
"CA-BC Okanagan Basin Agreement 1974, Tech. Supplement V",C-3,Osoyoos Lake,3,OCTOBER,1971-10-17,37,SO4,27.9,mg/L,,FALSE,FALSE,27.9
"CA-BC Okanagan Basin Agreement 1974, Tech. Supplement V",C-3,Osoyoos Lake,3,OCTOBER,1971-10-17,37,Cl,1.5,mg/L,,FALSE,FALSE,1.5
"CA-BC Okanagan Basin Agreement 1974, Tech. Supplement V",C-3,Osoyoos Lake,3,OCTOBER,1971-10-17,37,F,0.23,mg/L,,FALSE,FALSE,0.23
"CA-BC Okanagan Basin Agreement 1974, Tech. Supplement V",C-3,Osoyoos Lake,5,APRIL,1971-04-17,1,HCO3,145.0,mg/L,,FALSE,FALSE,145
"CA-BC Okanagan Basin Agreement 1974, Tech. Supplement V",C-3,Osoyoos Lake,5,APRIL,1971-04-17,1,SO4,31.2,mg/L,,FALSE,FALSE,31.2
"CA-BC Okanagan Basin Agreement 1974, Tech. Supplement V",C-3,Osoyoos Lake,5,APRIL,1971-04-17,1,Cl,1.6,mg/L,,FALSE,FALSE,1.6
"CA-BC Okanagan Basin Agreement 1974, Tech. Supplement V",C-3,Osoyoos Lake,5,APRIL,1971-04-17,1,F,0.21,mg/L,,FALSE,FALSE,0.21
"CA-BC Okanagan Basin Agreement 1974, Tech. Supplement V",C-3,Osoyoos Lake,5,APRIL,1971-04-17,5,HCO3,145.0,mg/L,,FALSE,FALSE,145
"CA-BC Okanagan Basin Agreement 1974, Tech. Supplement V",C-3,Osoyoos Lake,5,APRIL,1971-04-17,5,SO4,31.8,mg/L,,FALSE,FALSE,31.8
"CA-BC Okanagan Basin Agreement 1974, Tech. Supplement V",C-3,Osoyoos Lake,5,APRIL,1971-04-17,5,Cl,1.9,mg/L,,FALSE,FALSE,1.9
"CA-BC Okanagan Basin Agreement 1974, Tech. Supplement V",C-3,Osoyoos Lake,5,APRIL,1971-04-17,5,F,0.21,mg/L,,FALSE,FALSE,0.21
"CA-BC Okanagan Basin Agreement 1974, Tech. Supplement V",C-3,Osoyoos Lake,5,APRIL,1971-04-17,12,HCO3,149.0,mg/L,,FALSE,FALSE,149
"CA-BC Okanagan Basin Agreement 1974, Tech. Supplement V",C-3,Osoyoos Lake,5,APRIL,1971-04-17,12,SO4,31.2,mg/L,,FALSE,FALSE,31.2
"CA-BC Okanagan Basin Agreement 1974, Tech. Supplement V",C-3,Osoyoos Lake,5,APRIL,1971-04-17,12,Cl,1.6,mg/L,,FALSE,FALSE,1.6
"CA-BC Okanagan Basin Agreement 1974, Tech. Supplement V",C-3,Osoyoos Lake,5,APRIL,1971-04-17,12,F,0.21,mg/L,,FALSE,FALSE,0.21
"CA-BC Okanagan Basin Agreement 1974, Tech. Supplement V",C-3,Osoyoos Lake,5,JUNE,1971-06-22,1,HCO3,122.0,mg/L,,FALSE,FALSE,122
"CA-BC Okanagan Basin Agreement 1974, Tech. Supplement V",C-3,Osoyoos Lake,5,JUNE,1971-06-22,1,SO4,24.4,mg/L,,FALSE,FALSE,24.4
"CA-BC Okanagan Basin Agreement 1974, Tech. Supplement V",C-3,Osoyoos Lake,5,JUNE,1971-06-22,1,Cl,1.2,mg/L,,FALSE,FALSE,1.2
"CA-BC Okanagan Basin Agreement 1974, Tech. Supplement V",C-3,Osoyoos Lake,5,JUNE,1971-06-22,1,F,0.18,mg/L,,FALSE,FALSE,0.18
"CA-BC Okanagan Basin Agreement 1974, Tech. Supplement V",C-3,Osoyoos Lake,5,JUNE,1971-06-22,5,HCO3,123.0,mg/L,,FALSE,FALSE,123
"CA-BC Okanagan Basin Agreement 1974, Tech. Supplement V",C-3,Osoyoos Lake,5,JUNE,1971-06-22,5,SO4,24.4,mg/L,,FALSE,FALSE,24.4
"CA-BC Okanagan Basin Agreement 1974, Tech. Supplement V",C-3,Osoyoos Lake,5,JUNE,1971-06-22,5,Cl,1.2,mg/L,,FALSE,FALSE,1.2
"CA-BC Okanagan Basin Agreement 1974, Tech. Supplement V",C-3,Osoyoos Lake,5,JUNE,1971-06-22,5,F,0.18,mg/L,,FALSE,FALSE,0.18
"CA-BC Okanagan Basin Agreement 1974, Tech. Supplement V",C-3,Osoyoos Lake,5,JUNE,1971-06-22,10,HCO3,123.0,mg/L,,FALSE,FALSE,123
"CA-BC Okanagan Basin Agreement 1974, Tech. Supplement V",C-3,Osoyoos Lake,5,JUNE,1971-06-22,10,SO4,25.9,mg/L,,FALSE,FALSE,25.9
"CA-BC Okanagan Basin Agreement 1974, Tech. Supplement V",C-3,Osoyoos Lake,5,JUNE,1971-06-22,10,Cl,1.2,mg/L,,FALSE,FALSE,1.2
"CA-BC Okanagan Basin Agreement 1974, Tech. Supplement V",C-3,Osoyoos Lake,5,JUNE,1971-06-22,10,F,0.18,mg/L,,FALSE,FALSE,0.18
"CA-BC Okanagan Basin Agreement 1974, Tech. Supplement V",C-3,Osoyoos Lake,5,JUNE,1971-06-22,13,HCO3,123.0,mg/L,,FALSE,FALSE,123
"CA-BC Okanagan Basin Agreement 1974, Tech. Supplement V",C-3,Osoyoos Lake,5,JUNE,1971-06-22,13,SO4,24.2,mg/L,,FALSE,FALSE,24.2
"CA-BC Okanagan Basin Agreement 1974, Tech. Supplement V",C-3,Osoyoos Lake,5,JUNE,1971-06-22,13,Cl,1.2,mg/L,,FALSE,FALSE,1.2
"CA-BC Okanagan Basin Agreement 1974, Tech. Supplement V",C-3,Osoyoos Lake,5,JUNE,1971-06-22,13,F,0.18,mg/L,,FALSE,FALSE,0.18
"CA-BC Okanagan Basin Agreement 1974, Tech. Supplement V",C-3,Osoyoos Lake,5,AUGUST,1971-08-20,1,HCO3,123.0,mg/L,,FALSE,FALSE,123
"CA-BC Okanagan Basin Agreement 1974, Tech. Supplement V",C-3,Osoyoos Lake,5,AUGUST,1971-08-20,1,SO4,27.9,mg/L,,FALSE,FALSE,27.9
"CA-BC Okanagan Basin Agreement 1974, Tech. Supplement V",C-3,Osoyoos Lake,5,AUGUST,1971-08-20,1,Cl,1.4,mg/L,,FALSE,FALSE,1.4
"CA-BC Okanagan Basin Agreement 1974, Tech. Supplement V",C-3,Osoyoos Lake,5,AUGUST,1971-08-20,1,F,0.2,mg/L,,FALSE,FALSE,0.20
"CA-BC Okanagan Basin Agreement 1974, Tech. Supplement V",C-3,Osoyoos Lake,5,AUGUST,1971-08-20,7,HCO3,123.0,mg/L,,FALSE,FALSE,123
"CA-BC Okanagan Basin Agreement 1974, Tech. Supplement V",C-3,Osoyoos Lake,5,AUGUST,1971-08-20,7,SO4,26.7,mg/L,,FALSE,FALSE,26.7
"CA-BC Okanagan Basin Agreement 1974, Tech. Supplement V",C-3,Osoyoos Lake,5,AUGUST,1971-08-20,7,Cl,1.4,mg/L,,FALSE,FALSE,1.4
"CA-BC Okanagan Basin Agreement 1974, Tech. Supplement V",C-3,Osoyoos Lake,5,AUGUST,1971-08-20,7,F,0.2,mg/L,,FALSE,FALSE,0.20
"CA-BC Okanagan Basin Agreement 1974, Tech. Supplement V",C-3,Osoyoos Lake,5,AUGUST,1971-08-20,11,HCO3,131.0,mg/L,,FALSE,FALSE,131
"CA-BC Okanagan Basin Agreement 1974, Tech. Supplement V",C-3,Osoyoos Lake,5,AUGUST,1971-08-20,11,SO4,23.4,mg/L,,FALSE,FALSE,23.4
"CA-BC Okanagan Basin Agreement 1974, Tech. Supplement V",C-3,Osoyoos Lake,5,AUGUST,1971-08-20,11,Cl,1.3,mg/L,,FALSE,FALSE,1.3
"CA-BC Okanagan Basin Agreement 1974, Tech. Supplement V",C-3,Osoyoos Lake,5,AUGUST,1971-08-20,11,F,0.2,mg/L,,FALSE,FALSE,0.20
"CA-BC Okanagan Basin Agreement 1974, Tech. Supplement V",C-3,Osoyoos Lake,5,OCTOBER,1971-10-17,1,HCO3,134.0,mg/L,,FALSE,FALSE,134
"CA-BC Okanagan Basin Agreement 1974, Tech. Supplement V",C-3,Osoyoos Lake,5,OCTOBER,1971-10-17,1,SO4,28.1,mg/L,,FALSE,FALSE,28.1
"CA-BC Okanagan Basin Agreement 1974, Tech. Supplement V",C-3,Osoyoos Lake,5,OCTOBER,1971-10-17,1,Cl,1.6,mg/L,,FALSE,FALSE,1.6
"CA-BC Okanagan Basin Agreement 1974, Tech. Supplement V",C-3,Osoyoos Lake,5,OCTOBER,1971-10-17,1,F,0.23,mg/L,,FALSE,FALSE,0.23
"CA-BC Okanagan Basin Agreement 1974, Tech. Supplement V",C-3,Osoyoos Lake,5,OCTOBER,1971-10-17,5,HCO3,134.0,mg/L,,FALSE,FALSE,134
"CA-BC Okanagan Basin Agreement 1974, Tech. Supplement V",C-3,Osoyoos Lake,5,OCTOBER,1971-10-17,5,SO4,28.7,mg/L,,FALSE,FALSE,28.7
"CA-BC Okanagan Basin Agreement 1974, Tech. Supplement V",C-3,Osoyoos Lake,5,OCTOBER,1971-10-17,5,Cl,1.5,mg/L,,FALSE,FALSE,1.5
"CA-BC Okanagan Basin Agreement 1974, Tech. Supplement V",C-3,Osoyoos Lake,5,OCTOBER,1971-10-17,5,F,0.24,mg/L,,FALSE,FALSE,0.24
"CA-BC Okanagan Basin Agreement 1974, Tech. Supplement V",C-3,Osoyoos Lake,5,OCTOBER,1971-10-17,11,HCO3,137.0,mg/L,,FALSE,FALSE,137
"CA-BC Okanagan Basin Agreement 1974, Tech. Supplement V",C-3,Osoyoos Lake,5,OCTOBER,1971-10-17,11,SO4,28.4,mg/L,,FALSE,FALSE,28.4
"CA-BC Okanagan Basin Agreement 1974, Tech. Supplement V",C-3,Osoyoos Lake,5,OCTOBER,1971-10-17,11,Cl,1.5,mg/L,,FALSE,FALSE,1.5
"CA-BC Okanagan Basin Agreement 1974, Tech. Supplement V",C-3,Osoyoos Lake,5,OCTOBER,1971-10-17,11,F,0.24,mg/L,,FALSE,FALSE,0.24
"CA-BC Okanagan Basin Agreement 1974, Tech. Supplement V",C-3,Osoyoos Lake,6,APRIL,1971-04-17,1,HCO3,149.0,mg/L,,FALSE,FALSE,149
"CA-BC Okanagan Basin Agreement 1974, Tech. Supplement V",C-3,Osoyoos Lake,6,APRIL,1971-04-17,1,SO4,33.1,mg/L,,FALSE,FALSE,33.1
"CA-BC Okanagan Basin Agreement 1974, Tech. Supplement V",C-3,Osoyoos Lake,6,APRIL,1971-04-17,1,Cl,1.7,mg/L,,FALSE,FALSE,1.7
"CA-BC Okanagan Basin Agreement 1974, Tech. Supplement V",C-3,Osoyoos Lake,6,APRIL,1971-04-17,1,F,0.21,mg/L,,FALSE,FALSE,0.21
"CA-BC Okanagan Basin Agreement 1974, Tech. Supplement V",C-3,Osoyoos Lake,6,APRIL,1971-04-17,5,HCO3,151.0,mg/L,,FALSE,FALSE,151
"CA-BC Okanagan Basin Agreement 1974, Tech. Supplement V",C-3,Osoyoos Lake,6,APRIL,1971-04-17,5,SO4,33.0,mg/L,,FALSE,FALSE,33.0
"CA-BC Okanagan Basin Agreement 1974, Tech. Supplement V",C-3,Osoyoos Lake,6,APRIL,1971-04-17,5,Cl,1.6,mg/L,,FALSE,FALSE,1.6
"CA-BC Okanagan Basin Agreement 1974, Tech. Supplement V",C-3,Osoyoos Lake,6,APRIL,1971-04-17,5,F,0.21,mg/L,,FALSE,FALSE,0.21
"CA-BC Okanagan Basin Agreement 1974, Tech. Supplement V",C-3,Osoyoos Lake,6,APRIL,1971-04-17,10,HCO3,149.0,mg/L,,FALSE,FALSE,149
"CA-BC Okanagan Basin Agreement 1974, Tech. Supplement V",C-3,Osoyoos Lake,6,APRIL,1971-04-17,10,SO4,32.5,mg/L,,FALSE,FALSE,32.5
"CA-BC Okanagan Basin Agreement 1974, Tech. Supplement V",C-3,Osoyoos Lake,6,APRIL,1971-04-17,10,Cl,1.6,mg/L,,FALSE,FALSE,1.6
"CA-BC Okanagan Basin Agreement 1974, Tech. Supplement V",C-3,Osoyoos Lake,6,APRIL,1971-04-17,10,F,0.21,mg/L,,FALSE,FALSE,0.21
"CA-BC Okanagan Basin Agreement 1974, Tech. Supplement V",C-3,Osoyoos Lake,6,APRIL,1971-04-17,20,HCO3,151.0,mg/L,,FALSE,FALSE,151
"CA-BC Okanagan Basin Agreement 1974, Tech. Supplement V",C-3,Osoyoos Lake,6,APRIL,1971-04-17,20,SO4,33.8,mg/L,,FALSE,FALSE,33.8
"CA-BC Okanagan Basin Agreement 1974, Tech. Supplement V",C-3,Osoyoos Lake,6,APRIL,1971-04-17,20,Cl,1.6,mg/L,,FALSE,FALSE,1.6
"CA-BC Okanagan Basin Agreement 1974, Tech. Supplement V",C-3,Osoyoos Lake,6,APRIL,1971-04-17,20,F,0.21,mg/L,,FALSE,FALSE,0.21
"CA-BC Okanagan Basin Agreement 1974, Tech. Supplement V",C-3,Osoyoos Lake,6,JUNE,1971-06-22,1,HCO3,138.0,mg/L,,FALSE,FALSE,138
"CA-BC Okanagan Basin Agreement 1974, Tech. Supplement V",C-3,Osoyoos Lake,6,JUNE,1971-06-22,1,SO4,28.3,mg/L,,FALSE,FALSE,28.3
"CA-BC Okanagan Basin Agreement 1974, Tech. Supplement V",C-3,Osoyoos Lake,6,JUNE,1971-06-22,1,Cl,3.9,mg/L,,FALSE,FALSE,3.9
"CA-BC Okanagan Basin Agreement 1974, Tech. Supplement V",C-3,Osoyoos Lake,6,JUNE,1971-06-22,1,F,0.19,mg/L,,FALSE,FALSE,0.19
"CA-BC Okanagan Basin Agreement 1974, Tech. Supplement V",C-3,Osoyoos Lake,6,JUNE,1971-06-22,5,HCO3,132.0,mg/L,,FALSE,FALSE,132
"CA-BC Okanagan Basin Agreement 1974, Tech. Supplement V",C-3,Osoyoos Lake,6,JUNE,1971-06-22,5,SO4,27.0,mg/L,,FALSE,FALSE,27.0
"CA-BC Okanagan Basin Agreement 1974, Tech. Supplement V",C-3,Osoyoos Lake,6,JUNE,1971-06-22,5,Cl,1.4,mg/L,,FALSE,FALSE,1.4
"CA-BC Okanagan Basin Agreement 1974, Tech. Supplement V",C-3,Osoyoos Lake,6,JUNE,1971-06-22,5,F,0.19,mg/L,,FALSE,FALSE,0.19
"CA-BC Okanagan Basin Agreement 1974, Tech. Supplement V",C-3,Osoyoos Lake,6,JUNE,1971-06-22,10,HCO3,132.0,mg/L,,FALSE,FALSE,132
"CA-BC Okanagan Basin Agreement 1974, Tech. Supplement V",C-3,Osoyoos Lake,6,JUNE,1971-06-22,10,SO4,26.4,mg/L,,FALSE,FALSE,26.4
"CA-BC Okanagan Basin Agreement 1974, Tech. Supplement V",C-3,Osoyoos Lake,6,JUNE,1971-06-22,10,Cl,1.4,mg/L,,FALSE,FALSE,1.4
"CA-BC Okanagan Basin Agreement 1974, Tech. Supplement V",C-3,Osoyoos Lake,6,JUNE,1971-06-22,10,F,0.18,mg/L,,FALSE,FALSE,0.18
"CA-BC Okanagan Basin Agreement 1974, Tech. Supplement V",C-3,Osoyoos Lake,6,JUNE,1971-06-22,23,HCO3,150.0,mg/L,,FALSE,FALSE,150
"CA-BC Okanagan Basin Agreement 1974, Tech. Supplement V",C-3,Osoyoos Lake,6,JUNE,1971-06-22,23,SO4,31.4,mg/L,,FALSE,FALSE,31.4
"CA-BC Okanagan Basin Agreement 1974, Tech. Supplement V",C-3,Osoyoos Lake,6,JUNE,1971-06-22,23,Cl,1.8,mg/L,,FALSE,FALSE,1.8
"CA-BC Okanagan Basin Agreement 1974, Tech. Supplement V",C-3,Osoyoos Lake,6,JUNE,1971-06-22,23,F,0.21,mg/L,,FALSE,FALSE,0.21
"CA-BC Okanagan Basin Agreement 1974, Tech. Supplement V",C-3,Osoyoos Lake,6,AUGUST,1971-08-20,1,HCO3,120.0,mg/L,,FALSE,FALSE,120
"CA-BC Okanagan Basin Agreement 1974, Tech. Supplement V",C-3,Osoyoos Lake,6,AUGUST,1971-08-20,1,SO4,27.6,mg/L,,FALSE,FALSE,27.6
"CA-BC Okanagan Basin Agreement 1974, Tech. Supplement V",C-3,Osoyoos Lake,6,AUGUST,1971-08-20,1,Cl,1.4,mg/L,,FALSE,FALSE,1.4
"CA-BC Okanagan Basin Agreement 1974, Tech. Supplement V",C-3,Osoyoos Lake,6,AUGUST,1971-08-20,1,F,0.2,mg/L,,FALSE,FALSE,0.20
"CA-BC Okanagan Basin Agreement 1974, Tech. Supplement V",C-3,Osoyoos Lake,6,AUGUST,1971-08-20,5,HCO3,119.0,mg/L,,FALSE,FALSE,119
"CA-BC Okanagan Basin Agreement 1974, Tech. Supplement V",C-3,Osoyoos Lake,6,AUGUST,1971-08-20,5,SO4,27.9,mg/L,,FALSE,FALSE,27.9
"CA-BC Okanagan Basin Agreement 1974, Tech. Supplement V",C-3,Osoyoos Lake,6,AUGUST,1971-08-20,5,Cl,1.4,mg/L,,FALSE,FALSE,1.4
"CA-BC Okanagan Basin Agreement 1974, Tech. Supplement V",C-3,Osoyoos Lake,6,AUGUST,1971-08-20,5,F,0.21,mg/L,,FALSE,FALSE,0.21
"CA-BC Okanagan Basin Agreement 1974, Tech. Supplement V",C-3,Osoyoos Lake,6,AUGUST,1971-08-20,10,HCO3,133.0,mg/L,,FALSE,FALSE,133
"CA-BC Okanagan Basin Agreement 1974, Tech. Supplement V",C-3,Osoyoos Lake,6,AUGUST,1971-08-20,10,SO4,28.1,mg/L,,FALSE,FALSE,28.1
"CA-BC Okanagan Basin Agreement 1974, Tech. Supplement V",C-3,Osoyoos Lake,6,AUGUST,1971-08-20,10,Cl,1.4,mg/L,,FALSE,FALSE,1.4
"CA-BC Okanagan Basin Agreement 1974, Tech. Supplement V",C-3,Osoyoos Lake,6,AUGUST,1971-08-20,10,F,0.21,mg/L,,FALSE,FALSE,0.21
"CA-BC Okanagan Basin Agreement 1974, Tech. Supplement V",C-3,Osoyoos Lake,6,AUGUST,1971-08-20,15,HCO3,133.0,mg/L,,FALSE,FALSE,133
"CA-BC Okanagan Basin Agreement 1974, Tech. Supplement V",C-3,Osoyoos Lake,6,AUGUST,1971-08-20,15,SO4,26.4,mg/L,,FALSE,FALSE,26.4
"CA-BC Okanagan Basin Agreement 1974, Tech. Supplement V",C-3,Osoyoos Lake,6,AUGUST,1971-08-20,15,Cl,1.4,mg/L,,FALSE,FALSE,1.4
"CA-BC Okanagan Basin Agreement 1974, Tech. Supplement V",C-3,Osoyoos Lake,6,AUGUST,1971-08-20,15,F,0.21,mg/L,,FALSE,FALSE,0.21
"CA-BC Okanagan Basin Agreement 1974, Tech. Supplement V",C-3,Osoyoos Lake,6,AUGUST,1971-08-20,21,HCO3,151.0,mg/L,,FALSE,FALSE,151
"CA-BC Okanagan Basin Agreement 1974, Tech. Supplement V",C-3,Osoyoos Lake,6,AUGUST,1971-08-20,21,SO4,23.3,mg/L,,FALSE,FALSE,23.3
"CA-BC Okanagan Basin Agreement 1974, Tech. Supplement V",C-3,Osoyoos Lake,6,AUGUST,1971-08-20,21,Cl,1.6,mg/L,,FALSE,FALSE,1.6
"CA-BC Okanagan Basin Agreement 1974, Tech. Supplement V",C-3,Osoyoos Lake,6,AUGUST,1971-08-20,21,F,0.21,mg/L,,FALSE,FALSE,0.21
"CA-BC Okanagan Basin Agreement 1974, Tech. Supplement V",C-3,Osoyoos Lake,6,OCTOBER,1971-10-17,1,HCO3,138.0,mg/L,,FALSE,FALSE,138
"CA-BC Okanagan Basin Agreement 1974, Tech. Supplement V",C-3,Osoyoos Lake,6,OCTOBER,1971-10-17,1,SO4,28.4,mg/L,,FALSE,FALSE,28.4
"CA-BC Okanagan Basin Agreement 1974, Tech. Supplement V",C-3,Osoyoos Lake,6,OCTOBER,1971-10-17,1,Cl,1.6,mg/L,,FALSE,FALSE,1.6
"CA-BC Okanagan Basin Agreement 1974, Tech. Supplement V",C-3,Osoyoos Lake,6,OCTOBER,1971-10-17,1,F,0.25,mg/L,,FALSE,FALSE,0.25
"CA-BC Okanagan Basin Agreement 1974, Tech. Supplement V",C-3,Osoyoos Lake,6,OCTOBER,1971-10-17,5,HCO3,138.0,mg/L,,FALSE,FALSE,138
"CA-BC Okanagan Basin Agreement 1974, Tech. Supplement V",C-3,Osoyoos Lake,6,OCTOBER,1971-10-17,5,SO4,28.1,mg/L,,FALSE,FALSE,28.1
"CA-BC Okanagan Basin Agreement 1974, Tech. Supplement V",C-3,Osoyoos Lake,6,OCTOBER,1971-10-17,5,Cl,1.6,mg/L,,FALSE,FALSE,1.6
"CA-BC Okanagan Basin Agreement 1974, Tech. Supplement V",C-3,Osoyoos Lake,6,OCTOBER,1971-10-17,5,F,0.25,mg/L,,FALSE,FALSE,0.25
"CA-BC Okanagan Basin Agreement 1974, Tech. Supplement V",C-3,Osoyoos Lake,6,OCTOBER,1971-10-17,10,HCO3,138.0,mg/L,,FALSE,FALSE,138
"CA-BC Okanagan Basin Agreement 1974, Tech. Supplement V",C-3,Osoyoos Lake,6,OCTOBER,1971-10-17,10,SO4,28.6,mg/L,,FALSE,FALSE,28.6
"CA-BC Okanagan Basin Agreement 1974, Tech. Supplement V",C-3,Osoyoos Lake,6,OCTOBER,1971-10-17,10,Cl,1.5,mg/L,,FALSE,FALSE,1.5
"CA-BC Okanagan Basin Agreement 1974, Tech. Supplement V",C-3,Osoyoos Lake,6,OCTOBER,1971-10-17,10,F,0.25,mg/L,,FALSE,FALSE,0.25
"CA-BC Okanagan Basin Agreement 1974, Tech. Supplement V",C-3,Osoyoos Lake,6,OCTOBER,1971-10-17,22,HCO3,140.0,mg/L,,FALSE,FALSE,140
"CA-BC Okanagan Basin Agreement 1974, Tech. Supplement V",C-3,Osoyoos Lake,6,OCTOBER,1971-10-17,22,SO4,28.6,mg/L,,FALSE,FALSE,28.6
"CA-BC Okanagan Basin Agreement 1974, Tech. Supplement V",C-3,Osoyoos Lake,6,OCTOBER,1971-10-17,22,Cl,1.5,mg/L,,FALSE,FALSE,1.5
"CA-BC Okanagan Basin Agreement 1974, Tech. Supplement V",C-3,Osoyoos Lake,6,OCTOBER,1971-10-17,22,F,0.25,mg/L,,FALSE,FALSE,0.25
